subscription_key,customer_key,partner_id,channel,term_type,opened_date,register_quantity,register_status,register_status_date,register_as_of_date
S00001,C00001,P1,partner,annual,2026-01-10,3,active,2026-01-10,2026-06-30
S00002,C00002,P1,partner,annual,2025-09-20,8,active,2025-09-20,2026-06-30
S00003,C00003,P1,partner,annual,2026-03-22,5,active,2026-03-22,2026-06-30
S00004,C00004,P2,partner,monthly,2026-04-24,10,active,2026-04-24,2026-06-30
S00005,C00005,P2,partner,annual,2026-04-23,12,active,2026-04-23,2026-06-30
S00006,C00006,P1,partner,annual,2025-03-12,3,active,2025-03-12,2026-06-30
S00007,C00007,P1,partner,annual,2026-02-13,15,active,2026-02-13,2026-06-30
S00008,C00008,P1,partner,annual,2025-10-28,10,active,2025-10-28,2026-06-30
S00009,C00009,P1,partner,annual,2026-06-18,25,active,2026-06-18,2026-06-30
S00010,C00010,DIRECT,direct,annual,2026-06-18,389,active,2026-06-18,2026-06-30
S00011,C00011,P1,partner,annual,2026-01-23,9,active,2026-01-23,2026-06-30
S00012,C00012,P2,partner,annual,2025-02-22,0,cancelled,2025-06-23,2026-06-30
S00013,C00013,P1,partner,annual,2025-05-30,3,active,2025-05-30,2026-06-30
S00014,C00014,P1,partner,annual,2024-07-05,0,cancelled,2026-05-23,2026-06-30
S00015,C00015,P1,partner,annual,2025-11-27,5,active,2025-11-27,2026-06-30
S00016,C00015,P1,partner,annual,2026-02-14,10,active,2026-02-14,2026-06-30
S00017,C00016,P1,partner,annual,2026-06-25,6,active,2026-06-25,2026-06-30
S00018,C00017,P3,partner,annual,2024-11-20,4,active,2024-11-20,2026-06-30
S00019,C00018,P1,partner,annual,2025-11-26,2,active,2025-11-26,2026-06-30
S00020,C00019,P2,partner,monthly,2025-07-18,9,active,2025-07-18,2026-06-30
S00021,C00020,P1,partner,annual,2025-11-11,3,active,2025-11-11,2026-06-30
S00022,C00021,P2,partner,monthly,2025-08-11,4,active,2025-08-11,2026-06-30
S00023,C00022,P1,partner,annual,2025-08-18,9,active,2025-08-18,2026-06-30
S00024,C00022,P1,partner,annual,2026-02-16,40,active,2026-02-16,2026-06-30
S00025,C00023,P1,partner,monthly,2024-09-13,6,active,2024-09-13,2026-06-30
S00026,C00024,P1,partner,annual,2025-11-24,6,active,2025-11-24,2026-06-30
S00027,C00025,P2,partner,annual,2025-04-26,0,cancelled,2025-11-26,2026-06-30
S00028,C00026,P3,partner,annual,2026-03-01,11,active,2026-03-01,2026-06-30
S00029,C00027,P1,partner,annual,2026-03-17,5,active,2026-03-17,2026-06-30
S00030,C00028,P2,partner,annual,2025-11-05,9,active,2025-11-05,2026-06-30
S00031,C00029,P2,partner,annual,2025-03-25,9,active,2025-03-25,2026-06-30
S00032,C00030,P1,partner,annual,2026-03-30,4,active,2026-03-30,2026-06-30
S00033,C00031,P3,partner,annual,2025-03-28,4,active,2025-03-28,2026-06-30
S00034,C00032,P2,partner,annual,2025-09-25,6,active,2025-09-25,2026-06-30
S00035,C00033,P2,partner,annual,2026-02-20,6,active,2026-02-20,2026-06-30
S00036,C00034,P1,partner,annual,2024-09-29,0,cancelled,2025-06-06,2026-06-30
S00037,C00035,P1,partner,monthly,2025-10-02,9,active,2025-10-02,2026-06-30
S00038,C00035,P1,partner,monthly,2026-02-28,4,active,2026-02-28,2026-06-30
S00039,C00036,P2,partner,annual,2026-04-19,15,active,2026-04-19,2026-06-30
S00040,C00037,P1,partner,annual,2024-08-25,0,cancelled,2024-08-27,2026-06-30
S00041,C00038,P3,partner,annual,2026-05-12,10,active,2026-05-12,2026-06-30
S00042,C00039,P2,partner,annual,2024-11-02,19,active,2024-11-02,2026-06-30
S00043,C00039,P2,partner,annual,2026-03-31,13,active,2026-03-31,2026-06-30
S00044,C00040,P2,partner,annual,2025-12-16,3,active,2025-12-16,2026-06-30
S00045,C00041,P3,partner,monthly,2025-04-30,3,active,2025-04-30,2026-06-30
S00046,C00042,P1,partner,annual,2025-03-02,22,active,2025-03-02,2026-06-30
S00047,C00043,P3,partner,monthly,2025-03-06,9,active,2025-03-06,2026-06-30
S00048,C00044,P2,partner,annual,2024-12-03,0,cancelled,2025-03-24,2026-06-30
S00049,C00044,P2,partner,annual,2026-04-26,3,active,2026-04-26,2026-06-30
S00050,C00045,P2,partner,monthly,2025-12-06,13,active,2025-12-06,2026-06-30
S00051,C00046,P1,partner,monthly,2024-08-07,0,cancelled,2025-10-28,2026-06-30
S00052,C00047,P2,partner,annual,2024-11-14,0,cancelled,2025-07-27,2026-06-30
S00053,C00048,P1,partner,monthly,2026-03-05,16,active,2026-03-05,2026-06-30
S00054,C00049,P3,partner,annual,2024-09-16,32,active,2024-09-16,2026-06-30
S00055,C00050,DIRECT,direct,annual,2024-07-01,207,active,2024-07-01,2026-06-30
S00056,C00051,P1,partner,annual,2025-02-18,2,active,2025-02-18,2026-06-30
S00057,C00051,P1,partner,monthly,2025-04-24,6,active,2025-04-24,2026-06-30
S00058,C00052,P1,partner,monthly,2025-04-30,5,active,2025-04-30,2026-06-30
S00059,C00053,P2,partner,monthly,2025-02-20,4,active,2025-02-20,2026-06-30
S00060,C00054,P2,partner,annual,2025-06-30,4,active,2025-06-30,2026-06-30
S00061,C00055,P1,partner,monthly,2024-11-10,38,active,2024-11-10,2026-06-30
S00062,C00056,P1,partner,annual,2026-06-18,10,active,2026-06-18,2026-06-30
S00063,C00057,P1,partner,monthly,2026-02-23,6,active,2026-02-23,2026-06-30
S00064,C00058,P2,partner,annual,2026-02-27,27,active,2026-02-27,2026-06-30
S00065,C00059,P1,partner,annual,2024-10-30,36,active,2024-10-30,2026-06-30
S00066,C00059,P1,partner,monthly,2025-10-15,21,active,2025-10-15,2026-06-30
S00067,C00060,DIRECT,direct,annual,2025-06-28,469,active,2025-06-28,2026-06-30
S00068,C00061,P2,partner,annual,2026-06-28,7,active,2026-06-28,2026-06-30
S00069,C00062,P2,partner,monthly,2026-01-24,8,active,2026-01-24,2026-06-30
S00070,C00063,P1,partner,monthly,2025-05-03,5,active,2025-05-03,2026-06-30
S00071,C00063,P1,partner,monthly,2025-07-29,0,cancelled,2026-05-16,2026-06-30
S00072,C00064,P2,partner,monthly,2025-07-22,0,cancelled,2026-06-05,2026-06-30
S00073,C00065,P1,partner,monthly,2024-08-04,0,cancelled,2026-03-11,2026-06-30
S00074,C00066,P1,partner,annual,2025-01-20,20,active,2025-01-20,2026-06-30
S00075,C00067,P1,partner,monthly,2026-04-06,5,active,2026-04-06,2026-06-30
S00076,C00067,P1,partner,monthly,2026-06-29,3,active,2026-06-29,2026-06-30
S00077,C00068,P1,partner,monthly,2025-02-05,28,active,2025-02-05,2026-06-30
S00078,C00069,P2,partner,annual,2025-07-16,10,active,2025-07-16,2026-06-30
S00079,C00070,DIRECT,direct,annual,2025-12-23,171,active,2025-12-23,2026-06-30
S00080,C00071,P2,partner,monthly,2024-08-06,3,active,2024-08-06,2026-06-30
S00081,C00072,P1,partner,annual,2026-06-16,3,active,2026-06-16,2026-06-30
S00082,C00073,P1,partner,annual,2025-10-20,7,active,2025-10-20,2026-06-30
S00083,C00073,P1,partner,annual,2026-05-26,15,active,2026-05-26,2026-06-30
S00084,C00074,P2,partner,monthly,2025-10-25,12,active,2025-10-25,2026-06-30
S00085,C00075,P1,partner,monthly,2026-03-15,12,active,2026-03-15,2026-06-30
S00086,C00076,P1,partner,monthly,2025-07-08,4,active,2025-07-08,2026-06-30
S00087,C00077,P1,partner,annual,2025-11-27,3,active,2025-11-27,2026-06-30
S00088,C00078,P1,partner,annual,2025-05-08,9,active,2025-05-08,2026-06-30
S00089,C00079,P3,partner,annual,2026-01-23,2,active,2026-01-23,2026-06-30
S00090,C00080,P1,partner,annual,2025-08-12,2,active,2025-08-12,2026-06-30
S00091,C00080,P1,partner,annual,2026-01-29,19,active,2026-01-29,2026-06-30
S00092,C00081,P1,partner,monthly,2024-08-02,1,active,2024-08-02,2026-06-30
S00093,C00082,P3,partner,monthly,2025-09-07,16,active,2025-09-07,2026-06-30
S00094,C00082,P3,partner,annual,2025-10-24,14,active,2025-10-24,2026-06-30
S00095,C00083,P1,partner,annual,2025-12-06,17,active,2025-12-06,2026-06-30
S00096,C00084,P1,partner,annual,2026-03-16,20,active,2026-03-16,2026-06-30
S00097,C00085,P2,partner,monthly,2024-10-24,21,active,2024-10-24,2026-06-30
S00098,C00086,P3,partner,monthly,2025-05-01,8,active,2025-05-01,2026-06-30
S00099,C00086,P3,partner,annual,2026-05-01,16,active,2026-05-01,2026-06-30
S00100,C00087,P1,partner,annual,2026-03-24,18,active,2026-03-24,2026-06-30
S00101,C00088,P3,partner,annual,2026-05-19,19,active,2026-05-19,2026-06-30
S00102,C00089,P3,partner,annual,2025-03-26,3,active,2025-03-26,2026-06-30
S00103,C00090,P1,partner,monthly,2026-01-19,34,active,2026-01-19,2026-06-30
S00104,C00090,P1,partner,monthly,2026-06-03,14,active,2026-06-03,2026-06-30
S00105,C00091,P1,partner,annual,2026-05-12,8,active,2026-05-12,2026-06-30
S00106,C00091,P1,partner,annual,2026-06-22,14,active,2026-06-22,2026-06-30
S00107,C00092,P1,partner,monthly,2024-09-18,4,active,2024-09-18,2026-06-30
S00108,C00093,P2,partner,annual,2026-01-03,12,active,2026-01-03,2026-06-30
S00109,C00093,P2,partner,monthly,2026-06-01,31,active,2026-06-01,2026-06-30
S00110,C00094,P1,partner,monthly,2024-08-04,2,active,2024-08-04,2026-06-30
S00111,C00095,P3,partner,annual,2026-03-03,36,active,2026-03-03,2026-06-30
S00112,C00096,P3,partner,annual,2025-11-11,3,active,2025-11-11,2026-06-30
S00113,C00097,P3,partner,monthly,2024-07-24,0,cancelled,2024-08-05,2026-06-30
S00114,C00098,P1,partner,monthly,2026-06-26,16,active,2026-06-26,2026-06-30
S00115,C00099,P1,partner,annual,2025-11-18,5,active,2025-11-18,2026-06-30
S00116,C00100,P3,partner,annual,2024-12-24,5,active,2024-12-24,2026-06-30
S00117,C00101,P1,partner,annual,2025-12-13,10,active,2025-12-13,2026-06-30
S00118,C00102,P3,partner,monthly,2026-03-17,17,active,2026-03-17,2026-06-30
S00119,C00103,P1,partner,monthly,2025-03-09,8,active,2025-03-09,2026-06-30
S00120,C00104,P1,partner,annual,2024-11-04,0,cancelled,2025-09-17,2026-06-30
S00121,C00105,P2,partner,monthly,2024-10-23,0,cancelled,2024-12-10,2026-06-30
S00122,C00106,P1,partner,annual,2024-07-22,40,active,2024-07-22,2026-06-30
S00123,C00107,P1,partner,annual,2026-02-04,13,active,2026-02-04,2026-06-30
S00124,C00108,P2,partner,annual,2025-04-29,0,cancelled,2025-11-08,2026-06-30
S00125,C00109,P2,partner,annual,2026-01-24,9,active,2026-01-24,2026-06-30
S00126,C00110,P1,partner,monthly,2025-01-06,5,active,2025-01-06,2026-06-30
S00127,C00111,P1,partner,annual,2026-02-08,2,active,2026-02-08,2026-06-30
S00128,C00111,P1,partner,annual,2026-04-10,16,active,2026-04-10,2026-06-30
S00129,C00112,P2,partner,monthly,2026-05-22,24,active,2026-05-22,2026-06-30
S00130,C00113,P3,partner,monthly,2024-07-31,21,active,2024-07-31,2026-06-30
S00131,C00114,P1,partner,annual,2024-11-24,3,active,2024-11-24,2026-06-30
S00132,C00115,P1,partner,monthly,2025-04-10,5,active,2025-04-10,2026-06-30
S00133,C00116,P2,partner,annual,2025-11-14,11,active,2025-11-14,2026-06-30
S00134,C00117,P3,partner,annual,2026-05-14,1,active,2026-05-14,2026-06-30
S00135,C00118,P2,partner,annual,2026-05-08,33,active,2026-05-08,2026-06-30
S00136,C00119,P2,partner,annual,2026-03-09,5,active,2026-03-09,2026-06-30
S00137,C00120,P2,partner,monthly,2026-01-06,21,active,2026-01-06,2026-06-30
S00138,C00120,P2,partner,annual,2026-04-17,4,active,2026-04-17,2026-06-30
S00139,C00121,P1,partner,monthly,2026-04-03,7,active,2026-04-03,2026-06-30
S00140,C00122,P1,partner,annual,2025-04-12,0,cancelled,2026-06-16,2026-06-30
S00141,C00123,P1,partner,annual,2024-12-04,6,active,2024-12-04,2026-06-30
S00142,C00124,P1,partner,annual,2024-07-30,8,active,2024-07-30,2026-06-30
S00143,C00124,P1,partner,annual,2025-02-19,7,active,2025-02-19,2026-06-30
S00144,C00125,P1,partner,monthly,2025-06-21,0,cancelled,2025-09-24,2026-06-30
S00145,C00126,P1,partner,monthly,2026-03-24,11,active,2026-03-24,2026-06-30
S00146,C00127,P1,partner,monthly,2025-02-16,7,active,2025-02-16,2026-06-30
S00147,C00128,P2,partner,annual,2025-05-31,12,active,2025-05-31,2026-06-30
S00148,C00129,DIRECT,direct,annual,2025-01-24,157,active,2025-01-24,2026-06-30
S00149,C00130,P1,partner,annual,2025-07-01,6,active,2025-07-01,2026-06-30
S00150,C00131,P1,partner,annual,2024-08-02,0,cancelled,2025-11-22,2026-06-30
S00151,C00132,P3,partner,monthly,2024-12-13,0,cancelled,2026-03-08,2026-06-30
S00152,C00133,P1,partner,annual,2025-07-29,20,active,2025-07-29,2026-06-30
S00153,C00134,P1,partner,annual,2025-05-03,7,active,2025-05-03,2026-06-30
S00154,C00135,P1,partner,monthly,2024-10-30,2,active,2024-10-30,2026-06-30
S00155,C00136,P1,partner,monthly,2026-06-19,7,active,2026-06-19,2026-06-30
S00156,C00137,P3,partner,monthly,2025-02-16,0,cancelled,2025-08-28,2026-06-30
S00157,C00138,P1,partner,annual,2026-05-30,7,active,2026-05-30,2026-06-30
S00158,C00139,P2,partner,annual,2025-12-11,4,active,2025-12-11,2026-06-30
S00159,C00140,P2,partner,annual,2024-11-10,5,active,2024-11-10,2026-06-30
S00160,C00141,P1,partner,annual,2024-08-20,20,active,2024-08-20,2026-06-30
S00161,C00142,P1,partner,annual,2025-06-26,1,active,2025-06-26,2026-06-30
S00162,C00143,P2,partner,annual,2024-10-17,0,cancelled,2026-03-14,2026-06-30
S00163,C00144,P2,partner,monthly,2025-07-20,0,cancelled,2025-11-14,2026-06-30
S00164,C00145,P1,partner,monthly,2026-03-05,10,active,2026-03-05,2026-06-30
S00165,C00146,P2,partner,monthly,2025-06-08,4,active,2025-06-08,2026-06-30
S00166,C00147,P2,partner,monthly,2025-02-24,3,active,2025-02-24,2026-06-30
S00167,C00148,P1,partner,monthly,2026-04-26,2,active,2026-04-26,2026-06-30
S00168,C00149,P1,partner,monthly,2025-04-19,6,active,2025-04-19,2026-06-30
S00169,C00150,P1,partner,annual,2024-10-03,5,active,2024-10-03,2026-06-30
S00170,C00151,P1,partner,annual,2024-09-19,12,active,2024-09-19,2026-06-30
S00171,C00152,P1,partner,monthly,2024-08-09,16,active,2024-08-09,2026-06-30
S00172,C00152,P1,partner,monthly,2026-06-14,10,active,2026-06-14,2026-06-30
S00173,C00153,P2,partner,annual,2024-11-12,3,active,2024-11-12,2026-06-30
S00174,C00154,P3,partner,monthly,2024-09-15,3,active,2024-09-15,2026-06-30
S00175,C00155,P2,partner,monthly,2024-09-16,9,active,2024-09-16,2026-06-30
S00176,C00156,P3,partner,monthly,2025-07-02,3,active,2025-07-02,2026-06-30
S00177,C00157,P2,partner,monthly,2025-04-21,5,active,2025-04-21,2026-06-30
S00178,C00158,P2,partner,annual,2025-05-11,6,active,2025-05-11,2026-06-30
S00179,C00159,P1,partner,annual,2026-04-12,7,active,2026-04-12,2026-06-30
S00180,C00160,P1,partner,monthly,2026-06-11,7,active,2026-06-11,2026-06-30
S00181,C00161,P1,partner,annual,2024-10-14,10,active,2024-10-14,2026-06-30
S00182,C00162,P2,partner,annual,2024-07-21,5,active,2024-07-21,2026-06-30
S00183,C00163,P2,partner,annual,2024-11-29,29,active,2024-11-29,2026-06-30
S00184,C00164,P1,partner,monthly,2024-11-20,3,active,2024-11-20,2026-06-30
S00185,C00165,P1,partner,annual,2025-08-16,5,active,2025-08-16,2026-06-30
S00186,C00165,P1,partner,annual,2026-06-26,8,active,2026-06-26,2026-06-30
S00187,C00166,P1,partner,monthly,2025-04-09,7,active,2025-04-09,2026-06-30
S00188,C00167,P1,partner,monthly,2025-05-18,21,active,2025-05-18,2026-06-30
S00189,C00168,P2,partner,annual,2025-07-31,3,active,2025-07-31,2026-06-30
S00190,C00169,P2,partner,monthly,2025-08-06,12,active,2025-08-06,2026-06-30
S00191,C00170,P1,partner,annual,2025-12-29,38,active,2025-12-29,2026-06-30
S00192,C00171,P2,partner,monthly,2024-07-23,14,active,2024-07-23,2026-06-30
S00193,C00172,DIRECT,direct,annual,2025-11-07,367,active,2025-11-07,2026-06-30
S00194,C00173,P2,partner,annual,2026-06-11,4,active,2026-06-11,2026-06-30
S00195,C00174,P2,partner,monthly,2026-01-17,4,active,2026-01-17,2026-06-30
S00196,C00175,P1,partner,annual,2025-08-10,10,active,2025-08-10,2026-06-30
S00197,C00176,P1,partner,annual,2026-06-09,15,active,2026-06-09,2026-06-30
S00198,C00177,P1,partner,annual,2024-10-04,0,cancelled,2025-07-22,2026-06-30
S00199,C00178,P1,partner,annual,2026-04-25,3,active,2026-04-25,2026-06-30
S00200,C00179,P1,partner,annual,2025-09-13,51,active,2025-09-13,2026-06-30
S00201,C00180,P1,partner,annual,2026-05-20,50,active,2026-05-20,2026-06-30
S00202,C00181,P2,partner,monthly,2024-12-16,16,active,2024-12-16,2026-06-30
S00203,C00182,P1,partner,annual,2026-02-01,3,active,2026-02-01,2026-06-30
S00204,C00183,P1,partner,monthly,2024-07-24,7,active,2024-07-24,2026-06-30
S00205,C00184,P3,partner,monthly,2026-05-26,4,active,2026-05-26,2026-06-30
S00206,C00185,P1,partner,monthly,2025-03-28,3,active,2025-03-28,2026-06-30
S00207,C00186,P2,partner,monthly,2026-06-27,2,active,2026-06-27,2026-06-30
S00208,C00187,P2,partner,monthly,2025-06-07,24,active,2025-06-07,2026-06-30
S00209,C00188,P2,partner,monthly,2024-08-27,16,active,2024-08-27,2026-06-30
S00210,C00188,P2,partner,annual,2026-06-03,29,active,2026-06-03,2026-06-30
S00211,C00189,P1,partner,monthly,2024-11-08,5,active,2024-11-08,2026-06-30
S00212,C00190,P2,partner,annual,2026-01-13,9,active,2026-01-13,2026-06-30
S00213,C00191,DIRECT,direct,annual,2026-04-24,383,active,2026-04-24,2026-06-30
S00214,C00192,DIRECT,direct,annual,2026-01-25,144,active,2026-01-25,2026-06-30
S00215,C00193,P1,partner,monthly,2025-10-21,15,active,2025-10-21,2026-06-30
S00216,C00194,P2,partner,annual,2026-05-05,5,active,2026-05-05,2026-06-30
S00217,C00195,P2,partner,annual,2026-06-05,6,active,2026-06-05,2026-06-30
S00218,C00196,P2,partner,monthly,2025-05-30,1,active,2025-05-30,2026-06-30
S00219,C00197,P2,partner,monthly,2025-04-26,9,active,2025-04-26,2026-06-30
S00220,C00198,P1,partner,annual,2025-09-03,4,active,2025-09-03,2026-06-30
S00221,C00199,P1,partner,monthly,2025-04-26,0,cancelled,2026-03-04,2026-06-30
S00222,C00200,P1,partner,annual,2026-03-06,8,active,2026-03-06,2026-06-30
S00223,C00201,P1,partner,monthly,2025-11-02,17,active,2025-11-02,2026-06-30
S00224,C00202,P1,partner,monthly,2026-05-28,4,active,2026-05-28,2026-06-30
S00225,C00203,P1,partner,annual,2024-09-23,10,active,2024-09-23,2026-06-30
S00226,C00204,P1,partner,monthly,2025-10-20,12,active,2025-10-20,2026-06-30
S00227,C00205,P1,partner,annual,2025-06-25,13,active,2025-06-25,2026-06-30
S00228,C00205,P1,partner,annual,2025-12-17,6,active,2025-12-17,2026-06-30
S00229,C00206,P3,partner,monthly,2025-03-07,72,active,2025-03-07,2026-06-30
S00230,C00207,P1,partner,annual,2026-02-09,6,active,2026-02-09,2026-06-30
S00231,C00208,P1,partner,monthly,2025-03-01,17,active,2025-03-01,2026-06-30
S00232,C00209,DIRECT,direct,monthly,2026-05-09,110,active,2026-05-09,2026-06-30
S00233,C00210,P3,partner,monthly,2025-10-05,16,active,2025-10-05,2026-06-30
S00234,C00211,P1,partner,annual,2025-08-30,8,active,2025-08-30,2026-06-30
S00235,C00212,DIRECT,direct,monthly,2026-03-24,628,active,2026-03-24,2026-06-30
S00236,C00213,P1,partner,annual,2024-11-26,6,active,2024-11-26,2026-06-30
S00237,C00214,P1,partner,annual,2025-01-18,33,active,2025-01-18,2026-06-30
S00238,C00215,P1,partner,annual,2025-08-13,2,active,2025-08-13,2026-06-30
S00239,C00216,P1,partner,monthly,2025-07-10,8,active,2025-07-10,2026-06-30
S00240,C00217,P2,partner,monthly,2025-04-26,16,active,2025-04-26,2026-06-30
S00241,C00217,P2,partner,annual,2026-06-28,14,active,2026-06-28,2026-06-30
S00242,C00218,P2,partner,annual,2025-06-06,15,active,2025-06-06,2026-06-30
S00243,C00219,P1,partner,annual,2026-05-13,8,active,2026-05-13,2026-06-30
S00244,C00220,P2,partner,monthly,2024-12-12,1,active,2024-12-12,2026-06-30
S00245,C00221,P2,partner,annual,2026-06-27,14,active,2026-06-27,2026-06-30
S00246,C00222,DIRECT,direct,annual,2025-08-11,0,cancelled,2025-11-29,2026-06-30
S00247,C00223,P3,partner,monthly,2025-12-23,0,cancelled,2025-12-24,2026-06-30
S00248,C00223,P3,partner,monthly,2026-06-24,9,active,2026-06-24,2026-06-30
S00249,C00224,P3,partner,monthly,2026-05-15,11,active,2026-05-15,2026-06-30
S00250,C00225,P1,partner,annual,2025-06-27,6,active,2025-06-27,2026-06-30
S00251,C00226,P1,partner,annual,2026-04-08,2,active,2026-04-08,2026-06-30
S00252,C00227,P1,partner,annual,2026-02-23,5,active,2026-02-23,2026-06-30
S00253,C00228,P2,partner,annual,2025-07-29,0,cancelled,2026-01-03,2026-06-30
S00254,C00229,P1,partner,monthly,2025-11-15,9,active,2025-11-15,2026-06-30
S00255,C00230,P1,partner,annual,2026-01-06,1,active,2026-01-06,2026-06-30
S00256,C00230,P1,partner,annual,2026-03-09,8,active,2026-03-09,2026-06-30
S00257,C00231,P2,partner,annual,2025-06-09,3,active,2025-06-09,2026-06-30
S00258,C00232,P2,partner,annual,2026-02-27,2,active,2026-02-27,2026-06-30
S00259,C00233,P2,partner,annual,2024-07-13,6,active,2024-07-13,2026-06-30
S00260,C00234,P2,partner,monthly,2025-12-30,13,active,2025-12-30,2026-06-30
S00261,C00235,DIRECT,direct,annual,2024-11-22,0,cancelled,2025-12-17,2026-06-30
S00262,C00235,DIRECT,direct,annual,2026-03-28,62,active,2026-03-28,2026-06-30
S00263,C00236,P2,partner,monthly,2026-01-14,2,active,2026-01-14,2026-06-30
S00264,C00237,P1,partner,monthly,2025-03-31,0,cancelled,2025-08-18,2026-06-30
S00265,C00237,P1,partner,annual,2026-01-03,7,active,2026-01-03,2026-06-30
S00266,C00238,P2,partner,annual,2024-11-07,0,cancelled,2025-05-18,2026-06-30
S00267,C00239,P2,partner,annual,2025-08-07,3,active,2025-08-07,2026-06-30
S00268,C00240,P1,partner,annual,2025-02-27,32,active,2025-02-27,2026-06-30
S00269,C00240,P1,partner,annual,2026-05-20,9,active,2026-05-20,2026-06-30
S00270,C00241,DIRECT,direct,annual,2025-10-01,101,active,2025-10-01,2026-06-30
S00271,C00242,P3,partner,monthly,2026-02-02,14,active,2026-02-02,2026-06-30
S00272,C00243,P1,partner,monthly,2025-01-16,6,active,2025-01-16,2026-06-30
S00273,C00244,P1,partner,annual,2025-08-22,6,active,2025-08-22,2026-06-30
S00274,C00245,P2,partner,monthly,2025-12-25,2,active,2025-12-25,2026-06-30
S00275,C00246,P1,partner,annual,2025-09-18,1,active,2025-09-18,2026-06-30
S00276,C00247,P1,partner,annual,2024-10-30,47,active,2024-10-30,2026-06-30
S00277,C00248,P1,partner,annual,2026-02-16,19,active,2026-02-16,2026-06-30
S00278,C00249,P2,partner,monthly,2025-10-29,12,active,2025-10-29,2026-06-30
S00279,C00250,P1,partner,monthly,2024-09-04,4,active,2024-09-04,2026-06-30
S00280,C00251,P3,partner,monthly,2026-04-17,2,active,2026-04-17,2026-06-30
S00281,C00252,P1,partner,monthly,2026-04-05,2,active,2026-04-05,2026-06-30
S00282,C00253,P1,partner,monthly,2024-08-15,19,active,2024-08-15,2026-06-30
S00283,C00254,P1,partner,annual,2024-12-16,0,cancelled,2025-03-30,2026-06-30
S00284,C00255,P3,partner,annual,2025-07-06,15,active,2025-07-06,2026-06-30
S00285,C00256,P1,partner,annual,2024-08-04,13,active,2024-08-04,2026-06-30
S00286,C00257,P1,partner,annual,2025-02-01,0,cancelled,2025-07-22,2026-06-30
S00287,C00257,P1,partner,monthly,2026-02-20,0,cancelled,2026-06-25,2026-06-30
S00288,C00258,P2,partner,annual,2025-05-05,18,active,2025-05-05,2026-06-30
S00289,C00259,P1,partner,annual,2025-04-29,7,active,2025-04-29,2026-06-30
S00290,C00260,P2,partner,monthly,2025-02-09,4,active,2025-02-09,2026-06-30
S00291,C00261,P2,partner,annual,2026-01-26,5,active,2026-01-26,2026-06-30
S00292,C00262,P2,partner,annual,2026-05-24,28,active,2026-05-24,2026-06-30
S00293,C00263,P3,partner,monthly,2025-04-27,3,active,2025-04-27,2026-06-30
S00294,C00264,P1,partner,annual,2025-11-06,30,active,2025-11-06,2026-06-30
S00295,C00265,P2,partner,monthly,2025-01-07,0,cancelled,2026-06-16,2026-06-30
S00296,C00266,P1,partner,annual,2025-04-19,0,cancelled,2025-05-29,2026-06-30
S00297,C00267,P3,partner,annual,2025-08-14,18,active,2025-08-14,2026-06-30
S00298,C00268,P2,partner,monthly,2025-01-28,0,cancelled,2026-06-07,2026-06-30
S00299,C00268,P2,partner,monthly,2025-07-04,5,active,2025-07-04,2026-06-30
S00300,C00269,P3,partner,annual,2025-11-04,10,active,2025-11-04,2026-06-30
S00301,C00270,P1,partner,annual,2026-05-05,37,active,2026-05-05,2026-06-30
S00302,C00271,P1,partner,monthly,2024-10-25,0,cancelled,2026-05-02,2026-06-30
S00303,C00272,P2,partner,annual,2025-08-02,34,active,2025-08-02,2026-06-30
S00304,C00273,P1,partner,annual,2024-09-11,15,active,2024-09-11,2026-06-30
S00305,C00274,P1,partner,monthly,2025-06-24,0,cancelled,2025-07-14,2026-06-30
S00306,C00275,P2,partner,annual,2025-10-14,1,active,2025-10-14,2026-06-30
S00307,C00276,P1,partner,annual,2025-03-07,15,active,2025-03-07,2026-06-30
S00308,C00277,P2,partner,annual,2026-05-27,6,active,2026-05-27,2026-06-30
S00309,C00278,P2,partner,annual,2025-06-26,0,cancelled,2026-06-20,2026-06-30
S00310,C00279,P1,partner,annual,2024-09-21,7,active,2024-09-21,2026-06-30
S00311,C00280,P1,partner,monthly,2025-11-08,2,active,2025-11-08,2026-06-30
S00312,C00281,P1,partner,monthly,2025-08-25,4,active,2025-08-25,2026-06-30
S00313,C00282,P1,partner,annual,2025-10-05,70,active,2025-10-05,2026-06-30
S00314,C00283,P1,partner,annual,2025-10-11,3,active,2025-10-11,2026-06-30
S00315,C00284,P1,partner,annual,2025-06-10,5,active,2025-06-10,2026-06-30
S00316,C00285,P2,partner,annual,2024-10-19,2,active,2024-10-19,2026-06-30
S00317,C00286,P2,partner,annual,2025-09-07,13,active,2025-09-07,2026-06-30
S00318,C00287,P1,partner,annual,2026-02-21,8,active,2026-02-21,2026-06-30
S00319,C00288,P1,partner,annual,2026-03-13,4,active,2026-03-13,2026-06-30
S00320,C00288,P1,partner,monthly,2026-04-20,5,active,2026-04-20,2026-06-30
S00321,C00289,P1,partner,annual,2025-03-21,0,cancelled,2025-05-03,2026-06-30
S00322,C00290,P2,partner,monthly,2024-09-10,17,active,2024-09-10,2026-06-30
S00323,C00291,P1,partner,annual,2024-10-24,9,active,2024-10-24,2026-06-30
S00324,C00292,P1,partner,annual,2024-10-01,23,active,2024-10-01,2026-06-30
S00325,C00293,P1,partner,monthly,2025-07-30,10,active,2025-07-30,2026-06-30
S00326,C00294,P1,partner,monthly,2025-01-29,26,active,2025-01-29,2026-06-30
S00327,C00295,P1,partner,monthly,2025-02-14,2,active,2025-02-14,2026-06-30
S00328,C00296,P2,partner,annual,2024-07-28,25,active,2024-07-28,2026-06-30
S00329,C00297,P1,partner,annual,2025-07-11,0,cancelled,2025-12-10,2026-06-30
S00330,C00298,P1,partner,monthly,2025-08-05,4,active,2025-08-05,2026-06-30
S00331,C00299,P3,partner,monthly,2024-07-04,0,cancelled,2025-01-31,2026-06-30
S00332,C00300,P1,partner,annual,2025-01-10,3,active,2025-01-10,2026-06-30
S00333,C00301,P3,partner,monthly,2025-06-22,12,active,2025-06-22,2026-06-30
S00334,C00302,P1,partner,annual,2026-01-04,2,active,2026-01-04,2026-06-30
S00335,C00303,P1,partner,annual,2025-06-30,12,active,2025-06-30,2026-06-30
S00336,C00304,DIRECT,direct,annual,2024-11-03,129,active,2024-11-03,2026-06-30
S00337,C00305,P1,partner,annual,2026-06-18,3,active,2026-06-18,2026-06-30
S00338,C00306,DIRECT,direct,annual,2026-06-09,457,active,2026-06-09,2026-06-30
S00339,C00307,P1,partner,monthly,2025-03-13,5,active,2025-03-13,2026-06-30
S00340,C00308,P1,partner,monthly,2026-01-21,3,active,2026-01-21,2026-06-30
S00341,C00309,DIRECT,direct,annual,2025-05-15,75,active,2025-05-15,2026-06-30
S00342,C00310,P2,partner,annual,2025-06-27,7,active,2025-06-27,2026-06-30
S00343,C00311,P1,partner,monthly,2025-11-17,5,active,2025-11-17,2026-06-30
S00344,C00312,P2,partner,monthly,2025-12-22,11,active,2025-12-22,2026-06-30
S00345,C00313,P2,partner,monthly,2024-09-14,95,active,2024-09-14,2026-06-30
S00346,C00314,P1,partner,annual,2024-12-22,16,active,2024-12-22,2026-06-30
S00347,C00314,P1,partner,annual,2025-05-14,5,active,2025-05-14,2026-06-30
S00348,C00315,DIRECT,direct,annual,2024-07-25,256,active,2024-07-25,2026-06-30
S00349,C00316,P1,partner,monthly,2024-11-30,8,active,2024-11-30,2026-06-30
S00350,C00317,P1,partner,monthly,2026-02-23,4,active,2026-02-23,2026-06-30
S00351,C00318,P2,partner,annual,2025-06-09,17,active,2025-06-09,2026-06-30
S00352,C00319,P2,partner,annual,2025-08-12,8,active,2025-08-12,2026-06-30
S00353,C00320,P1,partner,annual,2026-03-22,4,active,2026-03-22,2026-06-30
S00354,C00321,P2,partner,annual,2025-11-06,0,cancelled,2026-06-28,2026-06-30
S00355,C00321,P2,partner,annual,2025-12-19,18,active,2025-12-19,2026-06-30
S00356,C00322,P1,partner,monthly,2025-08-25,41,active,2025-08-25,2026-06-30
S00357,C00323,P1,partner,annual,2026-02-05,8,active,2026-02-05,2026-06-30
S00358,C00324,P2,partner,annual,2025-06-19,1,active,2025-06-19,2026-06-30
S00359,C00325,P2,partner,monthly,2024-09-06,11,active,2024-09-06,2026-06-30
S00360,C00326,P1,partner,annual,2025-07-05,17,active,2025-07-05,2026-06-30
S00361,C00327,P1,partner,monthly,2024-10-28,0,cancelled,2025-01-14,2026-06-30
S00362,C00327,P1,partner,annual,2026-01-02,40,active,2026-01-02,2026-06-30
S00363,C00328,P1,partner,monthly,2025-10-24,13,active,2025-10-24,2026-06-30
S00364,C00329,P1,partner,annual,2025-10-06,0,cancelled,2026-05-02,2026-06-30
S00365,C00330,P3,partner,annual,2025-09-22,7,active,2025-09-22,2026-06-30
S00366,C00331,P3,partner,annual,2024-11-07,22,active,2024-11-07,2026-06-30
S00367,C00332,P1,partner,monthly,2026-03-29,4,active,2026-03-29,2026-06-30
S00368,C00333,P1,partner,annual,2025-07-09,52,active,2025-07-09,2026-06-30
S00369,C00334,P1,partner,annual,2025-04-12,0,cancelled,2025-04-27,2026-06-30
S00370,C00335,P1,partner,annual,2025-04-26,0,cancelled,2025-08-26,2026-06-30
S00371,C00336,P2,partner,monthly,2026-04-06,17,active,2026-04-06,2026-06-30
S00372,C00337,P2,partner,annual,2026-04-24,5,active,2026-04-24,2026-06-30
S00373,C00338,P2,partner,monthly,2026-02-13,13,active,2026-02-13,2026-06-30
S00374,C00339,P3,partner,monthly,2025-06-30,5,active,2025-06-30,2026-06-30
S00375,C00340,P2,partner,monthly,2025-11-15,0,cancelled,2026-04-18,2026-06-30
S00376,C00340,P2,partner,annual,2026-05-07,8,active,2026-05-07,2026-06-30
S00377,C00341,P3,partner,annual,2025-11-13,7,active,2025-11-13,2026-06-30
S00378,C00342,P1,partner,monthly,2024-07-19,0,cancelled,2025-04-25,2026-06-30
S00379,C00343,P1,partner,monthly,2026-03-20,3,active,2026-03-20,2026-06-30
S00380,C00344,P1,partner,monthly,2026-02-23,8,active,2026-02-23,2026-06-30
S00381,C00345,P1,partner,monthly,2025-05-03,10,active,2025-05-03,2026-06-30
S00382,C00346,P2,partner,monthly,2026-06-09,10,active,2026-06-09,2026-06-30
S00383,C00347,DIRECT,direct,annual,2025-04-07,152,active,2025-04-07,2026-06-30
S00384,C00348,P1,partner,annual,2024-09-14,4,active,2024-09-14,2026-06-30
S00385,C00349,P1,partner,annual,2024-09-25,3,active,2024-09-25,2026-06-30
S00386,C00350,P1,partner,annual,2025-09-09,19,active,2025-09-09,2026-06-30
S00387,C00351,P3,partner,monthly,2025-07-13,5,active,2025-07-13,2026-06-30
S00388,C00351,P3,partner,annual,2025-12-21,8,active,2025-12-21,2026-06-30
S00389,C00352,P2,partner,annual,2026-06-20,7,active,2026-06-20,2026-06-30
S00390,C00353,P1,partner,annual,2025-09-05,8,active,2025-09-05,2026-06-30
S00391,C00354,P2,partner,annual,2026-01-08,2,active,2026-01-08,2026-06-30
S00392,C00355,P3,partner,monthly,2025-10-30,3,active,2025-10-30,2026-06-30
S00393,C00356,P2,partner,monthly,2025-02-06,9,active,2025-02-06,2026-06-30
S00394,C00357,P1,partner,annual,2025-09-20,10,active,2025-09-20,2026-06-30
S00395,C00358,P2,partner,monthly,2025-05-21,7,active,2025-05-21,2026-06-30
S00396,C00359,P1,partner,annual,2024-09-11,23,active,2024-09-11,2026-06-30
S00397,C00360,DIRECT,direct,annual,2025-03-04,240,active,2025-03-04,2026-06-30
S00398,C00361,P1,partner,annual,2025-09-14,64,active,2025-09-14,2026-06-30
S00399,C00362,P1,partner,monthly,2025-03-18,11,active,2025-03-18,2026-06-30
S00400,C00363,P2,partner,annual,2024-12-25,1,active,2024-12-25,2026-06-30
S00401,C00364,P1,partner,annual,2024-07-12,19,active,2024-07-12,2026-06-30
S00402,C00365,P1,partner,annual,2025-03-12,11,active,2025-03-12,2026-06-30
S00403,C00366,P1,partner,monthly,2025-10-16,1,active,2025-10-16,2026-06-30
S00404,C00367,P1,partner,monthly,2024-07-15,30,active,2024-07-15,2026-06-30
S00405,C00368,P1,partner,annual,2025-03-05,6,active,2025-03-05,2026-06-30
S00406,C00369,P1,partner,monthly,2024-07-16,2,active,2024-07-16,2026-06-30
S00407,C00370,P1,partner,annual,2025-02-08,17,active,2025-02-08,2026-06-30
S00408,C00371,P2,partner,annual,2025-03-04,48,active,2025-03-04,2026-06-30
S00409,C00371,P2,partner,annual,2026-03-22,2,active,2026-03-22,2026-06-30
S00410,C00372,P1,partner,monthly,2025-10-18,36,active,2025-10-18,2026-06-30
S00411,C00373,DIRECT,direct,monthly,2025-01-12,862,active,2025-01-12,2026-06-30
S00412,C00374,P2,partner,monthly,2024-09-03,13,active,2024-09-03,2026-06-30
S00413,C00375,P1,partner,annual,2025-06-15,8,active,2025-06-15,2026-06-30
S00414,C00376,P2,partner,annual,2024-08-07,0,cancelled,2024-09-23,2026-06-30
S00415,C00377,P3,partner,annual,2026-06-26,30,active,2026-06-26,2026-06-30
S00416,C00378,P2,partner,monthly,2026-04-13,13,active,2026-04-13,2026-06-30
S00417,C00379,P1,partner,monthly,2025-02-09,13,active,2025-02-09,2026-06-30
S00418,C00380,P1,partner,annual,2024-08-19,4,active,2024-08-19,2026-06-30
S00419,C00380,P1,partner,annual,2025-11-10,15,active,2025-11-10,2026-06-30
S00420,C00381,P1,partner,monthly,2025-10-28,5,active,2025-10-28,2026-06-30
S00421,C00382,P2,partner,monthly,2026-04-02,3,active,2026-04-02,2026-06-30
S00422,C00383,P1,partner,annual,2026-03-05,17,active,2026-03-05,2026-06-30
S00423,C00384,P1,partner,monthly,2025-05-31,4,active,2025-05-31,2026-06-30
S00424,C00385,P2,partner,annual,2025-10-25,10,active,2025-10-25,2026-06-30
S00425,C00386,P3,partner,annual,2025-09-27,4,active,2025-09-27,2026-06-30
S00426,C00387,P1,partner,monthly,2025-10-17,11,active,2025-10-17,2026-06-30
S00427,C00388,P2,partner,monthly,2024-07-10,2,active,2024-07-10,2026-06-30
S00428,C00389,P2,partner,monthly,2025-10-20,11,active,2025-10-20,2026-06-30
S00429,C00390,P2,partner,annual,2025-04-15,8,active,2025-04-15,2026-06-30
S00430,C00391,P1,partner,monthly,2025-01-06,17,active,2025-01-06,2026-06-30
S00431,C00392,P3,partner,monthly,2025-02-02,0,cancelled,2025-05-06,2026-06-30
S00432,C00393,P2,partner,annual,2024-10-11,1,active,2024-10-11,2026-06-30
S00433,C00394,P2,partner,annual,2025-01-02,11,active,2025-01-02,2026-06-30
S00434,C00395,P2,partner,monthly,2025-08-27,0,cancelled,2025-12-13,2026-06-30
S00435,C00396,P3,partner,monthly,2026-03-21,11,active,2026-03-21,2026-06-30
S00436,C00397,P1,partner,annual,2024-11-26,56,active,2024-11-26,2026-06-30
S00437,C00398,P1,partner,monthly,2024-07-16,3,active,2024-07-16,2026-06-30
S00438,C00399,P1,partner,monthly,2025-05-14,5,active,2025-05-14,2026-06-30
S00439,C00400,P1,partner,annual,2025-09-11,6,active,2025-09-11,2026-06-30
S00440,C00401,P1,partner,monthly,2025-01-28,0,cancelled,2025-04-21,2026-06-30
S00441,C00402,P1,partner,monthly,2024-11-27,1,active,2024-11-27,2026-06-30
S00442,C00403,P1,partner,monthly,2025-03-29,10,active,2025-03-29,2026-06-30
S00443,C00404,P1,partner,monthly,2025-08-02,52,active,2025-08-02,2026-06-30
S00444,C00405,P1,partner,monthly,2025-12-15,13,active,2025-12-15,2026-06-30
S00445,C00405,P1,partner,annual,2026-03-23,7,active,2026-03-23,2026-06-30
S00446,C00406,P1,partner,annual,2025-03-30,21,active,2025-03-30,2026-06-30
S00447,C00407,P2,partner,annual,2026-01-21,3,active,2026-01-21,2026-06-30
S00448,C00408,P1,partner,monthly,2025-08-08,8,active,2025-08-08,2026-06-30
S00449,C00409,P1,partner,annual,2024-11-22,4,active,2024-11-22,2026-06-30
S00450,C00410,P1,partner,monthly,2025-01-09,21,active,2025-01-09,2026-06-30
S00451,C00411,P3,partner,monthly,2025-12-10,43,active,2025-12-10,2026-06-30
S00452,C00412,P1,partner,monthly,2025-05-02,0,cancelled,2025-12-31,2026-06-30
S00453,C00413,P2,partner,annual,2026-05-17,17,active,2026-05-17,2026-06-30
S00454,C00414,P1,partner,annual,2024-10-26,7,active,2024-10-26,2026-06-30
S00455,C00415,P3,partner,annual,2025-11-11,0,cancelled,2026-01-30,2026-06-30
S00456,C00416,P2,partner,annual,2024-09-28,3,active,2024-09-28,2026-06-30
S00457,C00417,P1,partner,annual,2025-06-15,12,active,2025-06-15,2026-06-30
S00458,C00418,P1,partner,monthly,2025-11-08,4,active,2025-11-08,2026-06-30
S00459,C00419,P2,partner,monthly,2025-06-01,4,active,2025-06-01,2026-06-30
S00460,C00420,P2,partner,annual,2026-05-06,12,active,2026-05-06,2026-06-30
S00461,C00421,P3,partner,monthly,2025-12-13,5,active,2025-12-13,2026-06-30
S00462,C00421,P3,partner,monthly,2026-06-24,23,active,2026-06-24,2026-06-30
S00463,C00422,P1,partner,annual,2024-09-24,12,active,2024-09-24,2026-06-30
S00464,C00423,DIRECT,direct,annual,2025-09-16,269,active,2025-09-16,2026-06-30
S00465,C00423,DIRECT,direct,annual,2026-04-11,229,active,2026-04-11,2026-06-30
S00466,C00424,P1,partner,annual,2026-03-10,17,active,2026-03-10,2026-06-30
S00467,C00425,P2,partner,annual,2026-02-21,14,active,2026-02-21,2026-06-30
S00468,C00425,P2,partner,monthly,2026-03-27,5,active,2026-03-27,2026-06-30
S00469,C00426,P1,partner,monthly,2026-05-23,18,active,2026-05-23,2026-06-30
S00470,C00427,P2,partner,monthly,2025-03-05,4,active,2025-03-05,2026-06-30
S00471,C00428,P1,partner,monthly,2026-05-19,7,active,2026-05-19,2026-06-30
S00472,C00428,P1,partner,annual,2026-06-29,19,active,2026-06-29,2026-06-30
S00473,C00429,P1,partner,monthly,2026-03-28,2,active,2026-03-28,2026-06-30
S00474,C00430,P1,partner,annual,2025-05-30,6,active,2025-05-30,2026-06-30
S00475,C00431,P2,partner,annual,2024-09-14,36,active,2024-09-14,2026-06-30
S00476,C00432,P2,partner,annual,2025-12-05,19,active,2025-12-05,2026-06-30
S00477,C00432,P2,partner,monthly,2026-06-20,12,active,2026-06-20,2026-06-30
S00478,C00433,P3,partner,annual,2025-10-08,2,active,2025-10-08,2026-06-30
S00479,C00434,P1,partner,annual,2025-08-01,26,active,2025-08-01,2026-06-30
S00480,C00435,P2,partner,monthly,2025-10-06,49,active,2025-10-06,2026-06-30
S00481,C00436,P1,partner,monthly,2025-01-18,3,active,2025-01-18,2026-06-30
S00482,C00437,P3,partner,annual,2025-10-28,16,active,2025-10-28,2026-06-30
S00483,C00438,P1,partner,monthly,2025-05-24,21,active,2025-05-24,2026-06-30
S00484,C00439,P1,partner,annual,2024-11-04,0,cancelled,2026-04-15,2026-06-30
S00485,C00440,P2,partner,monthly,2024-08-17,13,active,2024-08-17,2026-06-30
S00486,C00441,P2,partner,annual,2024-10-07,4,active,2024-10-07,2026-06-30
S00487,C00441,P2,partner,monthly,2026-02-19,13,active,2026-02-19,2026-06-30
S00488,C00442,P2,partner,monthly,2024-09-11,4,active,2024-09-11,2026-06-30
S00489,C00443,P1,partner,annual,2025-08-05,0,cancelled,2025-12-19,2026-06-30
S00490,C00444,P1,partner,monthly,2024-08-16,1,active,2024-08-16,2026-06-30
S00491,C00445,P1,partner,monthly,2026-01-17,6,active,2026-01-17,2026-06-30
S00492,C00446,P3,partner,monthly,2025-02-01,4,active,2025-02-01,2026-06-30
S00493,C00446,P3,partner,monthly,2025-07-12,2,active,2025-07-12,2026-06-30
S00494,C00447,P3,partner,annual,2025-02-02,11,active,2025-02-02,2026-06-30
S00495,C00447,P3,partner,annual,2026-03-30,7,active,2026-03-30,2026-06-30
S00496,C00448,P1,partner,annual,2025-03-21,8,active,2025-03-21,2026-06-30
S00497,C00448,P1,partner,monthly,2026-03-16,1,active,2026-03-16,2026-06-30
S00498,C00449,P3,partner,annual,2025-10-31,18,active,2025-10-31,2026-06-30
S00499,C00450,P3,partner,annual,2025-10-05,12,active,2025-10-05,2026-06-30
S00500,C00451,P1,partner,annual,2025-01-03,3,active,2025-01-03,2026-06-30
S00501,C00452,P1,partner,annual,2025-03-18,15,active,2025-03-18,2026-06-30
S00502,C00453,P1,partner,annual,2025-06-22,19,active,2025-06-22,2026-06-30
S00503,C00454,P2,partner,monthly,2024-11-10,4,active,2024-11-10,2026-06-30
S00504,C00455,P3,partner,annual,2026-05-20,16,active,2026-05-20,2026-06-30
S00505,C00456,P3,partner,annual,2025-09-02,4,active,2025-09-02,2026-06-30
S00506,C00457,P3,partner,annual,2026-04-29,29,active,2026-04-29,2026-06-30
S00507,C00458,P2,partner,annual,2026-03-16,8,active,2026-03-16,2026-06-30
S00508,C00459,P1,partner,monthly,2024-12-04,4,active,2024-12-04,2026-06-30
S00509,C00460,P1,partner,annual,2025-02-03,3,active,2025-02-03,2026-06-30
S00510,C00461,P3,partner,monthly,2026-01-13,1,active,2026-01-13,2026-06-30
S00511,C00462,P1,partner,annual,2025-01-13,10,active,2025-01-13,2026-06-30
S00512,C00463,P1,partner,annual,2026-04-21,3,active,2026-04-21,2026-06-30
S00513,C00464,DIRECT,direct,monthly,2024-09-06,239,active,2024-09-06,2026-06-30
S00514,C00465,P1,partner,annual,2026-06-17,5,active,2026-06-17,2026-06-30
S00515,C00466,P1,partner,annual,2025-03-30,2,active,2025-03-30,2026-06-30
S00516,C00467,DIRECT,direct,annual,2026-02-21,350,active,2026-02-21,2026-06-30
S00517,C00468,P2,partner,monthly,2025-12-06,25,active,2025-12-06,2026-06-30
S00518,C00469,P1,partner,annual,2026-01-25,2,active,2026-01-25,2026-06-30
S00519,C00470,P1,partner,annual,2025-04-04,45,active,2025-04-04,2026-06-30
S00520,C00470,P1,partner,annual,2026-05-18,15,active,2026-05-18,2026-06-30
S00521,C00471,P2,partner,monthly,2025-02-20,14,active,2025-02-20,2026-06-30
S00522,C00472,P1,partner,annual,2025-05-29,2,active,2025-05-29,2026-06-30
S00523,C00473,P2,partner,monthly,2024-12-20,1,active,2024-12-20,2026-06-30
S00524,C00474,P1,partner,annual,2024-07-24,0,cancelled,2026-04-04,2026-06-30
S00525,C00475,P1,partner,monthly,2025-09-21,17,active,2025-09-21,2026-06-30
S00526,C00476,P2,partner,annual,2026-04-24,14,active,2026-04-24,2026-06-30
S00527,C00477,P1,partner,annual,2024-08-09,5,active,2024-08-09,2026-06-30
S00528,C00478,P1,partner,monthly,2025-03-10,7,active,2025-03-10,2026-06-30
S00529,C00479,P3,partner,annual,2025-09-23,8,active,2025-09-23,2026-06-30
S00530,C00480,P1,partner,annual,2025-04-24,8,active,2025-04-24,2026-06-30
S00531,C00481,P3,partner,monthly,2025-12-23,4,active,2025-12-23,2026-06-30
S00532,C00482,P3,partner,annual,2024-08-15,10,active,2024-08-15,2026-06-30
S00533,C00483,P1,partner,annual,2024-12-23,1,active,2024-12-23,2026-06-30
S00534,C00484,P1,partner,annual,2025-10-17,6,active,2025-10-17,2026-06-30
S00535,C00485,P2,partner,annual,2025-01-23,3,active,2025-01-23,2026-06-30
S00536,C00486,P2,partner,monthly,2025-12-06,4,active,2025-12-06,2026-06-30
S00537,C00487,P3,partner,annual,2026-03-10,10,active,2026-03-10,2026-06-30
S00538,C00488,P2,partner,annual,2026-02-18,16,active,2026-02-18,2026-06-30
S00539,C00489,P1,partner,annual,2025-04-06,17,active,2025-04-06,2026-06-30
S00540,C00490,P1,partner,monthly,2025-06-06,10,active,2025-06-06,2026-06-30
S00541,C00491,DIRECT,direct,annual,2024-08-27,334,active,2024-08-27,2026-06-30
S00542,C00492,P1,partner,annual,2026-03-02,23,active,2026-03-02,2026-06-30
S00543,C00493,P1,partner,annual,2025-11-21,3,active,2025-11-21,2026-06-30
S00544,C00494,DIRECT,direct,annual,2025-03-20,195,active,2025-03-20,2026-06-30
S00545,C00495,P2,partner,monthly,2025-02-15,5,active,2025-02-15,2026-06-30
S00546,C00496,P3,partner,monthly,2026-03-09,8,active,2026-03-09,2026-06-30
S00547,C00497,P1,partner,monthly,2025-09-02,2,active,2025-09-02,2026-06-30
S00548,C00498,P3,partner,annual,2024-12-27,39,active,2024-12-27,2026-06-30
S00549,C00498,P3,partner,annual,2025-10-24,1,active,2025-10-24,2026-06-30
S00550,C00499,P3,partner,annual,2025-03-17,0,cancelled,2025-05-12,2026-06-30
S00551,C00500,P2,partner,monthly,2024-07-22,16,active,2024-07-22,2026-06-30
S00552,C00501,P1,partner,monthly,2024-10-30,6,active,2024-10-30,2026-06-30
S00553,C00502,P1,partner,annual,2026-05-04,3,active,2026-05-04,2026-06-30
S00554,C00502,P1,partner,annual,2026-06-23,3,active,2026-06-23,2026-06-30
S00555,C00503,P1,partner,annual,2025-04-20,69,active,2025-04-20,2026-06-30
S00556,C00504,P1,partner,monthly,2025-05-04,2,active,2025-05-04,2026-06-30
S00557,C00505,P2,partner,annual,2025-07-06,6,active,2025-07-06,2026-06-30
S00558,C00506,P2,partner,annual,2026-04-19,65,active,2026-04-19,2026-06-30
S00559,C00507,P1,partner,monthly,2024-12-19,6,active,2024-12-19,2026-06-30
S00560,C00508,P2,partner,annual,2024-11-20,8,active,2024-11-20,2026-06-30
S00561,C00509,P3,partner,monthly,2025-05-09,0,cancelled,2026-06-04,2026-06-30
S00562,C00510,P3,partner,monthly,2025-10-18,1,active,2025-10-18,2026-06-30
S00563,C00511,DIRECT,direct,annual,2026-06-09,308,active,2026-06-09,2026-06-30
S00564,C00512,P3,partner,monthly,2025-08-11,92,active,2025-08-11,2026-06-30
S00565,C00513,P1,partner,annual,2026-02-28,14,active,2026-02-28,2026-06-30
S00566,C00514,P2,partner,monthly,2025-09-13,2,active,2025-09-13,2026-06-30
S00567,C00515,P2,partner,annual,2026-02-24,1,active,2026-02-24,2026-06-30
S00568,C00516,P1,partner,annual,2024-10-11,4,active,2024-10-11,2026-06-30
S00569,C00517,P2,partner,annual,2024-12-01,38,active,2024-12-01,2026-06-30
S00570,C00518,P1,partner,monthly,2025-11-18,20,active,2025-11-18,2026-06-30
S00571,C00519,P1,partner,monthly,2026-02-08,10,active,2026-02-08,2026-06-30
S00572,C00520,P3,partner,annual,2025-07-11,10,active,2025-07-11,2026-06-30
S00573,C00521,P2,partner,annual,2026-03-28,0,cancelled,2026-03-29,2026-06-30
S00574,C00522,P1,partner,annual,2025-06-06,3,active,2025-06-06,2026-06-30
S00575,C00523,P2,partner,monthly,2025-02-15,5,active,2025-02-15,2026-06-30
S00576,C00524,P3,partner,monthly,2024-11-02,0,cancelled,2024-11-10,2026-06-30
S00577,C00525,P2,partner,annual,2025-08-12,7,active,2025-08-12,2026-06-30
S00578,C00526,P2,partner,monthly,2025-08-13,0,cancelled,2025-08-14,2026-06-30
S00579,C00527,P2,partner,annual,2026-03-11,3,active,2026-03-11,2026-06-30
S00580,C00527,P2,partner,monthly,2026-06-20,6,active,2026-06-20,2026-06-30
S00581,C00528,P2,partner,monthly,2025-06-23,2,active,2025-06-23,2026-06-30
S00582,C00529,P2,partner,annual,2026-05-15,9,active,2026-05-15,2026-06-30
S00583,C00530,P1,partner,monthly,2025-03-24,8,active,2025-03-24,2026-06-30
S00584,C00531,P1,partner,monthly,2026-05-26,5,active,2026-05-26,2026-06-30
S00585,C00532,P1,partner,annual,2026-01-25,8,active,2026-01-25,2026-06-30
S00586,C00532,P1,partner,monthly,2026-03-15,0,cancelled,2026-05-02,2026-06-30
S00587,C00533,P2,partner,annual,2024-07-21,0,cancelled,2024-08-03,2026-06-30
S00588,C00534,P1,partner,annual,2026-01-19,1,active,2026-01-19,2026-06-30
S00589,C00535,P1,partner,annual,2025-05-06,0,cancelled,2025-11-29,2026-06-30
S00590,C00536,P1,partner,monthly,2025-12-28,5,active,2025-12-28,2026-06-30
S00591,C00537,P2,partner,annual,2025-03-11,2,active,2025-03-11,2026-06-30
S00592,C00538,P3,partner,annual,2025-03-29,9,active,2025-03-29,2026-06-30
S00593,C00539,P1,partner,annual,2025-02-21,17,active,2025-02-21,2026-06-30
S00594,C00540,P2,partner,annual,2026-01-01,9,active,2026-01-01,2026-06-30
S00595,C00541,P2,partner,annual,2025-01-20,0,cancelled,2026-05-21,2026-06-30
S00596,C00542,P1,partner,annual,2025-01-21,8,active,2025-01-21,2026-06-30
S00597,C00543,P1,partner,annual,2025-04-20,9,active,2025-04-20,2026-06-30
S00598,C00544,P2,partner,annual,2026-06-10,41,active,2026-06-10,2026-06-30
S00599,C00545,DIRECT,direct,monthly,2026-03-04,370,active,2026-03-04,2026-06-30
S00600,C00546,P2,partner,annual,2024-11-10,7,active,2024-11-10,2026-06-30
S00601,C00547,P1,partner,annual,2024-12-31,3,active,2024-12-31,2026-06-30
S00602,C00548,P1,partner,annual,2026-05-07,17,active,2026-05-07,2026-06-30
S00603,C00549,P3,partner,monthly,2026-04-25,3,active,2026-04-25,2026-06-30
S00604,C00550,P1,partner,annual,2024-07-28,10,active,2024-07-28,2026-06-30
S00605,C00551,P1,partner,annual,2026-03-10,14,active,2026-03-10,2026-06-30
S00606,C00552,P2,partner,annual,2025-02-04,56,active,2025-02-04,2026-06-30
S00607,C00553,P1,partner,annual,2026-04-29,4,active,2026-04-29,2026-06-30
S00608,C00554,P3,partner,annual,2026-04-29,7,active,2026-04-29,2026-06-30
S00609,C00555,P3,partner,monthly,2025-04-12,0,cancelled,2026-06-04,2026-06-30
S00610,C00555,P3,partner,monthly,2025-07-25,1,active,2025-07-25,2026-06-30
S00611,C00556,P2,partner,annual,2025-11-22,9,active,2025-11-22,2026-06-30
S00612,C00556,P2,partner,annual,2026-02-19,2,active,2026-02-19,2026-06-30
S00613,C00557,DIRECT,direct,annual,2026-05-13,104,active,2026-05-13,2026-06-30
S00614,C00558,P3,partner,monthly,2024-11-24,3,active,2024-11-24,2026-06-30
S00615,C00559,P2,partner,monthly,2026-05-05,6,active,2026-05-05,2026-06-30
S00616,C00560,P1,partner,monthly,2025-11-29,2,active,2025-11-29,2026-06-30
S00617,C00561,P1,partner,monthly,2026-02-04,5,active,2026-02-04,2026-06-30
S00618,C00562,DIRECT,direct,monthly,2025-12-30,218,active,2025-12-30,2026-06-30
S00619,C00563,P2,partner,annual,2025-07-21,8,active,2025-07-21,2026-06-30
S00620,C00564,P2,partner,monthly,2026-05-03,2,active,2026-05-03,2026-06-30
S00621,C00565,P2,partner,monthly,2025-02-18,0,cancelled,2026-05-23,2026-06-30
S00622,C00566,P1,partner,monthly,2025-07-19,1,active,2025-07-19,2026-06-30
S00623,C00567,P1,partner,annual,2025-03-26,20,active,2025-03-26,2026-06-30
S00624,C00568,P1,partner,monthly,2025-04-09,12,active,2025-04-09,2026-06-30
S00625,C00569,P2,partner,annual,2025-07-08,3,active,2025-07-08,2026-06-30
S00626,C00570,DIRECT,direct,monthly,2025-05-25,106,active,2025-05-25,2026-06-30
S00627,C00571,P2,partner,annual,2024-11-23,5,active,2024-11-23,2026-06-30
S00628,C00572,P1,partner,annual,2025-10-01,12,active,2025-10-01,2026-06-30
S00629,C00573,P1,partner,annual,2025-03-24,7,active,2025-03-24,2026-06-30
S00630,C00574,P1,partner,annual,2026-06-02,9,active,2026-06-02,2026-06-30
S00631,C00575,P1,partner,annual,2025-06-25,11,active,2025-06-25,2026-06-30
S00632,C00576,P1,partner,annual,2026-02-08,12,active,2026-02-08,2026-06-30
S00633,C00577,P1,partner,annual,2026-04-18,5,active,2026-04-18,2026-06-30
S00634,C00578,P3,partner,monthly,2025-05-01,11,active,2025-05-01,2026-06-30
S00635,C00579,P2,partner,annual,2024-09-11,6,active,2024-09-11,2026-06-30
S00636,C00580,P2,partner,monthly,2025-12-30,1,active,2025-12-30,2026-06-30
S00637,C00581,P1,partner,annual,2025-05-19,10,active,2025-05-19,2026-06-30
S00638,C00582,P1,partner,annual,2025-10-06,3,active,2025-10-06,2026-06-30
S00639,C00583,P1,partner,annual,2024-08-10,0,cancelled,2025-07-06,2026-06-30
S00640,C00584,P1,partner,annual,2024-11-05,2,active,2024-11-05,2026-06-30
S00641,C00584,P1,partner,monthly,2026-03-28,2,active,2026-03-28,2026-06-30
S00642,C00585,P1,partner,annual,2024-07-03,4,active,2024-07-03,2026-06-30
S00643,C00586,P1,partner,annual,2025-02-02,3,active,2025-02-02,2026-06-30
S00644,C00587,P1,partner,monthly,2024-07-19,1,active,2024-07-19,2026-06-30
S00645,C00587,P1,partner,monthly,2026-02-04,5,active,2026-02-04,2026-06-30
S00646,C00588,P1,partner,annual,2025-03-22,34,active,2025-03-22,2026-06-30
S00647,C00589,P2,partner,annual,2025-09-13,6,active,2025-09-13,2026-06-30
S00648,C00590,P2,partner,monthly,2026-01-16,19,active,2026-01-16,2026-06-30
S00649,C00591,P2,partner,monthly,2025-11-30,7,active,2025-11-30,2026-06-30
S00650,C00592,P2,partner,annual,2025-04-01,4,active,2025-04-01,2026-06-30
S00651,C00593,DIRECT,direct,monthly,2025-10-30,239,active,2025-10-30,2026-06-30
S00652,C00594,P1,partner,annual,2025-07-29,2,active,2025-07-29,2026-06-30
S00653,C00595,P1,partner,annual,2026-02-09,10,active,2026-02-09,2026-06-30
S00654,C00596,P1,partner,annual,2024-12-07,29,active,2024-12-07,2026-06-30
S00655,C00597,P1,partner,monthly,2025-07-14,19,active,2025-07-14,2026-06-30
S00656,C00598,P2,partner,monthly,2026-03-09,56,active,2026-03-09,2026-06-30
S00657,C00598,P2,partner,annual,2026-04-15,8,active,2026-04-15,2026-06-30
S00658,C00599,P1,partner,annual,2025-12-24,5,active,2025-12-24,2026-06-30
S00659,C00600,P2,partner,monthly,2025-06-10,10,active,2025-06-10,2026-06-30
S00660,C00601,P1,partner,annual,2024-10-16,11,active,2024-10-16,2026-06-30
S00661,C00602,P2,partner,annual,2025-01-14,7,active,2025-01-14,2026-06-30
S00662,C00603,P1,partner,annual,2025-01-02,11,active,2025-01-02,2026-06-30
S00663,C00604,P2,partner,monthly,2026-04-18,4,active,2026-04-18,2026-06-30
S00664,C00605,P1,partner,annual,2026-04-10,41,active,2026-04-10,2026-06-30
S00665,C00606,P3,partner,annual,2025-06-14,11,active,2025-06-14,2026-06-30
S00666,C00607,P2,partner,annual,2025-07-04,7,active,2025-07-04,2026-06-30
S00667,C00608,P1,partner,monthly,2025-08-12,7,active,2025-08-12,2026-06-30
S00668,C00609,P2,partner,annual,2024-07-27,0,cancelled,2025-01-04,2026-06-30
S00669,C00610,P2,partner,monthly,2025-05-09,6,active,2025-05-09,2026-06-30
S00670,C00611,P2,partner,annual,2026-04-08,16,active,2026-04-08,2026-06-30
S00671,C00612,P2,partner,annual,2024-08-09,7,active,2024-08-09,2026-06-30
S00672,C00613,P1,partner,annual,2025-01-04,6,active,2025-01-04,2026-06-30
S00673,C00614,DIRECT,direct,annual,2025-04-10,183,active,2025-04-10,2026-06-30
S00674,C00615,P2,partner,annual,2025-07-04,2,active,2025-07-04,2026-06-30
S00675,C00616,P3,partner,annual,2026-04-15,6,active,2026-04-15,2026-06-30
S00676,C00616,P3,partner,annual,2026-06-07,4,active,2026-06-07,2026-06-30
S00677,C00617,P1,partner,monthly,2025-10-25,18,active,2025-10-25,2026-06-30
S00678,C00618,P2,partner,annual,2026-04-11,2,active,2026-04-11,2026-06-30
S00679,C00619,P1,partner,annual,2025-02-15,15,active,2025-02-15,2026-06-30
S00680,C00620,P3,partner,annual,2026-02-13,23,active,2026-02-13,2026-06-30
S00681,C00621,P1,partner,annual,2024-07-19,33,active,2024-07-19,2026-06-30
S00682,C00622,P1,partner,annual,2024-07-27,16,active,2024-07-27,2026-06-30
S00683,C00623,P2,partner,annual,2024-10-24,3,active,2024-10-24,2026-06-30
S00684,C00623,P2,partner,monthly,2025-01-20,10,active,2025-01-20,2026-06-30
S00685,C00624,P2,partner,annual,2026-04-20,18,active,2026-04-20,2026-06-30
S00686,C00625,P1,partner,annual,2024-12-29,2,active,2024-12-29,2026-06-30
S00687,C00626,P2,partner,annual,2024-12-22,7,active,2024-12-22,2026-06-30
S00688,C00627,P1,partner,monthly,2024-09-11,21,active,2024-09-11,2026-06-30
S00689,C00628,P1,partner,annual,2025-09-09,21,active,2025-09-09,2026-06-30
S00690,C00629,P3,partner,monthly,2024-12-02,16,active,2024-12-02,2026-06-30
S00691,C00630,P1,partner,annual,2025-05-23,6,active,2025-05-23,2026-06-30
S00692,C00631,P2,partner,annual,2026-01-09,11,active,2026-01-09,2026-06-30
S00693,C00632,P1,partner,monthly,2024-12-07,7,active,2024-12-07,2026-06-30
S00694,C00633,P3,partner,monthly,2026-06-25,27,active,2026-06-25,2026-06-30
S00695,C00634,P2,partner,monthly,2025-12-19,3,active,2025-12-19,2026-06-30
S00696,C00635,P3,partner,annual,2025-12-09,8,active,2025-12-09,2026-06-30
S00697,C00636,P1,partner,monthly,2025-06-06,21,active,2025-06-06,2026-06-30
S00698,C00637,P2,partner,annual,2025-09-05,42,active,2025-09-05,2026-06-30
S00699,C00638,P2,partner,annual,2025-12-10,26,active,2025-12-10,2026-06-30
S00700,C00638,P2,partner,annual,2026-01-15,1,active,2026-01-15,2026-06-30
S00701,C00639,P2,partner,monthly,2026-05-23,3,active,2026-05-23,2026-06-30
S00702,C00640,P3,partner,monthly,2025-01-13,35,active,2025-01-13,2026-06-30
S00703,C00641,P2,partner,annual,2025-04-07,28,active,2025-04-07,2026-06-30
S00704,C00641,P2,partner,annual,2025-06-26,0,cancelled,2026-05-02,2026-06-30
S00705,C00642,DIRECT,direct,annual,2025-11-16,222,active,2025-11-16,2026-06-30
S00706,C00643,P2,partner,annual,2024-09-24,1,active,2024-09-24,2026-06-30
S00707,C00644,P1,partner,annual,2026-04-01,6,active,2026-04-01,2026-06-30
S00708,C00645,P1,partner,annual,2025-01-02,2,active,2025-01-02,2026-06-30
S00709,C00646,P1,partner,annual,2024-11-28,0,cancelled,2025-12-10,2026-06-30
S00710,C00647,DIRECT,direct,annual,2025-05-29,0,cancelled,2025-10-07,2026-06-30
S00711,C00648,P1,partner,annual,2026-01-11,1,active,2026-01-11,2026-06-30
S00712,C00649,P1,partner,annual,2025-09-20,27,active,2025-09-20,2026-06-30
S00713,C00650,P1,partner,monthly,2025-04-05,23,active,2025-04-05,2026-06-30
S00714,C00651,P2,partner,annual,2025-07-29,10,active,2025-07-29,2026-06-30
S00715,C00652,P2,partner,annual,2025-09-08,16,active,2025-09-08,2026-06-30
S00716,C00653,P1,partner,annual,2024-12-19,3,active,2024-12-19,2026-06-30
S00717,C00654,P1,partner,monthly,2025-04-21,0,cancelled,2025-10-19,2026-06-30
S00718,C00655,DIRECT,direct,annual,2026-06-10,87,active,2026-06-10,2026-06-30
S00719,C00656,P2,partner,annual,2024-12-09,2,active,2024-12-09,2026-06-30
S00720,C00657,P2,partner,monthly,2026-06-05,4,active,2026-06-05,2026-06-30
S00721,C00658,P3,partner,monthly,2025-04-01,7,active,2025-04-01,2026-06-30
S00722,C00659,P2,partner,annual,2025-08-21,30,active,2025-08-21,2026-06-30
S00723,C00660,P2,partner,monthly,2024-12-23,6,active,2024-12-23,2026-06-30
S00724,C00661,P2,partner,monthly,2025-10-17,15,active,2025-10-17,2026-06-30
S00725,C00662,P1,partner,annual,2026-01-22,17,active,2026-01-22,2026-06-30
S00726,C00663,P2,partner,annual,2025-04-12,24,active,2025-04-12,2026-06-30
S00727,C00663,P2,partner,annual,2026-05-15,1,active,2026-05-15,2026-06-30
S00728,C00664,P1,partner,annual,2025-03-24,2,active,2025-03-24,2026-06-30
S00729,C00664,P1,partner,annual,2026-05-06,13,active,2026-05-06,2026-06-30
S00730,C00665,P2,partner,annual,2025-08-03,13,active,2025-08-03,2026-06-30
S00731,C00666,P2,partner,annual,2026-05-12,32,active,2026-05-12,2026-06-30
S00732,C00667,P2,partner,monthly,2026-05-25,6,active,2026-05-25,2026-06-30
S00733,C00668,P1,partner,annual,2024-12-25,10,active,2024-12-25,2026-06-30
S00734,C00669,P1,partner,monthly,2025-12-19,13,active,2025-12-19,2026-06-30
S00735,C00670,P1,partner,monthly,2025-07-06,7,active,2025-07-06,2026-06-30
S00736,C00671,P2,partner,annual,2024-08-12,3,active,2024-08-12,2026-06-30
S00737,C00672,P1,partner,annual,2025-06-06,0,cancelled,2025-11-26,2026-06-30
S00738,C00672,P1,partner,annual,2026-05-31,2,active,2026-05-31,2026-06-30
S00739,C00673,P2,partner,monthly,2025-12-24,19,active,2025-12-24,2026-06-30
S00740,C00674,P1,partner,annual,2025-04-19,13,active,2025-04-19,2026-06-30
S00741,C00675,P2,partner,annual,2025-05-21,19,active,2025-05-21,2026-06-30
S00742,C00676,P1,partner,monthly,2025-12-19,11,active,2025-12-19,2026-06-30
S00743,C00677,P2,partner,annual,2024-10-07,11,active,2024-10-07,2026-06-30
S00744,C00678,P1,partner,annual,2026-06-26,3,active,2026-06-26,2026-06-30
S00745,C00679,P1,partner,monthly,2025-08-12,7,active,2025-08-12,2026-06-30
S00746,C00680,P1,partner,annual,2026-03-19,7,active,2026-03-19,2026-06-30
S00747,C00681,P2,partner,monthly,2024-07-23,18,active,2024-07-23,2026-06-30
S00748,C00682,P2,partner,monthly,2025-07-20,25,active,2025-07-20,2026-06-30
S00749,C00683,P1,partner,monthly,2024-10-20,3,active,2024-10-20,2026-06-30
S00750,C00684,P2,partner,monthly,2026-05-06,6,active,2026-05-06,2026-06-30
S00751,C00685,P2,partner,annual,2025-01-25,7,active,2025-01-25,2026-06-30
S00752,C00686,P1,partner,monthly,2024-12-24,2,active,2024-12-24,2026-06-30
S00753,C00686,P1,partner,annual,2026-03-07,7,active,2026-03-07,2026-06-30
S00754,C00687,P1,partner,annual,2025-02-03,14,active,2025-02-03,2026-06-30
S00755,C00688,P2,partner,monthly,2026-03-18,4,active,2026-03-18,2026-06-30
S00756,C00689,P1,partner,monthly,2025-11-02,14,active,2025-11-02,2026-06-30
S00757,C00690,P1,partner,annual,2025-11-06,9,active,2025-11-06,2026-06-30
S00758,C00691,P1,partner,annual,2025-12-25,0,cancelled,2026-05-26,2026-06-30
S00759,C00692,P2,partner,annual,2026-02-06,3,active,2026-02-06,2026-06-30
S00760,C00693,P2,partner,annual,2024-09-12,4,active,2024-09-12,2026-06-30
S00761,C00694,P1,partner,annual,2025-06-19,23,active,2025-06-19,2026-06-30
S00762,C00695,P3,partner,monthly,2025-06-17,18,active,2025-06-17,2026-06-30
S00763,C00696,DIRECT,direct,monthly,2025-03-04,160,active,2025-03-04,2026-06-30
S00764,C00697,P3,partner,annual,2024-09-04,2,active,2024-09-04,2026-06-30
S00765,C00698,P2,partner,monthly,2024-09-06,2,active,2024-09-06,2026-06-30
S00766,C00699,P1,partner,annual,2025-04-05,0,cancelled,2026-03-12,2026-06-30
S00767,C00700,P1,partner,annual,2026-01-26,39,active,2026-01-26,2026-06-30
S00768,C00701,P1,partner,annual,2025-11-19,22,active,2025-11-19,2026-06-30
S00769,C00702,P1,partner,monthly,2026-04-12,3,active,2026-04-12,2026-06-30
S00770,C00703,P2,partner,annual,2025-05-29,0,cancelled,2025-11-10,2026-06-30
S00771,C00704,P3,partner,annual,2026-04-17,26,active,2026-04-17,2026-06-30
S00772,C00704,P3,partner,monthly,2026-06-15,6,active,2026-06-15,2026-06-30
S00773,C00705,P2,partner,annual,2026-02-22,9,active,2026-02-22,2026-06-30
S00774,C00706,P3,partner,monthly,2024-12-02,0,cancelled,2025-11-27,2026-06-30
S00775,C00707,DIRECT,direct,annual,2025-11-13,239,active,2025-11-13,2026-06-30
S00776,C00708,P3,partner,monthly,2024-11-11,0,cancelled,2025-04-04,2026-06-30
S00777,C00709,P3,partner,monthly,2026-06-01,19,active,2026-06-01,2026-06-30
S00778,C00710,P1,partner,monthly,2024-11-01,5,active,2024-11-01,2026-06-30
S00779,C00711,P1,partner,monthly,2026-01-11,24,active,2026-01-11,2026-06-30
S00780,C00712,P2,partner,annual,2025-10-12,8,active,2025-10-12,2026-06-30
S00781,C00713,P1,partner,annual,2024-12-29,0,cancelled,2026-05-04,2026-06-30
S00782,C00714,P2,partner,monthly,2025-07-10,34,active,2025-07-10,2026-06-30
S00783,C00715,P2,partner,monthly,2026-02-14,16,active,2026-02-14,2026-06-30
S00784,C00716,P1,partner,annual,2024-09-30,0,cancelled,2025-09-21,2026-06-30
S00785,C00717,P1,partner,annual,2025-07-15,0,cancelled,2026-04-10,2026-06-30
S00786,C00718,P3,partner,monthly,2024-11-30,4,active,2024-11-30,2026-06-30
S00787,C00719,P1,partner,annual,2025-06-27,13,active,2025-06-27,2026-06-30
S00788,C00720,P1,partner,annual,2026-01-11,11,active,2026-01-11,2026-06-30
S00789,C00721,P1,partner,monthly,2024-12-02,0,cancelled,2026-05-27,2026-06-30
S00790,C00722,P2,partner,annual,2026-02-20,2,active,2026-02-20,2026-06-30
S00791,C00723,P1,partner,monthly,2026-01-30,28,active,2026-01-30,2026-06-30
S00792,C00724,P1,partner,monthly,2026-04-16,11,active,2026-04-16,2026-06-30
S00793,C00725,P1,partner,annual,2024-07-28,13,active,2024-07-28,2026-06-30
S00794,C00726,P2,partner,annual,2026-01-20,5,active,2026-01-20,2026-06-30
S00795,C00727,P2,partner,monthly,2024-08-02,3,active,2024-08-02,2026-06-30
S00796,C00728,P3,partner,annual,2025-06-26,9,active,2025-06-26,2026-06-30
S00797,C00729,P2,partner,annual,2026-05-30,9,active,2026-05-30,2026-06-30
S00798,C00730,P2,partner,monthly,2024-07-06,5,active,2024-07-06,2026-06-30
S00799,C00730,P2,partner,annual,2024-09-01,8,active,2024-09-01,2026-06-30
S00800,C00731,P2,partner,annual,2025-02-07,5,active,2025-02-07,2026-06-30
S00801,C00731,P2,partner,monthly,2025-08-27,33,active,2025-08-27,2026-06-30
S00802,C00732,P3,partner,monthly,2025-10-19,0,cancelled,2026-04-29,2026-06-30
S00803,C00733,DIRECT,direct,annual,2025-05-11,99,active,2025-05-11,2026-06-30
S00804,C00734,P3,partner,annual,2026-03-03,4,active,2026-03-03,2026-06-30
S00805,C00734,P3,partner,annual,2026-04-06,9,active,2026-04-06,2026-06-30
S00806,C00735,P1,partner,monthly,2024-12-06,38,active,2024-12-06,2026-06-30
S00807,C00736,P2,partner,annual,2025-10-01,4,active,2025-10-01,2026-06-30
S00808,C00737,P2,partner,annual,2026-01-14,24,active,2026-01-14,2026-06-30
S00809,C00738,P1,partner,annual,2025-11-18,8,active,2025-11-18,2026-06-30
S00810,C00738,P1,partner,monthly,2026-04-13,2,active,2026-04-13,2026-06-30
S00811,C00739,P1,partner,annual,2025-08-03,8,active,2025-08-03,2026-06-30
S00812,C00740,P1,partner,annual,2025-02-08,12,active,2025-02-08,2026-06-30
S00813,C00741,P3,partner,annual,2025-05-20,9,active,2025-05-20,2026-06-30
S00814,C00741,P3,partner,annual,2025-10-30,0,cancelled,2026-02-03,2026-06-30
S00815,C00742,P2,partner,annual,2024-11-18,2,active,2024-11-18,2026-06-30
S00816,C00743,P3,partner,monthly,2025-07-20,1,active,2025-07-20,2026-06-30
S00817,C00744,P2,partner,monthly,2026-03-19,17,active,2026-03-19,2026-06-30
S00818,C00745,P1,partner,annual,2024-07-29,6,active,2024-07-29,2026-06-30
S00819,C00746,P2,partner,annual,2025-10-26,3,active,2025-10-26,2026-06-30
S00820,C00747,P1,partner,annual,2026-02-24,2,active,2026-02-24,2026-06-30
S00821,C00748,P3,partner,monthly,2024-11-09,6,active,2024-11-09,2026-06-30
S00822,C00749,P2,partner,monthly,2024-09-28,0,cancelled,2025-11-21,2026-06-30
S00823,C00750,P1,partner,monthly,2025-05-22,2,active,2025-05-22,2026-06-30
S00824,C00750,P1,partner,monthly,2026-05-11,4,active,2026-05-11,2026-06-30
S00825,C00751,DIRECT,direct,monthly,2025-08-18,722,active,2025-08-18,2026-06-30
S00826,C00752,P1,partner,annual,2025-08-29,9,active,2025-08-29,2026-06-30
S00827,C00753,P2,partner,annual,2024-08-22,6,active,2024-08-22,2026-06-30
S00828,C00754,P2,partner,annual,2025-06-22,120,active,2025-06-22,2026-06-30
S00829,C00754,P2,partner,annual,2025-12-09,11,active,2025-12-09,2026-06-30
S00830,C00755,P1,partner,monthly,2026-06-04,5,active,2026-06-04,2026-06-30
S00831,C00756,P1,partner,annual,2024-09-10,0,cancelled,2025-06-14,2026-06-30
S00832,C00757,P1,partner,annual,2025-04-19,4,active,2025-04-19,2026-06-30
S00833,C00758,P1,partner,monthly,2024-10-09,59,active,2024-10-09,2026-06-30
S00834,C00759,P3,partner,annual,2026-02-04,5,active,2026-02-04,2026-06-30
S00835,C00760,P2,partner,monthly,2026-05-10,13,active,2026-05-10,2026-06-30
S00836,C00761,P1,partner,annual,2026-04-10,31,active,2026-04-10,2026-06-30
S00837,C00761,P1,partner,monthly,2026-06-29,1,active,2026-06-29,2026-06-30
S00838,C00762,P1,partner,annual,2026-05-05,46,active,2026-05-05,2026-06-30
S00839,C00763,P1,partner,annual,2025-03-20,2,active,2025-03-20,2026-06-30
S00840,C00764,P1,partner,monthly,2025-06-27,4,active,2025-06-27,2026-06-30
S00841,C00765,P1,partner,annual,2024-10-20,1,active,2024-10-20,2026-06-30
S00842,C00766,P1,partner,annual,2026-01-03,20,active,2026-01-03,2026-06-30
S00843,C00766,P1,partner,monthly,2026-03-13,9,active,2026-03-13,2026-06-30
S00844,C00767,P2,partner,annual,2026-01-31,0,cancelled,2026-02-24,2026-06-30
S00845,C00768,P2,partner,monthly,2025-04-13,0,cancelled,2025-11-17,2026-06-30
S00846,C00769,P1,partner,annual,2026-03-07,5,active,2026-03-07,2026-06-30
S00847,C00770,P3,partner,annual,2026-01-12,5,active,2026-01-12,2026-06-30
S00848,C00771,P1,partner,annual,2024-11-14,7,active,2024-11-14,2026-06-30
S00849,C00772,P2,partner,annual,2024-07-01,3,active,2024-07-01,2026-06-30
S00850,C00773,P2,partner,annual,2025-11-04,6,active,2025-11-04,2026-06-30
S00851,C00774,P1,partner,monthly,2026-02-27,5,active,2026-02-27,2026-06-30
S00852,C00775,P2,partner,monthly,2025-11-17,26,active,2025-11-17,2026-06-30
S00853,C00776,P2,partner,annual,2024-11-11,6,active,2024-11-11,2026-06-30
S00854,C00777,P1,partner,annual,2025-06-20,10,active,2025-06-20,2026-06-30
S00855,C00778,P1,partner,monthly,2024-07-06,0,cancelled,2025-04-27,2026-06-30
S00856,C00779,P1,partner,annual,2025-02-26,3,active,2025-02-26,2026-06-30
S00857,C00780,P1,partner,annual,2025-01-05,0,cancelled,2025-05-04,2026-06-30
S00858,C00781,P1,partner,annual,2025-08-28,2,active,2025-08-28,2026-06-30
S00859,C00782,P3,partner,annual,2025-02-28,0,cancelled,2026-04-29,2026-06-30
S00860,C00783,P2,partner,annual,2026-01-22,0,cancelled,2026-01-29,2026-06-30
S00861,C00784,P2,partner,annual,2024-07-23,43,active,2024-07-23,2026-06-30
S00862,C00785,P1,partner,annual,2025-10-07,4,active,2025-10-07,2026-06-30
S00863,C00786,P1,partner,monthly,2026-01-05,44,active,2026-01-05,2026-06-30
S00864,C00787,P3,partner,annual,2025-04-10,4,active,2025-04-10,2026-06-30
S00865,C00788,DIRECT,direct,annual,2025-07-19,112,active,2025-07-19,2026-06-30
S00866,C00789,P1,partner,annual,2026-04-09,13,active,2026-04-09,2026-06-30
S00867,C00790,DIRECT,direct,annual,2026-05-28,43,active,2026-05-28,2026-06-30
S00868,C00791,DIRECT,direct,annual,2024-08-16,549,active,2024-08-16,2026-06-30
S00869,C00792,P2,partner,monthly,2025-03-29,0,cancelled,2026-03-13,2026-06-30
S00870,C00793,P1,partner,annual,2024-12-08,19,active,2024-12-08,2026-06-30
S00871,C00794,P1,partner,annual,2025-02-23,10,active,2025-02-23,2026-06-30
S00872,C00795,P1,partner,monthly,2024-11-28,25,active,2024-11-28,2026-06-30
S00873,C00796,P1,partner,annual,2025-03-20,1,active,2025-03-20,2026-06-30
S00874,C00797,P1,partner,annual,2025-11-13,0,cancelled,2026-05-22,2026-06-30
S00875,C00798,P1,partner,monthly,2026-06-10,8,active,2026-06-10,2026-06-30
S00876,C00799,P2,partner,annual,2025-02-25,8,active,2025-02-25,2026-06-30
S00877,C00800,P1,partner,annual,2024-07-09,7,active,2024-07-09,2026-06-30
S00878,C00801,P2,partner,monthly,2024-07-16,11,active,2024-07-16,2026-06-30
S00879,C00802,P2,partner,annual,2025-08-18,28,active,2025-08-18,2026-06-30
S00880,C00803,P1,partner,annual,2025-11-29,8,active,2025-11-29,2026-06-30
S00881,C00804,P1,partner,annual,2025-09-20,7,active,2025-09-20,2026-06-30
S00882,C00805,P1,partner,monthly,2025-08-11,22,active,2025-08-11,2026-06-30
S00883,C00806,P1,partner,monthly,2025-04-18,3,active,2025-04-18,2026-06-30
S00884,C00807,P1,partner,annual,2025-04-16,12,active,2025-04-16,2026-06-30
S00885,C00808,P2,partner,annual,2025-04-13,4,active,2025-04-13,2026-06-30
S00886,C00809,P2,partner,monthly,2026-01-17,5,active,2026-01-17,2026-06-30
S00887,C00809,P2,partner,annual,2026-04-09,12,active,2026-04-09,2026-06-30
S00888,C00810,P2,partner,annual,2025-04-06,5,active,2025-04-06,2026-06-30
S00889,C00811,P3,partner,annual,2025-06-07,66,active,2025-06-07,2026-06-30
S00890,C00812,P2,partner,annual,2026-05-29,7,active,2026-05-29,2026-06-30
S00891,C00813,P1,partner,annual,2026-06-03,2,active,2026-06-03,2026-06-30
S00892,C00814,P1,partner,monthly,2024-07-23,0,cancelled,2026-04-26,2026-06-30
S00893,C00815,P1,partner,monthly,2025-09-15,6,active,2025-09-15,2026-06-30
S00894,C00815,P1,partner,annual,2026-03-30,0,cancelled,2026-03-31,2026-06-30
S00895,C00816,P1,partner,monthly,2024-09-18,95,active,2024-09-18,2026-06-30
S00896,C00817,P1,partner,monthly,2024-12-05,25,active,2024-12-05,2026-06-30
S00897,C00818,P1,partner,annual,2024-11-29,3,active,2024-11-29,2026-06-30
S00898,C00819,P1,partner,monthly,2024-08-29,13,active,2024-08-29,2026-06-30
S00899,C00820,P1,partner,monthly,2025-05-04,12,active,2025-05-04,2026-06-30
S00900,C00821,P3,partner,monthly,2025-05-24,1,active,2025-05-24,2026-06-30
S00901,C00822,P1,partner,annual,2025-12-20,7,active,2025-12-20,2026-06-30
S00902,C00823,P1,partner,annual,2026-05-13,4,active,2026-05-13,2026-06-30
S00903,C00824,P1,partner,annual,2024-09-22,13,active,2024-09-22,2026-06-30
S00904,C00825,P1,partner,monthly,2025-01-16,5,active,2025-01-16,2026-06-30
S00905,C00826,P1,partner,annual,2025-10-29,15,active,2025-10-29,2026-06-30
S00906,C00827,P2,partner,monthly,2026-04-20,30,active,2026-04-20,2026-06-30
S00907,C00828,P2,partner,annual,2025-08-25,1,active,2025-08-25,2026-06-30
S00908,C00828,P2,partner,annual,2026-06-13,5,active,2026-06-13,2026-06-30
S00909,C00829,P1,partner,monthly,2025-08-29,31,active,2025-08-29,2026-06-30
S00910,C00830,P2,partner,monthly,2025-01-06,5,active,2025-01-06,2026-06-30
S00911,C00831,P1,partner,monthly,2025-09-02,32,active,2025-09-02,2026-06-30
S00912,C00832,P2,partner,monthly,2024-09-04,0,cancelled,2025-02-23,2026-06-30
S00913,C00833,P3,partner,monthly,2024-08-30,54,active,2024-08-30,2026-06-30
S00914,C00834,P1,partner,monthly,2025-09-19,4,active,2025-09-19,2026-06-30
S00915,C00835,P1,partner,annual,2024-07-11,0,cancelled,2025-06-08,2026-06-30
S00916,C00836,P1,partner,annual,2025-05-26,19,active,2025-05-26,2026-06-30
S00917,C00837,P1,partner,annual,2026-03-05,13,active,2026-03-05,2026-06-30
S00918,C00838,P3,partner,annual,2025-10-14,9,active,2025-10-14,2026-06-30
S00919,C00838,P3,partner,annual,2026-01-15,0,cancelled,2026-05-13,2026-06-30
S00920,C00839,P2,partner,annual,2024-12-01,8,active,2024-12-01,2026-06-30
S00921,C00840,P2,partner,monthly,2025-06-29,14,active,2025-06-29,2026-06-30
S00922,C00841,P1,partner,annual,2025-03-10,8,active,2025-03-10,2026-06-30
S00923,C00842,P2,partner,annual,2025-01-13,7,active,2025-01-13,2026-06-30
S00924,C00843,P2,partner,monthly,2024-11-19,3,active,2024-11-19,2026-06-30
S00925,C00844,P1,partner,annual,2025-08-24,14,active,2025-08-24,2026-06-30
S00926,C00845,P2,partner,annual,2025-08-22,25,active,2025-08-22,2026-06-30
S00927,C00846,P2,partner,annual,2025-04-18,5,active,2025-04-18,2026-06-30
S00928,C00847,P3,partner,monthly,2025-02-25,0,cancelled,2025-04-18,2026-06-30
S00929,C00848,P1,partner,monthly,2024-12-11,5,active,2024-12-11,2026-06-30
S00930,C00849,P2,partner,annual,2026-03-06,22,active,2026-03-06,2026-06-30
S00931,C00850,P1,partner,annual,2025-08-28,0,cancelled,2025-09-25,2026-06-30
S00932,C00850,P1,partner,monthly,2026-06-29,9,active,2026-06-29,2026-06-30
S00933,C00851,P3,partner,annual,2025-10-27,11,active,2025-10-27,2026-06-30
S00934,C00852,P1,partner,annual,2025-05-18,6,active,2025-05-18,2026-06-30
S00935,C00853,P1,partner,monthly,2024-08-16,4,active,2024-08-16,2026-06-30
S00936,C00853,P1,partner,annual,2026-06-07,4,active,2026-06-07,2026-06-30
S00937,C00854,P1,partner,annual,2025-01-23,16,active,2025-01-23,2026-06-30
S00938,C00855,P1,partner,monthly,2024-12-05,2,active,2024-12-05,2026-06-30
S00939,C00856,P2,partner,annual,2024-11-03,9,active,2024-11-03,2026-06-30
S00940,C00857,P2,partner,monthly,2026-03-26,5,active,2026-03-26,2026-06-30
S00941,C00858,P1,partner,monthly,2025-04-21,9,active,2025-04-21,2026-06-30
S00942,C00858,P1,partner,monthly,2026-04-16,9,active,2026-04-16,2026-06-30
S00943,C00859,P2,partner,annual,2025-07-19,0,cancelled,2025-09-21,2026-06-30
S00944,C00860,P2,partner,monthly,2024-10-25,0,cancelled,2025-04-17,2026-06-30
S00945,C00861,P2,partner,annual,2025-12-27,11,active,2025-12-27,2026-06-30
S00946,C00862,P1,partner,monthly,2026-04-24,2,active,2026-04-24,2026-06-30
S00947,C00863,P1,partner,monthly,2024-12-29,6,active,2024-12-29,2026-06-30
S00948,C00863,P1,partner,monthly,2026-05-03,13,active,2026-05-03,2026-06-30
S00949,C00864,P2,partner,monthly,2024-08-27,20,active,2024-08-27,2026-06-30
S00950,C00865,P2,partner,monthly,2026-05-28,9,active,2026-05-28,2026-06-30
S00951,C00866,P1,partner,monthly,2024-11-30,4,active,2024-11-30,2026-06-30
S00952,C00867,P1,partner,monthly,2025-04-17,8,active,2025-04-17,2026-06-30
S00953,C00867,P1,partner,monthly,2026-05-16,25,active,2026-05-16,2026-06-30
S00954,C00868,P2,partner,annual,2025-01-25,2,active,2025-01-25,2026-06-30
S00955,C00869,P1,partner,monthly,2026-02-09,3,active,2026-02-09,2026-06-30
S00956,C00870,P1,partner,annual,2024-08-18,30,active,2024-08-18,2026-06-30
S00957,C00871,P1,partner,monthly,2025-08-31,0,cancelled,2026-06-08,2026-06-30
S00958,C00872,P1,partner,annual,2025-09-26,7,active,2025-09-26,2026-06-30
S00959,C00873,P2,partner,annual,2025-03-08,2,active,2025-03-08,2026-06-30
S00960,C00874,DIRECT,direct,annual,2024-11-26,122,active,2024-11-26,2026-06-30
S00961,C00875,P3,partner,annual,2025-01-26,2,active,2025-01-26,2026-06-30
S00962,C00876,P1,partner,annual,2025-12-22,11,active,2025-12-22,2026-06-30
S00963,C00877,P1,partner,annual,2025-07-23,8,active,2025-07-23,2026-06-30
S00964,C00878,P1,partner,annual,2025-05-25,5,active,2025-05-25,2026-06-30
S00965,C00879,P1,partner,annual,2025-01-12,16,active,2025-01-12,2026-06-30
S00966,C00880,P1,partner,annual,2025-08-05,9,active,2025-08-05,2026-06-30
S00967,C00880,P1,partner,monthly,2026-04-12,0,cancelled,2026-04-18,2026-06-30
S00968,C00881,P3,partner,monthly,2025-03-17,8,active,2025-03-17,2026-06-30
S00969,C00882,P1,partner,monthly,2025-09-04,6,active,2025-09-04,2026-06-30
S00970,C00883,P2,partner,monthly,2025-09-18,7,active,2025-09-18,2026-06-30
S00971,C00884,P1,partner,annual,2025-07-16,3,active,2025-07-16,2026-06-30
S00972,C00885,P3,partner,annual,2025-01-04,6,active,2025-01-04,2026-06-30
S00973,C00886,P1,partner,monthly,2024-11-17,0,cancelled,2025-07-01,2026-06-30
S00974,C00887,P1,partner,monthly,2024-07-10,11,active,2024-07-10,2026-06-30
S00975,C00888,P3,partner,annual,2025-11-07,10,active,2025-11-07,2026-06-30
S00976,C00889,P3,partner,monthly,2026-01-05,34,active,2026-01-05,2026-06-30
S00977,C00889,P3,partner,annual,2026-03-28,11,active,2026-03-28,2026-06-30
S00978,C00890,P1,partner,annual,2026-02-13,4,active,2026-02-13,2026-06-30
S00979,C00891,DIRECT,direct,annual,2025-02-11,312,active,2025-02-11,2026-06-30
S00980,C00892,P3,partner,annual,2025-01-19,3,active,2025-01-19,2026-06-30
S00981,C00893,P1,partner,annual,2025-05-28,0,cancelled,2026-04-07,2026-06-30
S00982,C00894,P1,partner,monthly,2025-12-14,1,active,2025-12-14,2026-06-30
S00983,C00895,P3,partner,annual,2025-01-24,5,active,2025-01-24,2026-06-30
S00984,C00896,P2,partner,annual,2026-01-12,3,active,2026-01-12,2026-06-30
S00985,C00897,P1,partner,annual,2024-10-22,12,active,2024-10-22,2026-06-30
S00986,C00898,P3,partner,annual,2025-02-23,8,active,2025-02-23,2026-06-30
S00987,C00899,P1,partner,annual,2025-03-25,17,active,2025-03-25,2026-06-30
S00988,C00900,P1,partner,annual,2024-08-16,0,cancelled,2025-08-27,2026-06-30
S00989,C00901,P1,partner,monthly,2024-07-01,6,active,2024-07-01,2026-06-30
S00990,C00902,P1,partner,monthly,2025-07-24,5,active,2025-07-24,2026-06-30
S00991,C00903,P2,partner,annual,2026-06-17,9,active,2026-06-17,2026-06-30
S00992,C00904,P1,partner,monthly,2024-07-20,16,active,2024-07-20,2026-06-30
S00993,C00905,P3,partner,annual,2025-12-30,47,active,2025-12-30,2026-06-30
S00994,C00906,P2,partner,annual,2025-02-22,6,active,2025-02-22,2026-06-30
S00995,C00907,P1,partner,annual,2025-06-07,0,cancelled,2025-11-02,2026-06-30
S00996,C00908,P2,partner,annual,2026-02-11,31,active,2026-02-11,2026-06-30
S00997,C00909,P1,partner,monthly,2025-04-15,4,active,2025-04-15,2026-06-30
S00998,C00910,P1,partner,annual,2025-07-11,16,active,2025-07-11,2026-06-30
S00999,C00911,P1,partner,annual,2026-04-04,6,active,2026-04-04,2026-06-30
S01000,C00912,P1,partner,annual,2025-10-24,1,active,2025-10-24,2026-06-30
S01001,C00913,P1,partner,annual,2025-04-03,22,active,2025-04-03,2026-06-30
S01002,C00914,P1,partner,monthly,2026-04-01,6,active,2026-04-01,2026-06-30
S01003,C00915,P1,partner,annual,2025-01-25,20,active,2025-01-25,2026-06-30
S01004,C00916,P2,partner,annual,2026-06-15,5,active,2026-06-15,2026-06-30
S01005,C00917,P1,partner,annual,2026-05-09,4,active,2026-05-09,2026-06-30
S01006,C00918,P1,partner,annual,2025-09-28,13,active,2025-09-28,2026-06-30
S01007,C00919,P1,partner,monthly,2025-04-21,19,active,2025-04-21,2026-06-30
S01008,C00919,P1,partner,annual,2025-07-02,1,active,2025-07-02,2026-06-30
S01009,C00920,P2,partner,annual,2025-08-31,80,active,2025-08-31,2026-06-30
S01010,C00921,P2,partner,annual,2025-08-02,3,active,2025-08-02,2026-06-30
S01011,C00922,P1,partner,annual,2025-07-13,11,active,2025-07-13,2026-06-30
S01012,C00923,P2,partner,annual,2026-03-12,14,active,2026-03-12,2026-06-30
S01013,C00924,P3,partner,monthly,2026-05-28,7,active,2026-05-28,2026-06-30
S01014,C00925,P1,partner,annual,2025-06-26,3,active,2025-06-26,2026-06-30
S01015,C00925,P1,partner,annual,2026-03-04,14,active,2026-03-04,2026-06-30
S01016,C00926,P3,partner,monthly,2024-09-06,6,active,2024-09-06,2026-06-30
S01017,C00927,P2,partner,annual,2025-08-14,0,cancelled,2025-12-24,2026-06-30
S01018,C00928,P2,partner,annual,2026-05-03,1,active,2026-05-03,2026-06-30
S01019,C00929,P1,partner,annual,2024-11-21,15,active,2024-11-21,2026-06-30
S01020,C00930,P2,partner,annual,2026-01-22,6,active,2026-01-22,2026-06-30
S01021,C00931,DIRECT,direct,annual,2025-04-07,265,active,2025-04-07,2026-06-30
S01022,C00932,P1,partner,annual,2025-06-23,9,active,2025-06-23,2026-06-30
S01023,C00933,P1,partner,annual,2024-10-01,39,active,2024-10-01,2026-06-30
S01024,C00934,P1,partner,monthly,2024-09-12,5,active,2024-09-12,2026-06-30
S01025,C00935,P2,partner,annual,2024-12-03,0,cancelled,2024-12-21,2026-06-30
S01026,C00935,P2,partner,annual,2026-04-18,26,active,2026-04-18,2026-06-30
S01027,C00936,P1,partner,annual,2025-02-19,1,active,2025-02-19,2026-06-30
S01028,C00937,P1,partner,annual,2025-07-25,10,active,2025-07-25,2026-06-30
S01029,C00938,P2,partner,monthly,2024-12-02,3,active,2024-12-02,2026-06-30
S01030,C00939,P1,partner,annual,2024-09-06,7,active,2024-09-06,2026-06-30
S01031,C00940,P3,partner,monthly,2024-09-10,9,active,2024-09-10,2026-06-30
S01032,C00941,P1,partner,annual,2026-01-02,11,active,2026-01-02,2026-06-30
S01033,C00942,P2,partner,monthly,2024-08-27,9,active,2024-08-27,2026-06-30
S01034,C00943,P1,partner,annual,2024-12-10,0,cancelled,2025-10-08,2026-06-30
S01035,C00944,P1,partner,monthly,2025-01-24,5,active,2025-01-24,2026-06-30
S01036,C00945,P2,partner,annual,2025-09-13,4,active,2025-09-13,2026-06-30
S01037,C00946,P2,partner,monthly,2025-02-24,11,active,2025-02-24,2026-06-30
S01038,C00947,P1,partner,annual,2026-03-07,12,active,2026-03-07,2026-06-30
S01039,C00948,P2,partner,annual,2024-12-06,45,active,2024-12-06,2026-06-30
S01040,C00949,P2,partner,annual,2025-04-06,7,active,2025-04-06,2026-06-30
S01041,C00950,P2,partner,annual,2025-04-10,13,active,2025-04-10,2026-06-30
S01042,C00951,P2,partner,annual,2026-03-31,16,active,2026-03-31,2026-06-30
S01043,C00951,P2,partner,annual,2026-05-25,43,active,2026-05-25,2026-06-30
S01044,C00952,P1,partner,annual,2024-09-10,11,active,2024-09-10,2026-06-30
S01045,C00953,P3,partner,monthly,2025-02-03,4,active,2025-02-03,2026-06-30
S01046,C00954,P1,partner,annual,2025-07-17,4,active,2025-07-17,2026-06-30
S01047,C00954,P1,partner,annual,2026-04-27,1,active,2026-04-27,2026-06-30
S01048,C00955,P1,partner,monthly,2024-08-18,0,cancelled,2025-10-27,2026-06-30
S01049,C00956,P2,partner,annual,2025-02-22,2,active,2025-02-22,2026-06-30
S01050,C00957,P1,partner,monthly,2026-05-10,13,active,2026-05-10,2026-06-30
S01051,C00958,P1,partner,monthly,2024-08-26,39,active,2024-08-26,2026-06-30
S01052,C00958,P1,partner,monthly,2025-02-21,16,active,2025-02-21,2026-06-30
S01053,C00959,P1,partner,annual,2026-02-19,11,active,2026-02-19,2026-06-30
S01054,C00960,P2,partner,annual,2026-02-04,6,active,2026-02-04,2026-06-30
S01055,C00961,P3,partner,annual,2025-07-05,21,active,2025-07-05,2026-06-30
S01056,C00962,P1,partner,annual,2025-05-10,2,active,2025-05-10,2026-06-30
S01057,C00963,P1,partner,monthly,2025-02-16,0,cancelled,2026-02-02,2026-06-30
S01058,C00964,P1,partner,annual,2026-02-03,11,active,2026-02-03,2026-06-30
S01059,C00965,P1,partner,monthly,2024-11-05,0,cancelled,2025-09-05,2026-06-30
S01060,C00966,P2,partner,annual,2026-05-17,61,active,2026-05-17,2026-06-30
S01061,C00967,P1,partner,annual,2025-03-29,13,active,2025-03-29,2026-06-30
S01062,C00968,P2,partner,monthly,2025-01-19,4,active,2025-01-19,2026-06-30
S01063,C00968,P2,partner,monthly,2025-04-05,4,active,2025-04-05,2026-06-30
S01064,C00969,P2,partner,monthly,2025-05-11,7,active,2025-05-11,2026-06-30
S01065,C00970,P1,partner,monthly,2025-06-15,1,active,2025-06-15,2026-06-30
S01066,C00971,P3,partner,annual,2026-05-13,3,active,2026-05-13,2026-06-30
S01067,C00972,P1,partner,annual,2024-11-09,1,active,2024-11-09,2026-06-30
S01068,C00973,P1,partner,monthly,2024-12-19,1,active,2024-12-19,2026-06-30
S01069,C00974,P2,partner,annual,2024-07-10,0,cancelled,2025-06-05,2026-06-30
S01070,C00974,P2,partner,annual,2026-04-19,11,active,2026-04-19,2026-06-30
S01071,C00975,P2,partner,annual,2026-01-16,0,cancelled,2026-03-01,2026-06-30
S01072,C00976,P3,partner,annual,2025-02-17,6,active,2025-02-17,2026-06-30
S01073,C00976,P3,partner,annual,2025-12-21,65,active,2025-12-21,2026-06-30
S01074,C00977,P1,partner,annual,2025-11-11,18,active,2025-11-11,2026-06-30
S01075,C00978,P1,partner,monthly,2025-10-08,11,active,2025-10-08,2026-06-30
S01076,C00979,DIRECT,direct,annual,2025-11-23,385,active,2025-11-23,2026-06-30
S01077,C00980,P1,partner,annual,2025-11-25,6,active,2025-11-25,2026-06-30
S01078,C00981,P2,partner,annual,2025-03-16,2,active,2025-03-16,2026-06-30
S01079,C00982,P2,partner,monthly,2025-05-09,68,active,2025-05-09,2026-06-30
S01080,C00983,P1,partner,annual,2025-10-29,4,active,2025-10-29,2026-06-30
S01081,C00984,P1,partner,monthly,2025-03-08,10,active,2025-03-08,2026-06-30
S01082,C00985,P2,partner,monthly,2025-08-01,63,active,2025-08-01,2026-06-30
S01083,C00986,P2,partner,annual,2025-08-12,0,cancelled,2026-01-24,2026-06-30
S01084,C00987,P1,partner,annual,2024-12-28,28,active,2024-12-28,2026-06-30
S01085,C00988,P1,partner,annual,2025-09-02,5,active,2025-09-02,2026-06-30
S01086,C00989,P1,partner,annual,2025-11-03,8,active,2025-11-03,2026-06-30
S01087,C00990,P2,partner,annual,2026-06-29,11,active,2026-06-29,2026-06-30
S01088,C00991,P3,partner,annual,2024-08-08,3,active,2024-08-08,2026-06-30
S01089,C00992,P1,partner,annual,2025-01-24,0,cancelled,2025-06-12,2026-06-30
S01090,C00993,P1,partner,monthly,2025-06-11,18,active,2025-06-11,2026-06-30
S01091,C00994,P1,partner,annual,2024-08-18,9,active,2024-08-18,2026-06-30
S01092,C00995,P1,partner,annual,2026-05-31,28,active,2026-05-31,2026-06-30
S01093,C00996,P1,partner,annual,2025-11-04,2,active,2025-11-04,2026-06-30
S01094,C00997,DIRECT,direct,monthly,2026-02-26,0,cancelled,2026-06-24,2026-06-30
S01095,C00998,P1,partner,monthly,2025-06-10,5,active,2025-06-10,2026-06-30
S01096,C00999,P3,partner,monthly,2025-08-09,15,active,2025-08-09,2026-06-30
S01097,C01000,P2,partner,annual,2024-12-23,0,cancelled,2025-07-20,2026-06-30
S01098,C01001,P3,partner,annual,2024-12-10,0,cancelled,2025-07-29,2026-06-30
S01099,C01002,P2,partner,annual,2025-02-03,5,active,2025-02-03,2026-06-30
S01100,C01003,P1,partner,annual,2024-12-14,24,active,2024-12-14,2026-06-30
S01101,C01004,P2,partner,annual,2025-01-29,4,active,2025-01-29,2026-06-30
S01102,C01005,P3,partner,annual,2025-12-26,24,active,2025-12-26,2026-06-30
S01103,C01006,P1,partner,annual,2026-03-28,1,active,2026-03-28,2026-06-30
S01104,C01007,P1,partner,annual,2024-11-09,6,active,2024-11-09,2026-06-30
S01105,C01008,P1,partner,monthly,2025-08-29,5,active,2025-08-29,2026-06-30
S01106,C01009,P2,partner,monthly,2026-06-23,15,active,2026-06-23,2026-06-30
S01107,C01010,P1,partner,annual,2025-06-27,4,active,2025-06-27,2026-06-30
S01108,C01011,P1,partner,monthly,2025-01-14,3,active,2025-01-14,2026-06-30
S01109,C01012,P1,partner,monthly,2025-01-07,6,active,2025-01-07,2026-06-30
S01110,C01012,P1,partner,annual,2025-08-10,29,active,2025-08-10,2026-06-30
S01111,C01013,P1,partner,annual,2025-09-28,4,active,2025-09-28,2026-06-30
S01112,C01014,P2,partner,annual,2026-06-10,9,active,2026-06-10,2026-06-30
S01113,C01015,P1,partner,annual,2025-02-10,9,active,2025-02-10,2026-06-30
S01114,C01016,P1,partner,monthly,2025-11-13,3,active,2025-11-13,2026-06-30
S01115,C01017,P1,partner,annual,2026-04-06,0,cancelled,2026-06-11,2026-06-30
S01116,C01018,P2,partner,annual,2025-06-27,2,active,2025-06-27,2026-06-30
S01117,C01018,P2,partner,annual,2025-08-03,4,active,2025-08-03,2026-06-30
S01118,C01019,P1,partner,monthly,2025-09-22,50,active,2025-09-22,2026-06-30
S01119,C01019,P1,partner,monthly,2026-03-05,2,active,2026-03-05,2026-06-30
S01120,C01020,P3,partner,monthly,2024-08-08,5,active,2024-08-08,2026-06-30
S01121,C01021,P1,partner,annual,2024-09-30,47,active,2024-09-30,2026-06-30
S01122,C01021,P1,partner,monthly,2025-06-09,6,active,2025-06-09,2026-06-30
S01123,C01022,P1,partner,annual,2025-05-22,10,active,2025-05-22,2026-06-30
S01124,C01023,P1,partner,monthly,2026-04-21,4,active,2026-04-21,2026-06-30
S01125,C01024,P3,partner,annual,2025-12-02,0,cancelled,2026-04-27,2026-06-30
S01126,C01025,P2,partner,annual,2025-04-03,2,active,2025-04-03,2026-06-30
S01127,C01026,P1,partner,annual,2025-06-05,14,active,2025-06-05,2026-06-30
S01128,C01027,DIRECT,direct,annual,2025-05-22,127,active,2025-05-22,2026-06-30
S01129,C01028,P2,partner,annual,2025-02-18,22,active,2025-02-18,2026-06-30
S01130,C01028,P2,partner,annual,2025-03-31,6,active,2025-03-31,2026-06-30
S01131,C01029,P1,partner,monthly,2025-02-16,3,active,2025-02-16,2026-06-30
S01132,C01030,P1,partner,annual,2026-04-21,16,active,2026-04-21,2026-06-30
S01133,C01031,P1,partner,monthly,2025-02-19,6,active,2025-02-19,2026-06-30
S01134,C01032,P3,partner,annual,2026-06-07,28,active,2026-06-07,2026-06-30
S01135,C01033,P1,partner,annual,2024-10-24,11,active,2024-10-24,2026-06-30
S01136,C01034,P2,partner,annual,2025-01-08,4,active,2025-01-08,2026-06-30
S01137,C01035,P2,partner,annual,2025-03-02,11,active,2025-03-02,2026-06-30
S01138,C01035,P2,partner,monthly,2026-06-01,6,active,2026-06-01,2026-06-30
S01139,C01036,P1,partner,annual,2025-10-17,4,active,2025-10-17,2026-06-30
S01140,C01037,P2,partner,annual,2025-08-18,17,active,2025-08-18,2026-06-30
S01141,C01038,P1,partner,annual,2025-04-14,7,active,2025-04-14,2026-06-30
S01142,C01039,P1,partner,annual,2026-06-21,6,active,2026-06-21,2026-06-30
S01143,C01040,P1,partner,annual,2025-06-23,7,active,2025-06-23,2026-06-30
S01144,C01041,DIRECT,direct,monthly,2026-01-04,296,active,2026-01-04,2026-06-30
S01145,C01042,P2,partner,monthly,2025-02-11,2,active,2025-02-11,2026-06-30
S01146,C01043,P1,partner,monthly,2026-06-23,3,active,2026-06-23,2026-06-30
S01147,C01044,P3,partner,monthly,2026-05-12,6,active,2026-05-12,2026-06-30
S01148,C01045,P1,partner,monthly,2024-11-14,5,active,2024-11-14,2026-06-30
S01149,C01046,P1,partner,annual,2025-06-11,27,active,2025-06-11,2026-06-30
S01150,C01047,P1,partner,monthly,2026-05-29,4,active,2026-05-29,2026-06-30
S01151,C01048,P1,partner,annual,2026-03-31,2,active,2026-03-31,2026-06-30
S01152,C01049,P1,partner,annual,2025-12-24,4,active,2025-12-24,2026-06-30
S01153,C01050,P2,partner,monthly,2026-02-21,6,active,2026-02-21,2026-06-30
S01154,C01051,P1,partner,monthly,2025-09-12,48,active,2025-09-12,2026-06-30
S01155,C01052,P3,partner,monthly,2026-05-31,3,active,2026-05-31,2026-06-30
S01156,C01053,P1,partner,monthly,2024-09-27,0,cancelled,2025-07-28,2026-06-30
S01157,C01054,DIRECT,direct,monthly,2024-11-15,532,active,2024-11-15,2026-06-30
S01158,C01055,P1,partner,annual,2025-03-05,2,active,2025-03-05,2026-06-30
S01159,C01056,P3,partner,annual,2025-03-07,6,active,2025-03-07,2026-06-30
S01160,C01057,P1,partner,monthly,2025-06-07,3,active,2025-06-07,2026-06-30
S01161,C01058,P2,partner,monthly,2026-03-20,20,active,2026-03-20,2026-06-30
S01162,C01059,P2,partner,monthly,2025-04-20,4,active,2025-04-20,2026-06-30
S01163,C01060,P2,partner,annual,2026-04-29,6,active,2026-04-29,2026-06-30
S01164,C01061,P2,partner,monthly,2024-09-19,7,active,2024-09-19,2026-06-30
S01165,C01062,P1,partner,monthly,2025-03-20,7,active,2025-03-20,2026-06-30
S01166,C01062,P1,partner,annual,2026-01-02,7,active,2026-01-02,2026-06-30
S01167,C01063,P1,partner,monthly,2025-01-06,0,cancelled,2025-07-29,2026-06-30
S01168,C01064,DIRECT,direct,annual,2026-01-09,0,cancelled,2026-06-06,2026-06-30
S01169,C01065,P1,partner,annual,2024-09-29,14,active,2024-09-29,2026-06-30
S01170,C01066,P1,partner,annual,2024-11-01,59,active,2024-11-01,2026-06-30
S01171,C01067,P1,partner,monthly,2024-11-11,5,active,2024-11-11,2026-06-30
S01172,C01068,P1,partner,annual,2025-08-22,7,active,2025-08-22,2026-06-30
S01173,C01069,P1,partner,monthly,2025-11-11,16,active,2025-11-11,2026-06-30
S01174,C01070,P2,partner,annual,2024-09-22,0,cancelled,2026-04-23,2026-06-30
S01175,C01071,P1,partner,monthly,2024-09-25,3,active,2024-09-25,2026-06-30
S01176,C01072,P1,partner,annual,2024-09-07,10,active,2024-09-07,2026-06-30
S01177,C01072,P1,partner,annual,2024-11-04,15,active,2024-11-04,2026-06-30
S01178,C01073,P1,partner,monthly,2025-11-21,5,active,2025-11-21,2026-06-30
S01179,C01074,DIRECT,direct,annual,2025-02-27,588,active,2025-02-27,2026-06-30
S01180,C01075,P1,partner,monthly,2024-09-21,2,active,2024-09-21,2026-06-30
S01181,C01076,P2,partner,annual,2025-05-21,0,cancelled,2025-06-30,2026-06-30
S01182,C01077,P1,partner,monthly,2025-07-08,6,active,2025-07-08,2026-06-30
S01183,C01078,P2,partner,monthly,2026-03-01,3,active,2026-03-01,2026-06-30
S01184,C01078,P2,partner,annual,2026-05-06,15,active,2026-05-06,2026-06-30
S01185,C01079,P1,partner,monthly,2026-01-13,4,active,2026-01-13,2026-06-30
S01186,C01080,P1,partner,monthly,2025-08-11,10,active,2025-08-11,2026-06-30
S01187,C01081,P3,partner,monthly,2026-04-25,3,active,2026-04-25,2026-06-30
S01188,C01082,P3,partner,monthly,2025-02-17,13,active,2025-02-17,2026-06-30
S01189,C01083,P1,partner,monthly,2026-03-12,4,active,2026-03-12,2026-06-30
S01190,C01084,P1,partner,monthly,2024-12-01,0,cancelled,2025-04-09,2026-06-30
S01191,C01085,P1,partner,monthly,2025-02-18,32,active,2025-02-18,2026-06-30
S01192,C01086,P2,partner,monthly,2025-12-09,6,active,2025-12-09,2026-06-30
S01193,C01087,P2,partner,annual,2026-02-08,9,active,2026-02-08,2026-06-30
S01194,C01088,P1,partner,annual,2025-08-08,12,active,2025-08-08,2026-06-30
S01195,C01089,P3,partner,annual,2026-03-13,12,active,2026-03-13,2026-06-30
S01196,C01090,P3,partner,monthly,2025-03-20,3,active,2025-03-20,2026-06-30
S01197,C01091,P2,partner,monthly,2025-11-05,8,active,2025-11-05,2026-06-30
S01198,C01092,P1,partner,monthly,2024-10-17,0,cancelled,2026-01-13,2026-06-30
S01199,C01093,P1,partner,monthly,2025-08-25,15,active,2025-08-25,2026-06-30
S01200,C01094,P2,partner,annual,2025-05-16,35,active,2025-05-16,2026-06-30
S01201,C01095,P2,partner,annual,2025-04-04,8,active,2025-04-04,2026-06-30
S01202,C01096,P2,partner,annual,2026-03-18,0,cancelled,2026-04-28,2026-06-30
S01203,C01097,P2,partner,annual,2024-09-12,93,active,2024-09-12,2026-06-30
S01204,C01098,P2,partner,monthly,2024-08-06,53,active,2024-08-06,2026-06-30
S01205,C01099,P3,partner,annual,2024-10-22,0,cancelled,2025-02-09,2026-06-30
S01206,C01100,P2,partner,monthly,2025-08-30,2,active,2025-08-30,2026-06-30
S01207,C01100,P2,partner,monthly,2025-10-09,4,active,2025-10-09,2026-06-30
S01208,C01101,P1,partner,monthly,2025-11-28,7,active,2025-11-28,2026-06-30
S01209,C01102,P3,partner,annual,2024-07-08,0,cancelled,2026-01-13,2026-06-30
S01210,C01103,P1,partner,annual,2024-10-15,0,cancelled,2025-10-20,2026-06-30
S01211,C01104,P2,partner,monthly,2025-09-19,0,cancelled,2025-11-02,2026-06-30
S01212,C01105,P2,partner,annual,2026-06-01,8,active,2026-06-01,2026-06-30
S01213,C01106,P2,partner,annual,2026-03-24,6,active,2026-03-24,2026-06-30
S01214,C01107,P1,partner,annual,2026-06-09,3,active,2026-06-09,2026-06-30
S01215,C01108,P1,partner,monthly,2025-04-19,9,active,2025-04-19,2026-06-30
S01216,C01109,P1,partner,monthly,2026-06-10,3,active,2026-06-10,2026-06-30
S01217,C01110,P1,partner,annual,2025-07-27,4,active,2025-07-27,2026-06-30
S01218,C01110,P1,partner,annual,2025-11-03,5,active,2025-11-03,2026-06-30
S01219,C01111,P1,partner,annual,2024-12-28,1,active,2024-12-28,2026-06-30
S01220,C01111,P1,partner,annual,2025-03-24,3,active,2025-03-24,2026-06-30
S01221,C01112,P1,partner,annual,2024-10-12,0,cancelled,2026-06-14,2026-06-30
S01222,C01113,P2,partner,monthly,2025-08-27,19,active,2025-08-27,2026-06-30
S01223,C01114,P3,partner,annual,2025-08-04,4,active,2025-08-04,2026-06-30
S01224,C01115,P1,partner,monthly,2025-07-08,4,active,2025-07-08,2026-06-30
S01225,C01116,P2,partner,monthly,2024-08-12,2,active,2024-08-12,2026-06-30
S01226,C01117,P1,partner,annual,2024-08-28,57,active,2024-08-28,2026-06-30
S01227,C01118,P1,partner,monthly,2025-03-15,8,active,2025-03-15,2026-06-30
S01228,C01119,P1,partner,monthly,2024-11-18,2,active,2024-11-18,2026-06-30
S01229,C01120,P2,partner,annual,2025-04-21,24,active,2025-04-21,2026-06-30
S01230,C01121,P1,partner,monthly,2026-05-03,3,active,2026-05-03,2026-06-30
S01231,C01122,P1,partner,annual,2024-12-19,6,active,2024-12-19,2026-06-30
S01232,C01123,P1,partner,annual,2026-05-20,2,active,2026-05-20,2026-06-30
S01233,C01124,P2,partner,annual,2024-08-03,17,active,2024-08-03,2026-06-30
S01234,C01125,P1,partner,monthly,2025-03-04,9,active,2025-03-04,2026-06-30
S01235,C01126,P1,partner,monthly,2025-03-12,15,active,2025-03-12,2026-06-30
S01236,C01127,P1,partner,annual,2026-05-10,9,active,2026-05-10,2026-06-30
S01237,C01128,P1,partner,annual,2026-05-19,10,active,2026-05-19,2026-06-30
S01238,C01129,P2,partner,monthly,2026-04-09,80,active,2026-04-09,2026-06-30
S01239,C01130,P1,partner,annual,2025-06-18,0,cancelled,2025-08-10,2026-06-30
S01240,C01131,P2,partner,monthly,2025-02-07,0,cancelled,2026-02-05,2026-06-30
S01241,C01132,P2,partner,monthly,2024-12-28,16,active,2024-12-28,2026-06-30
S01242,C01133,P2,partner,monthly,2025-08-21,11,active,2025-08-21,2026-06-30
S01243,C01133,P2,partner,monthly,2025-12-22,4,active,2025-12-22,2026-06-30
S01244,C01134,P1,partner,monthly,2025-05-08,15,active,2025-05-08,2026-06-30
S01245,C01135,P2,partner,monthly,2026-01-20,6,active,2026-01-20,2026-06-30
S01246,C01136,DIRECT,direct,annual,2024-10-01,135,active,2024-10-01,2026-06-30
S01247,C01137,DIRECT,direct,annual,2025-09-05,0,cancelled,2025-09-14,2026-06-30
S01248,C01138,P1,partner,annual,2024-12-19,3,active,2024-12-19,2026-06-30
S01249,C01139,P1,partner,monthly,2024-09-25,4,active,2024-09-25,2026-06-30
S01250,C01140,P2,partner,annual,2025-08-25,1,active,2025-08-25,2026-06-30
S01251,C01141,P1,partner,annual,2025-05-24,11,active,2025-05-24,2026-06-30
S01252,C01142,P1,partner,annual,2025-03-19,0,cancelled,2025-10-04,2026-06-30
S01253,C01143,P1,partner,monthly,2025-04-25,1,active,2025-04-25,2026-06-30
S01254,C01144,P2,partner,annual,2024-11-26,6,active,2024-11-26,2026-06-30
S01255,C01144,P2,partner,annual,2025-08-29,10,active,2025-08-29,2026-06-30
S01256,C01145,P3,partner,annual,2025-07-01,17,active,2025-07-01,2026-06-30
S01257,C01145,P3,partner,annual,2026-02-23,13,active,2026-02-23,2026-06-30
S01258,C01146,P1,partner,monthly,2025-07-23,6,active,2025-07-23,2026-06-30
S01259,C01147,P2,partner,monthly,2025-03-18,2,active,2025-03-18,2026-06-30
S01260,C01148,P3,partner,annual,2025-07-13,30,active,2025-07-13,2026-06-30
S01261,C01149,P2,partner,monthly,2024-11-09,9,active,2024-11-09,2026-06-30
S01262,C01150,P1,partner,annual,2025-02-19,3,active,2025-02-19,2026-06-30
S01263,C01151,P3,partner,monthly,2026-04-15,6,active,2026-04-15,2026-06-30
S01264,C01152,P1,partner,monthly,2024-07-03,7,active,2024-07-03,2026-06-30
S01265,C01152,P1,partner,monthly,2025-09-05,1,active,2025-09-05,2026-06-30
S01266,C01153,P1,partner,monthly,2025-05-18,24,active,2025-05-18,2026-06-30
S01267,C01154,P1,partner,annual,2026-02-16,1,active,2026-02-16,2026-06-30
S01268,C01155,P3,partner,annual,2025-06-22,2,active,2025-06-22,2026-06-30
S01269,C01156,P1,partner,annual,2024-10-14,16,active,2024-10-14,2026-06-30
S01270,C01157,P2,partner,annual,2026-05-24,57,active,2026-05-24,2026-06-30
S01271,C01157,P2,partner,monthly,2026-06-28,8,active,2026-06-28,2026-06-30
S01272,C01158,P1,partner,annual,2025-02-05,7,active,2025-02-05,2026-06-30
S01273,C01159,P2,partner,annual,2025-07-26,1,active,2025-07-26,2026-06-30
S01274,C01160,P3,partner,annual,2026-02-24,16,active,2026-02-24,2026-06-30
S01275,C01161,P1,partner,annual,2025-02-15,1,active,2025-02-15,2026-06-30
S01276,C01162,P1,partner,annual,2025-05-06,4,active,2025-05-06,2026-06-30
S01277,C01163,P1,partner,annual,2024-08-09,8,active,2024-08-09,2026-06-30
S01278,C01164,P1,partner,annual,2025-12-27,2,active,2025-12-27,2026-06-30
S01279,C01165,P3,partner,annual,2024-07-20,27,active,2024-07-20,2026-06-30
S01280,C01166,P1,partner,annual,2026-01-20,0,cancelled,2026-01-27,2026-06-30
S01281,C01167,P1,partner,annual,2025-03-13,19,active,2025-03-13,2026-06-30
S01282,C01168,P1,partner,annual,2024-10-04,17,active,2024-10-04,2026-06-30
S01283,C01169,P2,partner,annual,2024-07-10,13,active,2024-07-10,2026-06-30
S01284,C01170,P2,partner,annual,2024-10-26,3,active,2024-10-26,2026-06-30
S01285,C01171,P1,partner,annual,2025-06-21,7,active,2025-06-21,2026-06-30
S01286,C01172,P1,partner,monthly,2024-10-03,2,active,2024-10-03,2026-06-30
S01287,C01173,DIRECT,direct,annual,2025-12-26,97,active,2025-12-26,2026-06-30
S01288,C01174,P3,partner,annual,2025-10-06,13,active,2025-10-06,2026-06-30
S01289,C01175,P2,partner,annual,2025-02-28,0,cancelled,2026-03-02,2026-06-30
S01290,C01176,P1,partner,monthly,2024-11-01,3,active,2024-11-01,2026-06-30
S01291,C01177,P1,partner,monthly,2026-04-15,4,active,2026-04-15,2026-06-30
S01292,C01178,P1,partner,monthly,2024-12-27,0,cancelled,2026-02-17,2026-06-30
S01293,C01179,P1,partner,monthly,2025-11-30,5,active,2025-11-30,2026-06-30
S01294,C01180,P1,partner,annual,2025-12-07,1,active,2025-12-07,2026-06-30
S01295,C01181,P3,partner,monthly,2025-07-02,3,active,2025-07-02,2026-06-30
S01296,C01182,P3,partner,annual,2024-10-17,0,cancelled,2025-06-09,2026-06-30
S01297,C01183,P1,partner,annual,2025-12-10,4,active,2025-12-10,2026-06-30
S01298,C01184,P1,partner,annual,2025-05-08,32,active,2025-05-08,2026-06-30
S01299,C01185,P1,partner,annual,2026-06-18,1,active,2026-06-18,2026-06-30
S01300,C01186,P3,partner,monthly,2025-11-01,0,cancelled,2026-06-05,2026-06-30
S01301,C01187,P1,partner,annual,2025-08-16,28,active,2025-08-16,2026-06-30
S01302,C01188,P1,partner,monthly,2025-07-04,26,active,2025-07-04,2026-06-30
S01303,C01189,P1,partner,annual,2025-08-10,19,active,2025-08-10,2026-06-30
S01304,C01189,P1,partner,annual,2026-06-23,17,active,2026-06-23,2026-06-30
S01305,C01190,P1,partner,monthly,2025-05-24,16,active,2025-05-24,2026-06-30
S01306,C01191,P2,partner,monthly,2025-06-08,2,active,2025-06-08,2026-06-30
S01307,C01192,P1,partner,annual,2024-09-17,35,active,2024-09-17,2026-06-30
S01308,C01193,P1,partner,annual,2025-10-28,0,cancelled,2026-01-03,2026-06-30
S01309,C01194,P1,partner,annual,2025-04-02,24,active,2025-04-02,2026-06-30
S01310,C01194,P1,partner,annual,2025-10-06,2,active,2025-10-06,2026-06-30
S01311,C01195,P1,partner,monthly,2025-10-14,7,active,2025-10-14,2026-06-30
S01312,C01196,P2,partner,annual,2026-03-01,5,active,2026-03-01,2026-06-30
S01313,C01197,P1,partner,monthly,2025-04-20,31,active,2025-04-20,2026-06-30
S01314,C01197,P1,partner,monthly,2025-06-22,7,active,2025-06-22,2026-06-30
S01315,C01198,P2,partner,annual,2026-04-11,17,active,2026-04-11,2026-06-30
S01316,C01199,P3,partner,annual,2025-12-11,4,active,2025-12-11,2026-06-30
S01317,C01200,P1,partner,monthly,2024-11-12,1,active,2024-11-12,2026-06-30
S01318,C01201,P2,partner,annual,2024-07-05,18,active,2024-07-05,2026-06-30
S01319,C01202,P1,partner,monthly,2024-11-09,0,cancelled,2025-03-21,2026-06-30
S01320,C01203,P2,partner,annual,2025-08-11,42,active,2025-08-11,2026-06-30
S01321,C01204,DIRECT,direct,annual,2025-05-11,167,active,2025-05-11,2026-06-30
S01322,C01205,P3,partner,monthly,2024-10-18,0,cancelled,2024-11-08,2026-06-30
S01323,C01206,P3,partner,monthly,2026-03-28,20,active,2026-03-28,2026-06-30
S01324,C01207,DIRECT,direct,annual,2025-10-30,154,active,2025-10-30,2026-06-30
S01325,C01208,P1,partner,monthly,2025-11-25,23,active,2025-11-25,2026-06-30
S01326,C01208,P1,partner,annual,2026-03-13,11,active,2026-03-13,2026-06-30
S01327,C01209,P1,partner,monthly,2026-02-09,8,active,2026-02-09,2026-06-30
S01328,C01210,P2,partner,annual,2024-11-22,0,cancelled,2024-12-04,2026-06-30
S01329,C01210,P2,partner,annual,2025-08-17,11,active,2025-08-17,2026-06-30
S01330,C01211,P1,partner,annual,2025-02-20,9,active,2025-02-20,2026-06-30
S01331,C01212,P1,partner,monthly,2025-05-24,4,active,2025-05-24,2026-06-30
S01332,C01213,P3,partner,annual,2025-01-21,5,active,2025-01-21,2026-06-30
S01333,C01214,P2,partner,monthly,2025-02-13,7,active,2025-02-13,2026-06-30
S01334,C01215,P1,partner,annual,2025-02-16,6,active,2025-02-16,2026-06-30
S01335,C01216,P3,partner,annual,2025-06-22,4,active,2025-06-22,2026-06-30
S01336,C01217,P2,partner,annual,2026-04-11,1,active,2026-04-11,2026-06-30
S01337,C01218,P1,partner,monthly,2024-11-22,9,active,2024-11-22,2026-06-30
S01338,C01219,P1,partner,monthly,2025-01-17,23,active,2025-01-17,2026-06-30
S01339,C01220,P1,partner,annual,2026-03-25,0,cancelled,2026-03-30,2026-06-30
S01340,C01221,P1,partner,annual,2025-10-29,7,active,2025-10-29,2026-06-30
S01341,C01222,P2,partner,monthly,2025-06-02,9,active,2025-06-02,2026-06-30
S01342,C01223,P1,partner,monthly,2024-09-15,0,cancelled,2024-12-03,2026-06-30
S01343,C01223,P1,partner,monthly,2025-09-15,14,active,2025-09-15,2026-06-30
S01344,C01224,P2,partner,monthly,2024-10-10,16,active,2024-10-10,2026-06-30
S01345,C01225,P1,partner,annual,2026-02-15,16,active,2026-02-15,2026-06-30
S01346,C01226,P2,partner,monthly,2026-05-27,9,active,2026-05-27,2026-06-30
S01347,C01227,P3,partner,annual,2024-11-24,0,cancelled,2024-11-29,2026-06-30
S01348,C01228,P3,partner,monthly,2024-12-18,1,active,2024-12-18,2026-06-30
S01349,C01229,P2,partner,annual,2026-02-27,11,active,2026-02-27,2026-06-30
S01350,C01230,P1,partner,monthly,2025-06-05,4,active,2025-06-05,2026-06-30
S01351,C01231,P1,partner,annual,2025-11-27,17,active,2025-11-27,2026-06-30
S01352,C01232,P3,partner,annual,2024-09-06,2,active,2024-09-06,2026-06-30
S01353,C01233,P1,partner,monthly,2024-07-27,0,cancelled,2025-02-04,2026-06-30
S01354,C01234,P1,partner,monthly,2025-01-06,1,active,2025-01-06,2026-06-30
S01355,C01234,P1,partner,annual,2025-02-20,15,active,2025-02-20,2026-06-30
S01356,C01235,P3,partner,annual,2024-09-11,2,active,2024-09-11,2026-06-30
S01357,C01236,P3,partner,annual,2025-07-11,0,cancelled,2025-12-02,2026-06-30
S01358,C01237,P1,partner,annual,2025-03-04,3,active,2025-03-04,2026-06-30
S01359,C01238,P3,partner,annual,2024-10-16,1,active,2024-10-16,2026-06-30
S01360,C01239,P2,partner,monthly,2026-02-14,14,active,2026-02-14,2026-06-30
S01361,C01240,P1,partner,monthly,2025-08-01,8,active,2025-08-01,2026-06-30
S01362,C01241,P2,partner,monthly,2026-01-22,7,active,2026-01-22,2026-06-30
S01363,C01242,P3,partner,annual,2026-05-29,5,active,2026-05-29,2026-06-30
S01364,C01243,P1,partner,monthly,2024-09-17,30,active,2024-09-17,2026-06-30
S01365,C01244,P1,partner,monthly,2026-01-12,3,active,2026-01-12,2026-06-30
S01366,C01245,P3,partner,monthly,2025-12-26,23,active,2025-12-26,2026-06-30
S01367,C01246,P2,partner,monthly,2025-01-22,10,active,2025-01-22,2026-06-30
S01368,C01247,P1,partner,monthly,2025-11-28,4,active,2025-11-28,2026-06-30
S01369,C01248,P3,partner,monthly,2025-01-18,9,active,2025-01-18,2026-06-30
S01370,C01249,P1,partner,annual,2025-04-06,30,active,2025-04-06,2026-06-30
S01371,C01250,P1,partner,monthly,2025-12-25,7,active,2025-12-25,2026-06-30
S01372,C01251,P1,partner,monthly,2024-10-17,7,active,2024-10-17,2026-06-30
S01373,C01252,P1,partner,monthly,2025-01-13,27,active,2025-01-13,2026-06-30
S01374,C01253,P1,partner,monthly,2024-10-01,3,active,2024-10-01,2026-06-30
S01375,C01254,P2,partner,monthly,2025-04-26,5,active,2025-04-26,2026-06-30
S01376,C01255,P2,partner,annual,2026-05-31,6,active,2026-05-31,2026-06-30
S01377,C01256,P2,partner,monthly,2025-08-31,11,active,2025-08-31,2026-06-30
S01378,C01256,P2,partner,annual,2026-04-14,3,active,2026-04-14,2026-06-30
S01379,C01257,P2,partner,annual,2024-10-12,6,active,2024-10-12,2026-06-30
S01380,C01258,P3,partner,monthly,2026-05-09,7,active,2026-05-09,2026-06-30
S01381,C01259,P1,partner,monthly,2026-03-09,10,active,2026-03-09,2026-06-30
S01382,C01260,P1,partner,monthly,2024-07-01,8,active,2024-07-01,2026-06-30
S01383,C01261,P1,partner,monthly,2025-10-03,0,cancelled,2026-01-12,2026-06-30
S01384,C01262,P3,partner,annual,2025-03-19,12,active,2025-03-19,2026-06-30
S01385,C01263,P1,partner,annual,2025-11-11,7,active,2025-11-11,2026-06-30
S01386,C01263,P1,partner,monthly,2026-05-24,4,active,2026-05-24,2026-06-30
S01387,C01264,DIRECT,direct,monthly,2025-08-04,67,active,2025-08-04,2026-06-30
S01388,C01265,P2,partner,annual,2024-10-28,10,active,2024-10-28,2026-06-30
S01389,C01266,P2,partner,annual,2026-01-26,5,active,2026-01-26,2026-06-30
S01390,C01267,P1,partner,annual,2025-05-18,12,active,2025-05-18,2026-06-30
S01391,C01267,P1,partner,annual,2026-03-27,2,active,2026-03-27,2026-06-30
S01392,C01268,P3,partner,annual,2026-04-25,13,active,2026-04-25,2026-06-30
S01393,C01269,P3,partner,annual,2025-03-31,3,active,2025-03-31,2026-06-30
S01394,C01270,P2,partner,annual,2025-10-24,3,active,2025-10-24,2026-06-30
S01395,C01271,P1,partner,annual,2025-11-07,2,active,2025-11-07,2026-06-30
S01396,C01272,P1,partner,annual,2025-07-03,28,active,2025-07-03,2026-06-30
S01397,C01273,P2,partner,monthly,2026-02-23,13,active,2026-02-23,2026-06-30
S01398,C01274,P1,partner,monthly,2026-03-05,3,active,2026-03-05,2026-06-30
S01399,C01275,P1,partner,monthly,2025-02-05,6,active,2025-02-05,2026-06-30
S01400,C01276,P2,partner,monthly,2025-02-03,2,active,2025-02-03,2026-06-30
S01401,C01277,P2,partner,annual,2026-02-06,3,active,2026-02-06,2026-06-30
S01402,C01278,P3,partner,annual,2025-05-27,8,active,2025-05-27,2026-06-30
S01403,C01279,P1,partner,annual,2025-10-01,11,active,2025-10-01,2026-06-30
S01404,C01280,P1,partner,annual,2025-12-25,152,active,2025-12-25,2026-06-30
S01405,C01281,P1,partner,annual,2024-07-16,2,active,2024-07-16,2026-06-30
S01406,C01282,P1,partner,monthly,2024-10-31,7,active,2024-10-31,2026-06-30
S01407,C01283,P1,partner,annual,2025-07-07,8,active,2025-07-07,2026-06-30
S01408,C01284,P1,partner,annual,2025-09-03,17,active,2025-09-03,2026-06-30
S01409,C01285,P2,partner,monthly,2026-02-17,4,active,2026-02-17,2026-06-30
S01410,C01286,P2,partner,annual,2025-01-19,5,active,2025-01-19,2026-06-30
S01411,C01287,P3,partner,monthly,2025-06-02,11,active,2025-06-02,2026-06-30
S01412,C01287,P3,partner,monthly,2025-10-18,16,active,2025-10-18,2026-06-30
S01413,C01288,P1,partner,annual,2026-02-04,23,active,2026-02-04,2026-06-30
S01414,C01288,P1,partner,annual,2026-03-09,0,cancelled,2026-04-21,2026-06-30
S01415,C01289,P1,partner,annual,2024-10-31,6,active,2024-10-31,2026-06-30
S01416,C01290,P2,partner,monthly,2026-02-01,2,active,2026-02-01,2026-06-30
S01417,C01291,P3,partner,monthly,2026-03-09,5,active,2026-03-09,2026-06-30
S01418,C01292,P1,partner,monthly,2025-11-27,8,active,2025-11-27,2026-06-30
S01419,C01293,P1,partner,monthly,2025-12-13,9,active,2025-12-13,2026-06-30
S01420,C01294,P2,partner,monthly,2024-10-27,23,active,2024-10-27,2026-06-30
S01421,C01295,P1,partner,monthly,2025-07-04,12,active,2025-07-04,2026-06-30
S01422,C01296,P1,partner,monthly,2025-04-17,6,active,2025-04-17,2026-06-30
S01423,C01297,P1,partner,monthly,2026-03-02,7,active,2026-03-02,2026-06-30
S01424,C01297,P1,partner,annual,2026-04-30,0,cancelled,2026-06-05,2026-06-30
S01425,C01298,P2,partner,annual,2025-03-12,1,active,2025-03-12,2026-06-30
S01426,C01299,P2,partner,monthly,2024-09-24,4,active,2024-09-24,2026-06-30
S01427,C01300,P1,partner,monthly,2026-01-06,6,active,2026-01-06,2026-06-30
S01428,C01301,P1,partner,annual,2025-07-16,0,cancelled,2025-09-28,2026-06-30
S01429,C01302,DIRECT,direct,annual,2026-06-26,89,active,2026-06-26,2026-06-30
S01430,C01303,P3,partner,monthly,2026-02-07,1,active,2026-02-07,2026-06-30
S01431,C01304,P1,partner,annual,2024-09-22,5,active,2024-09-22,2026-06-30
S01432,C01305,P1,partner,monthly,2024-12-11,4,active,2024-12-11,2026-06-30
S01433,C01305,P1,partner,annual,2025-09-02,1,active,2025-09-02,2026-06-30
S01434,C01306,P1,partner,annual,2024-12-01,15,active,2024-12-01,2026-06-30
S01435,C01307,P1,partner,monthly,2025-11-04,0,cancelled,2026-04-27,2026-06-30
S01436,C01308,P2,partner,monthly,2024-08-02,1,active,2024-08-02,2026-06-30
S01437,C01309,P1,partner,monthly,2025-05-25,0,cancelled,2026-04-02,2026-06-30
S01438,C01310,P1,partner,monthly,2024-08-14,5,active,2024-08-14,2026-06-30
S01439,C01311,P3,partner,annual,2026-04-09,2,active,2026-04-09,2026-06-30
S01440,C01312,P1,partner,annual,2025-07-07,8,active,2025-07-07,2026-06-30
S01441,C01313,P1,partner,monthly,2025-08-26,11,active,2025-08-26,2026-06-30
S01442,C01314,P1,partner,monthly,2025-06-25,6,active,2025-06-25,2026-06-30
S01443,C01315,P1,partner,annual,2026-03-11,2,active,2026-03-11,2026-06-30
S01444,C01316,P1,partner,annual,2025-02-05,0,cancelled,2025-11-02,2026-06-30
S01445,C01317,P1,partner,annual,2024-10-19,19,active,2024-10-19,2026-06-30
S01446,C01318,P1,partner,monthly,2024-07-19,4,active,2024-07-19,2026-06-30
S01447,C01318,P1,partner,monthly,2025-04-01,31,active,2025-04-01,2026-06-30
S01448,C01319,P2,partner,annual,2024-09-03,5,active,2024-09-03,2026-06-30
S01449,C01320,P1,partner,annual,2025-05-06,9,active,2025-05-06,2026-06-30
S01450,C01321,P1,partner,monthly,2025-03-30,10,active,2025-03-30,2026-06-30
S01451,C01322,P3,partner,monthly,2025-10-15,3,active,2025-10-15,2026-06-30
S01452,C01323,P1,partner,annual,2024-08-23,10,active,2024-08-23,2026-06-30
S01453,C01324,P1,partner,annual,2026-02-05,51,active,2026-02-05,2026-06-30
S01454,C01325,P3,partner,annual,2026-01-09,4,active,2026-01-09,2026-06-30
S01455,C01326,P3,partner,monthly,2025-11-17,35,active,2025-11-17,2026-06-30
S01456,C01327,P3,partner,annual,2024-12-24,34,active,2024-12-24,2026-06-30
S01457,C01328,P1,partner,monthly,2024-12-16,9,active,2024-12-16,2026-06-30
S01458,C01328,P1,partner,monthly,2026-03-19,6,active,2026-03-19,2026-06-30
S01459,C01329,P2,partner,monthly,2026-01-05,10,active,2026-01-05,2026-06-30
S01460,C01330,P1,partner,annual,2025-12-09,21,active,2025-12-09,2026-06-30
S01461,C01331,P2,partner,monthly,2024-09-05,10,active,2024-09-05,2026-06-30
S01462,C01332,DIRECT,direct,monthly,2026-01-16,89,active,2026-01-16,2026-06-30
S01463,C01333,P1,partner,annual,2024-07-08,15,active,2024-07-08,2026-06-30
S01464,C01334,P2,partner,annual,2025-02-06,4,active,2025-02-06,2026-06-30
S01465,C01335,DIRECT,direct,annual,2025-03-06,0,cancelled,2025-09-13,2026-06-30
S01466,C01336,P1,partner,monthly,2024-10-19,26,active,2024-10-19,2026-06-30
S01467,C01337,P1,partner,monthly,2026-02-28,18,active,2026-02-28,2026-06-30
S01468,C01338,P2,partner,monthly,2025-08-23,15,active,2025-08-23,2026-06-30
S01469,C01339,P3,partner,monthly,2025-05-09,41,active,2025-05-09,2026-06-30
S01470,C01339,P3,partner,annual,2026-03-17,42,active,2026-03-17,2026-06-30
S01471,C01340,P1,partner,annual,2024-11-08,12,active,2024-11-08,2026-06-30
S01472,C01340,P1,partner,monthly,2025-04-29,28,active,2025-04-29,2026-06-30
S01473,C01341,P1,partner,monthly,2025-12-18,3,active,2025-12-18,2026-06-30
S01474,C01342,P1,partner,monthly,2025-01-29,11,active,2025-01-29,2026-06-30
S01475,C01343,P3,partner,annual,2024-07-16,2,active,2024-07-16,2026-06-30
S01476,C01344,P1,partner,annual,2025-10-18,4,active,2025-10-18,2026-06-30
S01477,C01345,P2,partner,annual,2024-11-04,20,active,2024-11-04,2026-06-30
S01478,C01346,P2,partner,annual,2025-11-26,2,active,2025-11-26,2026-06-30
S01479,C01347,P1,partner,monthly,2025-11-16,10,active,2025-11-16,2026-06-30
S01480,C01348,P1,partner,annual,2025-05-11,6,active,2025-05-11,2026-06-30
S01481,C01349,DIRECT,direct,annual,2026-02-13,94,active,2026-02-13,2026-06-30
S01482,C01350,P1,partner,monthly,2025-11-27,2,active,2025-11-27,2026-06-30
S01483,C01351,P2,partner,annual,2026-05-04,5,active,2026-05-04,2026-06-30
S01484,C01351,P2,partner,annual,2026-06-27,5,active,2026-06-27,2026-06-30
S01485,C01352,DIRECT,direct,monthly,2025-06-30,0,cancelled,2025-12-18,2026-06-30
S01486,C01353,P1,partner,annual,2026-01-02,6,active,2026-01-02,2026-06-30
S01487,C01354,P1,partner,annual,2024-11-21,0,cancelled,2025-08-29,2026-06-30
S01488,C01355,P3,partner,annual,2026-06-29,4,active,2026-06-29,2026-06-30
S01489,C01356,P1,partner,annual,2025-03-07,0,cancelled,2026-04-26,2026-06-30
S01490,C01357,P1,partner,monthly,2025-07-02,0,cancelled,2026-06-13,2026-06-30
S01491,C01358,P1,partner,monthly,2026-02-24,11,active,2026-02-24,2026-06-30
S01492,C01359,P1,partner,annual,2026-02-01,12,active,2026-02-01,2026-06-30
S01493,C01360,P1,partner,monthly,2025-07-01,3,active,2025-07-01,2026-06-30
S01494,C01361,P1,partner,annual,2024-10-25,9,active,2024-10-25,2026-06-30
S01495,C01361,P1,partner,annual,2025-01-30,9,active,2025-01-30,2026-06-30
S01496,C01362,P1,partner,annual,2025-10-14,31,active,2025-10-14,2026-06-30
S01497,C01363,P1,partner,annual,2026-06-19,6,active,2026-06-19,2026-06-30
S01498,C01364,P3,partner,monthly,2024-09-06,8,active,2024-09-06,2026-06-30
S01499,C01365,P3,partner,monthly,2026-03-30,9,active,2026-03-30,2026-06-30
S01500,C01366,P1,partner,annual,2024-07-22,5,active,2024-07-22,2026-06-30
S01501,C01367,P1,partner,annual,2025-12-22,2,active,2025-12-22,2026-06-30
S01502,C01368,P3,partner,annual,2025-04-20,6,active,2025-04-20,2026-06-30
S01503,C01369,P1,partner,annual,2025-10-13,4,active,2025-10-13,2026-06-30
S01504,C01370,P2,partner,annual,2024-08-23,10,active,2024-08-23,2026-06-30
S01505,C01371,P2,partner,annual,2026-02-22,10,active,2026-02-22,2026-06-30
S01506,C01372,P1,partner,annual,2025-04-24,8,active,2025-04-24,2026-06-30
S01507,C01373,P2,partner,annual,2025-01-03,23,active,2025-01-03,2026-06-30
S01508,C01374,P2,partner,monthly,2025-10-02,6,active,2025-10-02,2026-06-30
S01509,C01375,P1,partner,monthly,2025-05-16,44,active,2025-05-16,2026-06-30
S01510,C01376,P1,partner,annual,2026-04-09,5,active,2026-04-09,2026-06-30
S01511,C01377,P1,partner,monthly,2025-06-30,8,active,2025-06-30,2026-06-30
S01512,C01377,P1,partner,monthly,2025-11-28,1,active,2025-11-28,2026-06-30
S01513,C01378,P1,partner,monthly,2025-11-07,19,active,2025-11-07,2026-06-30
S01514,C01379,P1,partner,annual,2026-01-14,10,active,2026-01-14,2026-06-30
S01515,C01380,P1,partner,annual,2024-10-12,9,active,2024-10-12,2026-06-30
S01516,C01381,P2,partner,annual,2024-12-10,0,cancelled,2025-11-09,2026-06-30
S01517,C01382,P1,partner,annual,2025-09-15,3,active,2025-09-15,2026-06-30
S01518,C01383,P2,partner,monthly,2024-10-11,28,active,2024-10-11,2026-06-30
S01519,C01384,P2,partner,annual,2025-10-03,6,active,2025-10-03,2026-06-30
S01520,C01385,P1,partner,annual,2025-08-19,3,active,2025-08-19,2026-06-30
S01521,C01386,P2,partner,annual,2024-09-28,8,active,2024-09-28,2026-06-30
S01522,C01387,P1,partner,annual,2025-11-18,4,active,2025-11-18,2026-06-30
S01523,C01388,P1,partner,annual,2024-10-16,4,active,2024-10-16,2026-06-30
S01524,C01389,P2,partner,monthly,2026-02-23,3,active,2026-02-23,2026-06-30
S01525,C01390,P1,partner,monthly,2024-07-08,14,active,2024-07-08,2026-06-30
S01526,C01391,P2,partner,annual,2025-01-08,1,active,2025-01-08,2026-06-30
S01527,C01392,P1,partner,annual,2024-12-23,20,active,2024-12-23,2026-06-30
S01528,C01393,P2,partner,annual,2024-12-21,2,active,2024-12-21,2026-06-30
S01529,C01394,P2,partner,annual,2026-04-07,17,active,2026-04-07,2026-06-30
S01530,C01395,P1,partner,annual,2025-06-14,8,active,2025-06-14,2026-06-30
S01531,C01396,P1,partner,monthly,2025-10-29,14,active,2025-10-29,2026-06-30
S01532,C01397,P1,partner,monthly,2025-12-17,3,active,2025-12-17,2026-06-30
S01533,C01398,P1,partner,annual,2026-05-04,6,active,2026-05-04,2026-06-30
S01534,C01399,P2,partner,monthly,2026-05-25,11,active,2026-05-25,2026-06-30
S01535,C01400,P1,partner,annual,2024-08-09,8,active,2024-08-09,2026-06-30
S01536,C01401,P1,partner,monthly,2026-04-01,6,active,2026-04-01,2026-06-30
S01537,C01402,P2,partner,annual,2025-09-01,1,active,2025-09-01,2026-06-30
S01538,C01403,P3,partner,annual,2025-08-23,9,active,2025-08-23,2026-06-30
S01539,C01403,P3,partner,monthly,2026-04-16,5,active,2026-04-16,2026-06-30
S01540,C01404,P3,partner,monthly,2025-01-06,6,active,2025-01-06,2026-06-30
S01541,C01405,P3,partner,annual,2025-02-02,5,active,2025-02-02,2026-06-30
S01542,C01406,P2,partner,monthly,2026-01-09,15,active,2026-01-09,2026-06-30
S01543,C01407,P1,partner,annual,2026-02-02,4,active,2026-02-02,2026-06-30
S01544,C01408,P2,partner,monthly,2026-06-24,1,active,2026-06-24,2026-06-30
S01545,C01409,P2,partner,monthly,2025-05-26,5,active,2025-05-26,2026-06-30
S01546,C01410,P1,partner,annual,2024-12-13,1,active,2024-12-13,2026-06-30
S01547,C01411,P1,partner,monthly,2026-06-11,3,active,2026-06-11,2026-06-30
S01548,C01412,P2,partner,annual,2025-11-15,4,active,2025-11-15,2026-06-30
S01549,C01413,P2,partner,annual,2024-09-05,17,active,2024-09-05,2026-06-30
S01550,C01414,P1,partner,monthly,2024-10-28,0,cancelled,2026-01-13,2026-06-30
S01551,C01414,P1,partner,annual,2025-09-18,7,active,2025-09-18,2026-06-30
S01552,C01415,P2,partner,annual,2025-05-29,7,active,2025-05-29,2026-06-30
S01553,C01416,P1,partner,monthly,2025-07-06,3,active,2025-07-06,2026-06-30
S01554,C01417,P1,partner,annual,2025-07-23,3,active,2025-07-23,2026-06-30
S01555,C01418,P3,partner,monthly,2025-08-13,6,active,2025-08-13,2026-06-30
S01556,C01419,P1,partner,monthly,2025-12-17,28,active,2025-12-17,2026-06-30
S01557,C01420,P1,partner,monthly,2024-07-02,0,cancelled,2024-10-08,2026-06-30
S01558,C01420,P1,partner,annual,2024-12-07,35,active,2024-12-07,2026-06-30
S01559,C01421,P1,partner,monthly,2026-02-07,3,active,2026-02-07,2026-06-30
S01560,C01422,P1,partner,annual,2025-01-08,3,active,2025-01-08,2026-06-30
S01561,C01423,P3,partner,annual,2025-11-26,21,active,2025-11-26,2026-06-30
S01562,C01424,P1,partner,annual,2024-09-10,14,active,2024-09-10,2026-06-30
S01563,C01425,P3,partner,monthly,2025-06-04,4,active,2025-06-04,2026-06-30
S01564,C01426,P1,partner,annual,2026-02-19,5,active,2026-02-19,2026-06-30
S01565,C01427,P2,partner,annual,2024-11-04,7,active,2024-11-04,2026-06-30
S01566,C01427,P2,partner,annual,2024-12-19,22,active,2024-12-19,2026-06-30
S01567,C01428,P1,partner,annual,2026-04-28,21,active,2026-04-28,2026-06-30
S01568,C01429,DIRECT,direct,annual,2026-03-30,82,active,2026-03-30,2026-06-30
S01569,C01430,P1,partner,monthly,2025-02-06,0,cancelled,2026-01-28,2026-06-30
S01570,C01431,P2,partner,annual,2026-05-23,22,active,2026-05-23,2026-06-30
S01571,C01432,P1,partner,monthly,2024-11-07,8,active,2024-11-07,2026-06-30
S01572,C01433,P1,partner,annual,2025-04-17,4,active,2025-04-17,2026-06-30
S01573,C01434,P3,partner,monthly,2025-06-04,1,active,2025-06-04,2026-06-30
S01574,C01435,P1,partner,monthly,2024-07-20,6,active,2024-07-20,2026-06-30
S01575,C01435,P1,partner,monthly,2025-05-09,7,active,2025-05-09,2026-06-30
S01576,C01436,P3,partner,annual,2025-07-01,22,active,2025-07-01,2026-06-30
S01577,C01437,P1,partner,annual,2026-01-08,2,active,2026-01-08,2026-06-30
S01578,C01438,P1,partner,monthly,2025-11-26,10,active,2025-11-26,2026-06-30
S01579,C01439,DIRECT,direct,monthly,2025-04-08,0,cancelled,2026-01-25,2026-06-30
S01580,C01440,P3,partner,annual,2025-02-28,29,active,2025-02-28,2026-06-30
S01581,C01441,P2,partner,annual,2025-12-02,2,active,2025-12-02,2026-06-30
S01582,C01442,P1,partner,annual,2025-07-17,2,active,2025-07-17,2026-06-30
S01583,C01443,P1,partner,monthly,2025-11-07,5,active,2025-11-07,2026-06-30
S01584,C01444,P1,partner,monthly,2025-09-20,0,cancelled,2026-06-15,2026-06-30
S01585,C01445,P1,partner,monthly,2025-02-13,1,active,2025-02-13,2026-06-30
S01586,C01446,P2,partner,annual,2026-03-28,2,active,2026-03-28,2026-06-30
S01587,C01446,P2,partner,annual,2026-06-04,23,active,2026-06-04,2026-06-30
S01588,C01447,P2,partner,annual,2025-02-19,10,active,2025-02-19,2026-06-30
S01589,C01448,P1,partner,annual,2026-02-06,11,active,2026-02-06,2026-06-30
S01590,C01449,P1,partner,monthly,2026-04-22,4,active,2026-04-22,2026-06-30
S01591,C01450,P2,partner,annual,2024-11-04,0,cancelled,2026-03-01,2026-06-30
S01592,C01451,P3,partner,monthly,2024-07-06,1,active,2024-07-06,2026-06-30
S01593,C01452,DIRECT,direct,annual,2026-06-16,174,active,2026-06-16,2026-06-30
S01594,C01453,P1,partner,monthly,2026-05-10,4,active,2026-05-10,2026-06-30
S01595,C01454,P1,partner,monthly,2025-01-31,14,active,2025-01-31,2026-06-30
S01596,C01455,P2,partner,annual,2024-07-18,48,active,2024-07-18,2026-06-30
S01597,C01456,P1,partner,annual,2025-07-03,10,active,2025-07-03,2026-06-30
S01598,C01457,P3,partner,annual,2026-03-24,5,active,2026-03-24,2026-06-30
S01599,C01458,P1,partner,monthly,2025-09-18,0,cancelled,2026-06-25,2026-06-30
S01600,C01459,P1,partner,annual,2025-12-14,13,active,2025-12-14,2026-06-30
S01601,C01459,P1,partner,monthly,2026-03-02,34,active,2026-03-02,2026-06-30
S01602,C01460,P1,partner,monthly,2025-06-15,8,active,2025-06-15,2026-06-30
S01603,C01461,P1,partner,annual,2025-06-29,13,active,2025-06-29,2026-06-30
S01604,C01462,P1,partner,annual,2024-11-30,8,active,2024-11-30,2026-06-30
S01605,C01463,P2,partner,annual,2024-10-20,14,active,2024-10-20,2026-06-30
S01606,C01463,P2,partner,annual,2025-12-16,6,active,2025-12-16,2026-06-30
S01607,C01464,P1,partner,monthly,2025-05-13,11,active,2025-05-13,2026-06-30
S01608,C01465,P2,partner,annual,2024-08-09,0,cancelled,2025-11-14,2026-06-30
S01609,C01466,P3,partner,annual,2026-03-28,12,active,2026-03-28,2026-06-30
S01610,C01466,P3,partner,annual,2026-06-20,16,active,2026-06-20,2026-06-30
S01611,C01467,P3,partner,monthly,2025-01-20,31,active,2025-01-20,2026-06-30
S01612,C01467,P3,partner,monthly,2025-08-09,50,active,2025-08-09,2026-06-30
S01613,C01468,P1,partner,annual,2026-02-21,10,active,2026-02-21,2026-06-30
S01614,C01469,P2,partner,monthly,2026-04-14,6,active,2026-04-14,2026-06-30
S01615,C01470,P1,partner,monthly,2026-03-13,7,active,2026-03-13,2026-06-30
S01616,C01471,P2,partner,annual,2024-12-08,9,active,2024-12-08,2026-06-30
S01617,C01472,P1,partner,annual,2026-03-23,8,active,2026-03-23,2026-06-30
S01618,C01473,P3,partner,monthly,2025-04-24,0,cancelled,2025-06-13,2026-06-30
S01619,C01474,P1,partner,annual,2026-04-17,5,active,2026-04-17,2026-06-30
S01620,C01475,P1,partner,annual,2025-07-21,32,active,2025-07-21,2026-06-30
S01621,C01476,P1,partner,annual,2026-03-06,17,active,2026-03-06,2026-06-30
S01622,C01477,P2,partner,monthly,2024-07-14,8,active,2024-07-14,2026-06-30
S01623,C01478,P2,partner,monthly,2025-04-21,7,active,2025-04-21,2026-06-30
S01624,C01479,P1,partner,monthly,2026-04-25,10,active,2026-04-25,2026-06-30
S01625,C01479,P1,partner,annual,2026-06-24,6,active,2026-06-24,2026-06-30
S01626,C01480,P2,partner,monthly,2026-03-16,10,active,2026-03-16,2026-06-30
S01627,C01481,P2,partner,monthly,2025-04-16,15,active,2025-04-16,2026-06-30
S01628,C01482,P2,partner,annual,2025-04-08,6,active,2025-04-08,2026-06-30
S01629,C01482,P2,partner,annual,2026-01-22,7,active,2026-01-22,2026-06-30
S01630,C01483,P1,partner,annual,2024-07-09,0,cancelled,2025-07-10,2026-06-30
S01631,C01484,P1,partner,monthly,2024-10-25,57,active,2024-10-25,2026-06-30
S01632,C01485,P2,partner,monthly,2025-06-16,11,active,2025-06-16,2026-06-30
S01633,C01486,P3,partner,monthly,2024-09-01,43,active,2024-09-01,2026-06-30
S01634,C01487,P1,partner,annual,2025-10-20,5,active,2025-10-20,2026-06-30
S01635,C01488,P1,partner,annual,2024-07-20,0,cancelled,2025-03-05,2026-06-30
S01636,C01489,P1,partner,annual,2025-11-29,4,active,2025-11-29,2026-06-30
S01637,C01490,P1,partner,monthly,2024-09-22,13,active,2024-09-22,2026-06-30
S01638,C01491,P1,partner,monthly,2024-07-31,22,active,2024-07-31,2026-06-30
S01639,C01492,P2,partner,annual,2026-04-10,14,active,2026-04-10,2026-06-30
S01640,C01493,P1,partner,annual,2025-10-21,0,cancelled,2025-12-08,2026-06-30
S01641,C01494,P2,partner,monthly,2024-07-20,0,cancelled,2025-09-12,2026-06-30
S01642,C01495,P1,partner,annual,2026-03-17,12,active,2026-03-17,2026-06-30
S01643,C01496,P2,partner,monthly,2024-12-25,5,active,2024-12-25,2026-06-30
S01644,C01497,P1,partner,monthly,2024-08-04,11,active,2024-08-04,2026-06-30
S01645,C01498,P3,partner,annual,2024-10-02,2,active,2024-10-02,2026-06-30
S01646,C01499,P1,partner,monthly,2025-09-18,1,active,2025-09-18,2026-06-30
S01647,C01500,P1,partner,annual,2026-04-22,7,active,2026-04-22,2026-06-30
S01648,C01501,P3,partner,annual,2024-10-22,0,cancelled,2025-05-29,2026-06-30
S01649,C01502,P3,partner,monthly,2025-02-21,8,active,2025-02-21,2026-06-30
S01650,C01503,P1,partner,annual,2025-11-14,21,active,2025-11-14,2026-06-30
S01651,C01504,P2,partner,annual,2026-06-19,34,active,2026-06-19,2026-06-30
S01652,C01505,DIRECT,direct,monthly,2026-06-09,673,active,2026-06-09,2026-06-30
S01653,C01506,P1,partner,monthly,2024-08-12,15,active,2024-08-12,2026-06-30
S01654,C01507,P3,partner,monthly,2025-10-09,2,active,2025-10-09,2026-06-30
S01655,C01507,P3,partner,annual,2025-12-25,15,active,2025-12-25,2026-06-30
S01656,C01508,P2,partner,annual,2025-08-01,3,active,2025-08-01,2026-06-30
S01657,C01509,P3,partner,annual,2024-11-08,22,active,2024-11-08,2026-06-30
S01658,C01510,P1,partner,annual,2026-03-21,13,active,2026-03-21,2026-06-30
S01659,C01511,P3,partner,annual,2025-11-30,12,active,2025-11-30,2026-06-30
S01660,C01512,P2,partner,annual,2026-05-18,7,active,2026-05-18,2026-06-30
S01661,C01513,P3,partner,annual,2025-12-25,14,active,2025-12-25,2026-06-30
S01662,C01513,P3,partner,monthly,2026-06-07,6,active,2026-06-07,2026-06-30
S01663,C01514,P3,partner,monthly,2025-09-14,26,active,2025-09-14,2026-06-30
S01664,C01514,P3,partner,annual,2026-04-04,11,active,2026-04-04,2026-06-30
S01665,C01515,P3,partner,annual,2025-09-26,6,active,2025-09-26,2026-06-30
S01666,C01516,DIRECT,direct,monthly,2026-04-30,688,active,2026-04-30,2026-06-30
S01667,C01517,DIRECT,direct,annual,2025-05-09,131,active,2025-05-09,2026-06-30
S01668,C01518,P1,partner,annual,2024-07-12,6,active,2024-07-12,2026-06-30
S01669,C01519,P1,partner,annual,2026-01-22,20,active,2026-01-22,2026-06-30
S01670,C01519,P1,partner,monthly,2026-04-18,6,active,2026-04-18,2026-06-30
S01671,C01520,P2,partner,annual,2025-06-09,37,active,2025-06-09,2026-06-30
S01672,C01521,DIRECT,direct,monthly,2026-06-28,213,active,2026-06-28,2026-06-30
S01673,C01522,P2,partner,annual,2024-10-22,5,active,2024-10-22,2026-06-30
S01674,C01523,P3,partner,monthly,2024-09-09,0,cancelled,2024-09-22,2026-06-30
S01675,C01523,P3,partner,annual,2025-10-29,18,active,2025-10-29,2026-06-30
S01676,C01524,P2,partner,annual,2025-04-09,5,active,2025-04-09,2026-06-30
S01677,C01525,P2,partner,annual,2024-07-26,0,cancelled,2024-08-07,2026-06-30
S01678,C01526,P2,partner,annual,2025-12-09,7,active,2025-12-09,2026-06-30
S01679,C01527,P1,partner,annual,2025-01-02,0,cancelled,2025-01-20,2026-06-30
S01680,C01528,P1,partner,monthly,2026-01-14,1,active,2026-01-14,2026-06-30
S01681,C01529,P2,partner,annual,2025-04-15,28,active,2025-04-15,2026-06-30
S01682,C01530,P1,partner,monthly,2026-04-04,5,active,2026-04-04,2026-06-30
S01683,C01531,P1,partner,monthly,2026-05-13,9,active,2026-05-13,2026-06-30
S01684,C01532,P3,partner,monthly,2025-04-08,2,active,2025-04-08,2026-06-30
S01685,C01533,P1,partner,annual,2026-01-07,33,active,2026-01-07,2026-06-30
S01686,C01534,P1,partner,monthly,2025-07-02,1,active,2025-07-02,2026-06-30
S01687,C01535,P1,partner,monthly,2024-08-14,7,active,2024-08-14,2026-06-30
S01688,C01536,P3,partner,monthly,2025-12-08,3,active,2025-12-08,2026-06-30
S01689,C01537,P3,partner,annual,2024-07-26,0,cancelled,2024-10-12,2026-06-30
S01690,C01538,P3,partner,annual,2025-06-27,5,active,2025-06-27,2026-06-30
S01691,C01539,P2,partner,annual,2026-02-14,5,active,2026-02-14,2026-06-30
S01692,C01540,P1,partner,annual,2025-06-28,0,cancelled,2026-02-25,2026-06-30
S01693,C01541,P1,partner,monthly,2026-01-17,2,active,2026-01-17,2026-06-30
S01694,C01542,P3,partner,monthly,2024-08-13,0,cancelled,2025-01-19,2026-06-30
S01695,C01543,P1,partner,monthly,2025-02-24,4,active,2025-02-24,2026-06-30
S01696,C01544,P1,partner,monthly,2025-09-30,12,active,2025-09-30,2026-06-30
S01697,C01545,P2,partner,annual,2025-07-12,0,cancelled,2026-05-26,2026-06-30
S01698,C01545,P2,partner,annual,2026-01-27,27,active,2026-01-27,2026-06-30
S01699,C01546,P1,partner,monthly,2025-08-20,0,cancelled,2025-10-07,2026-06-30
S01700,C01547,P2,partner,annual,2024-11-12,0,cancelled,2025-07-13,2026-06-30
S01701,C01548,DIRECT,direct,monthly,2025-10-07,149,active,2025-10-07,2026-06-30
S01702,C01549,P2,partner,monthly,2025-11-25,6,active,2025-11-25,2026-06-30
S01703,C01550,P3,partner,monthly,2026-03-28,12,active,2026-03-28,2026-06-30
S01704,C01551,P1,partner,annual,2025-11-12,5,active,2025-11-12,2026-06-30
S01705,C01551,P1,partner,annual,2026-03-31,13,active,2026-03-31,2026-06-30
S01706,C01552,P2,partner,annual,2024-10-25,37,active,2024-10-25,2026-06-30
S01707,C01553,P3,partner,monthly,2024-07-31,51,active,2024-07-31,2026-06-30
S01708,C01554,P1,partner,annual,2026-03-08,6,active,2026-03-08,2026-06-30
S01709,C01555,P2,partner,monthly,2025-04-21,0,cancelled,2025-07-26,2026-06-30
S01710,C01556,P1,partner,monthly,2025-04-15,3,active,2025-04-15,2026-06-30
S01711,C01557,P1,partner,monthly,2025-10-16,20,active,2025-10-16,2026-06-30
S01712,C01558,P1,partner,annual,2024-12-12,40,active,2024-12-12,2026-06-30
S01713,C01559,P3,partner,monthly,2025-07-20,11,active,2025-07-20,2026-06-30
S01714,C01560,P2,partner,annual,2024-12-06,3,active,2024-12-06,2026-06-30
S01715,C01561,P1,partner,monthly,2025-10-08,0,cancelled,2025-12-14,2026-06-30
S01716,C01562,P1,partner,annual,2024-08-08,30,active,2024-08-08,2026-06-30
S01717,C01563,P3,partner,monthly,2024-10-08,9,active,2024-10-08,2026-06-30
S01718,C01564,P1,partner,annual,2026-03-10,7,active,2026-03-10,2026-06-30
S01719,C01565,P1,partner,monthly,2026-03-08,55,active,2026-03-08,2026-06-30
S01720,C01565,P1,partner,monthly,2026-06-30,3,active,2026-06-30,2026-06-30
S01721,C01566,P1,partner,monthly,2025-10-09,13,active,2025-10-09,2026-06-30
S01722,C01567,P1,partner,annual,2026-04-12,4,active,2026-04-12,2026-06-30
S01723,C01568,DIRECT,direct,annual,2026-06-29,49,active,2026-06-29,2026-06-30
S01724,C01569,P1,partner,annual,2026-01-12,6,active,2026-01-12,2026-06-30
S01725,C01570,P1,partner,annual,2026-02-02,18,active,2026-02-02,2026-06-30
S01726,C01570,P1,partner,monthly,2026-04-14,2,active,2026-04-14,2026-06-30
S01727,C01571,P2,partner,annual,2024-11-04,13,active,2024-11-04,2026-06-30
S01728,C01572,P2,partner,annual,2025-04-12,15,active,2025-04-12,2026-06-30
S01729,C01573,P1,partner,monthly,2025-03-14,17,active,2025-03-14,2026-06-30
S01730,C01574,P2,partner,annual,2025-08-27,5,active,2025-08-27,2026-06-30
S01731,C01575,P1,partner,monthly,2024-09-12,0,cancelled,2024-12-25,2026-06-30
S01732,C01576,P3,partner,annual,2025-08-18,15,active,2025-08-18,2026-06-30
S01733,C01577,P1,partner,annual,2025-06-09,3,active,2025-06-09,2026-06-30
S01734,C01578,P2,partner,annual,2025-06-13,6,active,2025-06-13,2026-06-30
S01735,C01579,P1,partner,annual,2025-11-25,5,active,2025-11-25,2026-06-30
S01736,C01580,P2,partner,monthly,2025-03-07,0,cancelled,2026-06-04,2026-06-30
S01737,C01581,P1,partner,annual,2025-04-06,20,active,2025-04-06,2026-06-30
S01738,C01582,DIRECT,direct,annual,2025-11-28,206,active,2025-11-28,2026-06-30
S01739,C01583,P3,partner,annual,2025-08-05,4,active,2025-08-05,2026-06-30
S01740,C01584,P1,partner,annual,2024-08-21,6,active,2024-08-21,2026-06-30
S01741,C01585,P1,partner,monthly,2025-11-08,49,active,2025-11-08,2026-06-30
S01742,C01586,P1,partner,annual,2024-11-09,17,active,2024-11-09,2026-06-30
S01743,C01587,P2,partner,monthly,2024-09-07,0,cancelled,2024-09-25,2026-06-30
S01744,C01588,P2,partner,annual,2025-09-07,24,active,2025-09-07,2026-06-30
S01745,C01589,P1,partner,monthly,2025-07-12,34,active,2025-07-12,2026-06-30
S01746,C01589,P1,partner,monthly,2025-10-29,0,cancelled,2026-05-16,2026-06-30
S01747,C01590,P1,partner,annual,2025-01-30,47,active,2025-01-30,2026-06-30
S01748,C01591,P2,partner,annual,2025-08-06,60,active,2025-08-06,2026-06-30
S01749,C01592,P3,partner,monthly,2024-07-11,0,cancelled,2025-04-20,2026-06-30
S01750,C01593,P1,partner,annual,2025-02-16,13,active,2025-02-16,2026-06-30
S01751,C01593,P1,partner,monthly,2025-06-30,2,active,2025-06-30,2026-06-30
S01752,C01594,P1,partner,monthly,2025-12-23,3,active,2025-12-23,2026-06-30
S01753,C01595,P2,partner,monthly,2025-05-26,3,active,2025-05-26,2026-06-30
S01754,C01596,P2,partner,annual,2025-08-29,17,active,2025-08-29,2026-06-30
S01755,C01597,P1,partner,monthly,2024-10-16,0,cancelled,2024-12-18,2026-06-30
S01756,C01598,P3,partner,monthly,2026-01-17,0,cancelled,2026-02-05,2026-06-30
S01757,C01599,P2,partner,annual,2026-05-13,9,active,2026-05-13,2026-06-30
S01758,C01600,P2,partner,annual,2025-02-15,4,active,2025-02-15,2026-06-30
S01759,C01601,P1,partner,annual,2025-10-17,8,active,2025-10-17,2026-06-30
S01760,C01602,P1,partner,annual,2026-01-02,8,active,2026-01-02,2026-06-30
S01761,C01603,P1,partner,monthly,2026-03-16,10,active,2026-03-16,2026-06-30
S01762,C01604,P1,partner,annual,2025-06-19,3,active,2025-06-19,2026-06-30
S01763,C01605,P1,partner,monthly,2025-08-21,9,active,2025-08-21,2026-06-30
S01764,C01606,P1,partner,annual,2025-01-24,6,active,2025-01-24,2026-06-30
S01765,C01607,P1,partner,annual,2026-04-01,16,active,2026-04-01,2026-06-30
S01766,C01608,P1,partner,annual,2025-10-11,3,active,2025-10-11,2026-06-30
S01767,C01608,P1,partner,monthly,2026-03-09,0,cancelled,2026-05-09,2026-06-30
S01768,C01609,P2,partner,annual,2025-01-06,1,active,2025-01-06,2026-06-30
S01769,C01610,P1,partner,monthly,2024-11-14,29,active,2024-11-14,2026-06-30
S01770,C01611,P2,partner,annual,2026-05-15,3,active,2026-05-15,2026-06-30
S01771,C01612,P3,partner,annual,2025-11-19,4,active,2025-11-19,2026-06-30
S01772,C01613,DIRECT,direct,monthly,2024-10-01,233,active,2024-10-01,2026-06-30
S01773,C01614,P1,partner,annual,2025-06-17,10,active,2025-06-17,2026-06-30
S01774,C01614,P1,partner,annual,2025-09-27,13,active,2025-09-27,2026-06-30
S01775,C01615,P1,partner,annual,2026-06-12,22,active,2026-06-12,2026-06-30
S01776,C01616,P3,partner,monthly,2025-01-15,11,active,2025-01-15,2026-06-30
S01777,C01617,P1,partner,annual,2025-12-31,23,active,2025-12-31,2026-06-30
S01778,C01618,P2,partner,monthly,2025-10-31,2,active,2025-10-31,2026-06-30
S01779,C01619,P2,partner,monthly,2026-03-31,9,active,2026-03-31,2026-06-30
S01780,C01620,P3,partner,annual,2025-02-12,10,active,2025-02-12,2026-06-30
S01781,C01621,P1,partner,annual,2025-03-20,13,active,2025-03-20,2026-06-30
S01782,C01622,P2,partner,annual,2025-11-25,39,active,2025-11-25,2026-06-30
S01783,C01623,P1,partner,annual,2026-02-02,14,active,2026-02-02,2026-06-30
S01784,C01624,P2,partner,annual,2026-03-04,9,active,2026-03-04,2026-06-30
S01785,C01625,P2,partner,annual,2025-07-05,21,active,2025-07-05,2026-06-30
S01786,C01626,P3,partner,annual,2025-03-20,1,active,2025-03-20,2026-06-30
S01787,C01627,P1,partner,annual,2024-12-16,0,cancelled,2026-06-20,2026-06-30
S01788,C01628,P1,partner,monthly,2026-02-14,5,active,2026-02-14,2026-06-30
S01789,C01629,P3,partner,monthly,2026-05-28,62,active,2026-05-28,2026-06-30
S01790,C01630,P1,partner,annual,2026-01-15,1,active,2026-01-15,2026-06-30
S01791,C01631,P1,partner,monthly,2025-07-17,8,active,2025-07-17,2026-06-30
S01792,C01631,P1,partner,monthly,2026-01-03,8,active,2026-01-03,2026-06-30
S01793,C01632,P2,partner,annual,2025-12-24,3,active,2025-12-24,2026-06-30
S01794,C01633,P1,partner,monthly,2025-06-23,3,active,2025-06-23,2026-06-30
S01795,C01634,P2,partner,annual,2024-09-30,2,active,2024-09-30,2026-06-30
S01796,C01635,P1,partner,annual,2024-10-29,10,active,2024-10-29,2026-06-30
S01797,C01636,P3,partner,monthly,2025-06-15,0,cancelled,2025-12-22,2026-06-30
S01798,C01637,P2,partner,annual,2025-04-17,13,active,2025-04-17,2026-06-30
S01799,C01638,P2,partner,annual,2026-03-20,23,active,2026-03-20,2026-06-30
S01800,C01638,P2,partner,annual,2026-05-28,11,active,2026-05-28,2026-06-30
S01801,C01639,P2,partner,monthly,2026-01-19,16,active,2026-01-19,2026-06-30
S01802,C01640,P1,partner,monthly,2026-03-10,4,active,2026-03-10,2026-06-30
S01803,C01641,P2,partner,monthly,2025-09-29,5,active,2025-09-29,2026-06-30
S01804,C01641,P2,partner,annual,2025-11-15,11,active,2025-11-15,2026-06-30
S01805,C01642,P2,partner,monthly,2025-05-20,14,active,2025-05-20,2026-06-30
S01806,C01642,P2,partner,annual,2026-02-26,8,active,2026-02-26,2026-06-30
S01807,C01643,P1,partner,annual,2025-09-09,13,active,2025-09-09,2026-06-30
S01808,C01644,P3,partner,monthly,2026-05-10,4,active,2026-05-10,2026-06-30
S01809,C01645,P1,partner,annual,2025-06-24,0,cancelled,2025-07-11,2026-06-30
S01810,C01646,P2,partner,monthly,2024-11-06,0,cancelled,2026-02-21,2026-06-30
S01811,C01646,P2,partner,annual,2025-01-02,60,active,2025-01-02,2026-06-30
S01812,C01647,P2,partner,monthly,2025-10-12,1,active,2025-10-12,2026-06-30
S01813,C01648,P2,partner,annual,2024-09-05,2,active,2024-09-05,2026-06-30
S01814,C01649,P1,partner,annual,2024-07-27,2,active,2024-07-27,2026-06-30
S01815,C01650,P1,partner,monthly,2026-03-15,18,active,2026-03-15,2026-06-30
S01816,C01651,P1,partner,monthly,2025-04-14,46,active,2025-04-14,2026-06-30
S01817,C01652,P3,partner,monthly,2024-12-31,7,active,2024-12-31,2026-06-30
S01818,C01653,P1,partner,annual,2024-12-23,9,active,2024-12-23,2026-06-30
S01819,C01653,P1,partner,annual,2026-01-09,2,active,2026-01-09,2026-06-30
S01820,C01654,P2,partner,annual,2026-05-30,7,active,2026-05-30,2026-06-30
S01821,C01655,P2,partner,annual,2025-06-01,36,active,2025-06-01,2026-06-30
S01822,C01655,P2,partner,monthly,2025-11-04,3,active,2025-11-04,2026-06-30
S01823,C01656,P3,partner,monthly,2025-03-26,14,active,2025-03-26,2026-06-30
S01824,C01657,P3,partner,annual,2024-08-22,6,active,2024-08-22,2026-06-30
S01825,C01658,P2,partner,annual,2025-08-14,2,active,2025-08-14,2026-06-30
S01826,C01659,P3,partner,monthly,2026-06-11,10,active,2026-06-11,2026-06-30
S01827,C01660,P1,partner,monthly,2025-04-30,5,active,2025-04-30,2026-06-30
S01828,C01661,P1,partner,monthly,2025-09-07,3,active,2025-09-07,2026-06-30
S01829,C01662,P2,partner,monthly,2024-11-19,0,cancelled,2025-07-13,2026-06-30
S01830,C01663,P3,partner,monthly,2026-02-25,0,cancelled,2026-05-31,2026-06-30
S01831,C01664,P1,partner,monthly,2025-02-05,20,active,2025-02-05,2026-06-30
S01832,C01665,P1,partner,annual,2025-06-10,4,active,2025-06-10,2026-06-30
S01833,C01666,P3,partner,monthly,2026-02-27,4,active,2026-02-27,2026-06-30
S01834,C01667,P2,partner,annual,2025-06-26,8,active,2025-06-26,2026-06-30
S01835,C01668,P2,partner,annual,2024-08-29,24,active,2024-08-29,2026-06-30
S01836,C01669,P1,partner,monthly,2024-12-09,31,active,2024-12-09,2026-06-30
S01837,C01670,P1,partner,annual,2024-12-29,7,active,2024-12-29,2026-06-30
S01838,C01670,P1,partner,annual,2026-04-24,15,active,2026-04-24,2026-06-30
S01839,C01671,P1,partner,monthly,2025-09-28,13,active,2025-09-28,2026-06-30
S01840,C01672,P1,partner,annual,2024-08-17,0,cancelled,2024-10-13,2026-06-30
S01841,C01673,P1,partner,annual,2026-01-27,22,active,2026-01-27,2026-06-30
S01842,C01674,P2,partner,monthly,2026-04-17,7,active,2026-04-17,2026-06-30
S01843,C01675,DIRECT,direct,annual,2025-03-20,403,active,2025-03-20,2026-06-30
S01844,C01676,P2,partner,annual,2026-04-12,5,active,2026-04-12,2026-06-30
S01845,C01677,P1,partner,monthly,2026-01-19,5,active,2026-01-19,2026-06-30
S01846,C01678,P3,partner,annual,2024-10-27,4,active,2024-10-27,2026-06-30
S01847,C01679,P2,partner,annual,2025-10-07,5,active,2025-10-07,2026-06-30
S01848,C01680,P2,partner,annual,2025-04-22,0,cancelled,2025-06-03,2026-06-30
S01849,C01681,P1,partner,monthly,2024-12-02,11,active,2024-12-02,2026-06-30
S01850,C01682,P1,partner,monthly,2025-05-03,19,active,2025-05-03,2026-06-30
S01851,C01683,P1,partner,annual,2025-08-07,2,active,2025-08-07,2026-06-30
S01852,C01684,P3,partner,monthly,2024-11-19,9,active,2024-11-19,2026-06-30
S01853,C01685,P2,partner,annual,2025-10-20,10,active,2025-10-20,2026-06-30
S01854,C01686,P2,partner,annual,2026-02-28,19,active,2026-02-28,2026-06-30
S01855,C01687,P1,partner,annual,2026-01-26,4,active,2026-01-26,2026-06-30
S01856,C01688,P1,partner,monthly,2024-11-13,7,active,2024-11-13,2026-06-30
S01857,C01689,P1,partner,monthly,2026-05-16,18,active,2026-05-16,2026-06-30
S01858,C01690,P3,partner,monthly,2025-10-24,15,active,2025-10-24,2026-06-30
S01859,C01691,P1,partner,annual,2026-01-14,7,active,2026-01-14,2026-06-30
S01860,C01692,P2,partner,annual,2025-07-23,5,active,2025-07-23,2026-06-30
S01861,C01692,P2,partner,annual,2026-02-20,1,active,2026-02-20,2026-06-30
S01862,C01693,P2,partner,monthly,2026-04-17,5,active,2026-04-17,2026-06-30
S01863,C01694,P3,partner,annual,2026-03-21,4,active,2026-03-21,2026-06-30
S01864,C01695,P2,partner,annual,2025-10-26,19,active,2025-10-26,2026-06-30
S01865,C01696,P1,partner,monthly,2026-06-06,10,active,2026-06-06,2026-06-30
S01866,C01697,DIRECT,direct,annual,2024-11-25,235,active,2024-11-25,2026-06-30
S01867,C01698,P1,partner,annual,2025-01-28,16,active,2025-01-28,2026-06-30
S01868,C01699,P3,partner,annual,2025-01-29,4,active,2025-01-29,2026-06-30
S01869,C01700,P2,partner,annual,2026-04-04,13,active,2026-04-04,2026-06-30
S01870,C01701,P1,partner,annual,2025-10-09,2,active,2025-10-09,2026-06-30
S01871,C01702,DIRECT,direct,monthly,2026-03-24,160,active,2026-03-24,2026-06-30
S01872,C01703,P1,partner,annual,2025-11-12,7,active,2025-11-12,2026-06-30
S01873,C01703,P1,partner,annual,2026-02-05,0,cancelled,2026-03-03,2026-06-30
S01874,C01704,P1,partner,monthly,2026-06-18,8,active,2026-06-18,2026-06-30
S01875,C01705,P2,partner,annual,2025-08-03,58,active,2025-08-03,2026-06-30
S01876,C01705,P2,partner,monthly,2026-06-04,17,active,2026-06-04,2026-06-30
S01877,C01706,P1,partner,annual,2026-02-09,9,active,2026-02-09,2026-06-30
S01878,C01707,P1,partner,annual,2025-04-16,11,active,2025-04-16,2026-06-30
S01879,C01708,P2,partner,annual,2025-11-07,16,active,2025-11-07,2026-06-30
S01880,C01709,P1,partner,annual,2024-12-22,3,active,2024-12-22,2026-06-30
S01881,C01710,P1,partner,annual,2025-12-05,23,active,2025-12-05,2026-06-30
S01882,C01711,P1,partner,annual,2024-07-18,0,cancelled,2024-08-03,2026-06-30
S01883,C01712,P1,partner,monthly,2026-03-01,2,active,2026-03-01,2026-06-30
S01884,C01713,P1,partner,annual,2024-08-21,11,active,2024-08-21,2026-06-30
S01885,C01714,P1,partner,annual,2024-09-16,1,active,2024-09-16,2026-06-30
S01886,C01715,P3,partner,annual,2026-06-24,10,active,2026-06-24,2026-06-30
S01887,C01716,P1,partner,annual,2026-02-04,25,active,2026-02-04,2026-06-30
S01888,C01717,P2,partner,annual,2025-02-24,25,active,2025-02-24,2026-06-30
S01889,C01718,P1,partner,monthly,2026-01-20,8,active,2026-01-20,2026-06-30
S01890,C01719,P2,partner,annual,2025-09-24,4,active,2025-09-24,2026-06-30
S01891,C01720,P1,partner,annual,2025-03-16,32,active,2025-03-16,2026-06-30
S01892,C01721,P1,partner,annual,2024-08-29,0,cancelled,2025-10-10,2026-06-30
S01893,C01722,P1,partner,monthly,2025-11-19,18,active,2025-11-19,2026-06-30
S01894,C01723,P3,partner,annual,2025-09-04,40,active,2025-09-04,2026-06-30
S01895,C01724,P2,partner,monthly,2025-06-23,17,active,2025-06-23,2026-06-30
S01896,C01725,P1,partner,monthly,2025-01-31,22,active,2025-01-31,2026-06-30
S01897,C01726,P1,partner,annual,2025-11-29,7,active,2025-11-29,2026-06-30
S01898,C01727,P3,partner,annual,2024-08-07,6,active,2024-08-07,2026-06-30
S01899,C01728,P2,partner,annual,2026-03-20,12,active,2026-03-20,2026-06-30
S01900,C01729,P1,partner,annual,2025-03-08,9,active,2025-03-08,2026-06-30
S01901,C01730,P3,partner,monthly,2025-08-25,7,active,2025-08-25,2026-06-30
S01902,C01731,P1,partner,annual,2025-06-05,5,active,2025-06-05,2026-06-30
S01903,C01732,P1,partner,annual,2025-03-05,12,active,2025-03-05,2026-06-30
S01904,C01733,P3,partner,monthly,2026-04-01,7,active,2026-04-01,2026-06-30
S01905,C01734,P3,partner,annual,2025-11-07,5,active,2025-11-07,2026-06-30
S01906,C01735,P1,partner,annual,2025-11-12,8,active,2025-11-12,2026-06-30
S01907,C01736,P2,partner,monthly,2025-08-03,0,cancelled,2026-05-29,2026-06-30
S01908,C01737,P3,partner,monthly,2025-08-27,0,cancelled,2026-01-26,2026-06-30
S01909,C01738,P3,partner,annual,2025-01-05,27,active,2025-01-05,2026-06-30
S01910,C01739,P3,partner,annual,2025-01-16,12,active,2025-01-16,2026-06-30
S01911,C01740,P1,partner,annual,2024-11-27,22,active,2024-11-27,2026-06-30
S01912,C01741,P1,partner,monthly,2025-05-01,7,active,2025-05-01,2026-06-30
S01913,C01742,P1,partner,monthly,2026-06-08,22,active,2026-06-08,2026-06-30
S01914,C01743,P3,partner,annual,2025-05-25,1,active,2025-05-25,2026-06-30
S01915,C01744,P3,partner,annual,2025-07-22,5,active,2025-07-22,2026-06-30
S01916,C01745,P2,partner,annual,2025-09-07,4,active,2025-09-07,2026-06-30
S01917,C01746,P1,partner,annual,2026-05-28,10,active,2026-05-28,2026-06-30
S01918,C01747,P2,partner,annual,2025-09-11,3,active,2025-09-11,2026-06-30
S01919,C01748,P2,partner,monthly,2026-01-14,9,active,2026-01-14,2026-06-30
S01920,C01749,P3,partner,monthly,2026-04-23,5,active,2026-04-23,2026-06-30
S01921,C01750,P3,partner,monthly,2025-03-15,0,cancelled,2025-09-03,2026-06-30
S01922,C01751,P1,partner,monthly,2026-01-16,1,active,2026-01-16,2026-06-30
S01923,C01752,P2,partner,annual,2025-05-06,17,active,2025-05-06,2026-06-30
S01924,C01753,P2,partner,monthly,2025-11-27,15,active,2025-11-27,2026-06-30
S01925,C01754,P1,partner,annual,2026-04-04,14,active,2026-04-04,2026-06-30
S01926,C01755,P2,partner,monthly,2024-12-20,3,active,2024-12-20,2026-06-30
S01927,C01756,P1,partner,annual,2025-11-15,10,active,2025-11-15,2026-06-30
S01928,C01757,P2,partner,annual,2025-05-08,6,active,2025-05-08,2026-06-30
S01929,C01758,P1,partner,monthly,2025-07-09,31,active,2025-07-09,2026-06-30
S01930,C01759,P1,partner,annual,2026-02-01,5,active,2026-02-01,2026-06-30
S01931,C01760,P1,partner,monthly,2025-09-24,10,active,2025-09-24,2026-06-30
S01932,C01761,P2,partner,annual,2026-03-29,3,active,2026-03-29,2026-06-30
S01933,C01762,P1,partner,monthly,2026-03-01,39,active,2026-03-01,2026-06-30
S01934,C01762,P1,partner,annual,2026-06-20,6,active,2026-06-20,2026-06-30
S01935,C01763,P2,partner,annual,2026-05-19,29,active,2026-05-19,2026-06-30
S01936,C01764,P1,partner,annual,2024-07-24,6,active,2024-07-24,2026-06-30
S01937,C01764,P1,partner,monthly,2025-09-01,2,active,2025-09-01,2026-06-30
S01938,C01765,P2,partner,monthly,2026-02-06,2,active,2026-02-06,2026-06-30
S01939,C01766,P1,partner,monthly,2025-02-05,3,active,2025-02-05,2026-06-30
S01940,C01767,P1,partner,annual,2025-01-13,36,active,2025-01-13,2026-06-30
S01941,C01768,P1,partner,monthly,2024-09-04,0,cancelled,2026-05-04,2026-06-30
S01942,C01769,P1,partner,monthly,2024-09-16,5,active,2024-09-16,2026-06-30
S01943,C01770,P3,partner,annual,2024-09-01,55,active,2024-09-01,2026-06-30
S01944,C01771,P2,partner,annual,2025-12-11,4,active,2025-12-11,2026-06-30
S01945,C01772,P1,partner,annual,2026-03-06,5,active,2026-03-06,2026-06-30
S01946,C01773,P1,partner,annual,2025-03-25,6,active,2025-03-25,2026-06-30
S01947,C01774,P3,partner,annual,2026-05-28,25,active,2026-05-28,2026-06-30
S01948,C01775,P2,partner,annual,2025-09-30,26,active,2025-09-30,2026-06-30
S01949,C01776,P1,partner,monthly,2025-04-15,0,cancelled,2025-09-14,2026-06-30
S01950,C01777,P1,partner,annual,2025-06-25,5,active,2025-06-25,2026-06-30
S01951,C01778,P2,partner,annual,2025-12-07,2,active,2025-12-07,2026-06-30
S01952,C01779,P3,partner,monthly,2024-10-14,1,active,2024-10-14,2026-06-30
S01953,C01780,P1,partner,annual,2025-04-24,19,active,2025-04-24,2026-06-30
S01954,C01781,P2,partner,monthly,2026-02-16,5,active,2026-02-16,2026-06-30
S01955,C01782,P3,partner,annual,2026-02-21,5,active,2026-02-21,2026-06-30
S01956,C01783,P3,partner,monthly,2024-09-27,7,active,2024-09-27,2026-06-30
S01957,C01784,P1,partner,annual,2024-11-10,6,active,2024-11-10,2026-06-30
S01958,C01785,P1,partner,annual,2025-08-14,7,active,2025-08-14,2026-06-30
S01959,C01786,DIRECT,direct,annual,2024-07-29,132,active,2024-07-29,2026-06-30
S01960,C01787,P3,partner,annual,2025-09-03,9,active,2025-09-03,2026-06-30
S01961,C01788,P1,partner,annual,2026-05-22,8,active,2026-05-22,2026-06-30
S01962,C01789,P3,partner,annual,2024-08-30,19,active,2024-08-30,2026-06-30
S01963,C01789,P3,partner,annual,2025-06-29,2,active,2025-06-29,2026-06-30
S01964,C01790,P2,partner,monthly,2025-06-26,4,active,2025-06-26,2026-06-30
S01965,C01791,DIRECT,direct,monthly,2024-10-30,265,active,2024-10-30,2026-06-30
S01966,C01792,P1,partner,annual,2024-07-25,0,cancelled,2025-03-05,2026-06-30
S01967,C01793,P1,partner,annual,2024-09-09,8,active,2024-09-09,2026-06-30
S01968,C01794,P1,partner,monthly,2024-08-28,3,active,2024-08-28,2026-06-30
S01969,C01795,P2,partner,annual,2025-05-06,8,active,2025-05-06,2026-06-30
S01970,C01796,DIRECT,direct,annual,2024-09-04,365,active,2024-09-04,2026-06-30
S01971,C01797,P1,partner,monthly,2025-01-26,5,active,2025-01-26,2026-06-30
S01972,C01797,P1,partner,monthly,2025-06-23,7,active,2025-06-23,2026-06-30
S01973,C01798,P1,partner,annual,2025-10-02,12,active,2025-10-02,2026-06-30
S01974,C01799,P3,partner,annual,2025-06-18,17,active,2025-06-18,2026-06-30
S01975,C01799,P3,partner,annual,2026-06-28,5,active,2026-06-28,2026-06-30
S01976,C01800,P2,partner,annual,2026-04-28,7,active,2026-04-28,2026-06-30
S01977,C01801,P2,partner,annual,2024-12-13,12,active,2024-12-13,2026-06-30
S01978,C01802,P1,partner,monthly,2025-06-06,17,active,2025-06-06,2026-06-30
S01979,C01803,P1,partner,annual,2025-11-03,15,active,2025-11-03,2026-06-30
S01980,C01804,P2,partner,annual,2024-08-31,0,cancelled,2024-12-09,2026-06-30
S01981,C01805,P3,partner,annual,2025-02-26,7,active,2025-02-26,2026-06-30
S01982,C01806,P3,partner,monthly,2025-01-10,5,active,2025-01-10,2026-06-30
S01983,C01807,P1,partner,annual,2025-08-11,11,active,2025-08-11,2026-06-30
S01984,C01808,P1,partner,monthly,2025-03-26,24,active,2025-03-26,2026-06-30
S01985,C01809,P1,partner,monthly,2024-11-08,0,cancelled,2026-06-23,2026-06-30
S01986,C01810,P1,partner,annual,2026-02-14,19,active,2026-02-14,2026-06-30
S01987,C01811,P1,partner,annual,2024-12-17,0,cancelled,2025-09-22,2026-06-30
S01988,C01812,P1,partner,annual,2024-11-16,2,active,2024-11-16,2026-06-30
S01989,C01813,P2,partner,annual,2025-04-05,7,active,2025-04-05,2026-06-30
S01990,C01814,P3,partner,annual,2024-12-16,0,cancelled,2025-05-16,2026-06-30
S01991,C01815,P1,partner,annual,2026-06-17,7,active,2026-06-17,2026-06-30
S01992,C01816,P3,partner,annual,2026-01-27,2,active,2026-01-27,2026-06-30
S01993,C01817,P1,partner,annual,2025-04-05,0,cancelled,2026-02-17,2026-06-30
S01994,C01818,P1,partner,monthly,2024-12-11,25,active,2024-12-11,2026-06-30
S01995,C01819,P1,partner,annual,2025-12-14,11,active,2025-12-14,2026-06-30
S01996,C01820,P1,partner,monthly,2025-11-05,8,active,2025-11-05,2026-06-30
S01997,C01821,P1,partner,annual,2025-08-04,2,active,2025-08-04,2026-06-30
S01998,C01822,P2,partner,monthly,2025-04-30,5,active,2025-04-30,2026-06-30
S01999,C01823,P1,partner,monthly,2024-12-25,17,active,2024-12-25,2026-06-30
S02000,C01824,P2,partner,annual,2026-04-12,5,active,2026-04-12,2026-06-30
S02001,C01825,P2,partner,annual,2025-08-07,56,active,2025-08-07,2026-06-30
S02002,C01826,P3,partner,annual,2026-05-09,0,cancelled,2026-06-22,2026-06-30
S02003,C01827,P1,partner,annual,2024-12-12,3,active,2024-12-12,2026-06-30
S02004,C01828,DIRECT,direct,annual,2024-11-02,181,active,2024-11-02,2026-06-30
S02005,C01829,P1,partner,annual,2026-01-28,8,active,2026-01-28,2026-06-30
S02006,C01830,P1,partner,monthly,2024-11-12,6,active,2024-11-12,2026-06-30
S02007,C01831,P2,partner,monthly,2026-04-18,1,active,2026-04-18,2026-06-30
S02008,C01832,P1,partner,monthly,2024-09-27,2,active,2024-09-27,2026-06-30
S02009,C01833,P1,partner,monthly,2024-09-07,23,active,2024-09-07,2026-06-30
S02010,C01834,P2,partner,monthly,2026-03-02,11,active,2026-03-02,2026-06-30
S02011,C01835,P1,partner,annual,2026-02-03,1,active,2026-02-03,2026-06-30
S02012,C01836,P3,partner,monthly,2025-02-05,3,active,2025-02-05,2026-06-30
S02013,C01837,P2,partner,monthly,2025-08-22,0,cancelled,2026-02-28,2026-06-30
S02014,C01838,P1,partner,annual,2025-04-21,7,active,2025-04-21,2026-06-30
S02015,C01839,P3,partner,annual,2024-08-24,7,active,2024-08-24,2026-06-30
S02016,C01840,P2,partner,annual,2024-07-02,14,active,2024-07-02,2026-06-30
S02017,C01841,P3,partner,monthly,2025-02-20,20,active,2025-02-20,2026-06-30
S02018,C01842,P2,partner,annual,2024-10-07,7,active,2024-10-07,2026-06-30
S02019,C01843,P3,partner,monthly,2026-05-17,3,active,2026-05-17,2026-06-30
S02020,C01844,P2,partner,monthly,2024-09-23,18,active,2024-09-23,2026-06-30
S02021,C01845,P2,partner,annual,2025-03-19,11,active,2025-03-19,2026-06-30
S02022,C01846,P3,partner,annual,2026-06-01,31,active,2026-06-01,2026-06-30
S02023,C01847,P3,partner,annual,2024-10-10,3,active,2024-10-10,2026-06-30
S02024,C01848,P2,partner,monthly,2025-01-11,74,active,2025-01-11,2026-06-30
S02025,C01849,P1,partner,annual,2026-01-17,19,active,2026-01-17,2026-06-30
S02026,C01850,P1,partner,annual,2024-10-12,0,cancelled,2025-12-26,2026-06-30
S02027,C01851,P1,partner,annual,2024-10-30,6,active,2024-10-30,2026-06-30
S02028,C01851,P1,partner,annual,2024-12-29,6,active,2024-12-29,2026-06-30
S02029,C01852,P2,partner,annual,2025-09-03,13,active,2025-09-03,2026-06-30
S02030,C01853,P1,partner,annual,2024-12-27,26,active,2024-12-27,2026-06-30
S02031,C01854,P2,partner,annual,2025-11-27,19,active,2025-11-27,2026-06-30
S02032,C01854,P2,partner,monthly,2026-02-12,5,active,2026-02-12,2026-06-30
S02033,C01855,P2,partner,annual,2025-04-16,7,active,2025-04-16,2026-06-30
S02034,C01856,P1,partner,annual,2025-04-19,12,active,2025-04-19,2026-06-30
S02035,C01857,P1,partner,monthly,2024-09-10,1,active,2024-09-10,2026-06-30
S02036,C01858,P2,partner,monthly,2025-12-14,4,active,2025-12-14,2026-06-30
S02037,C01859,P1,partner,monthly,2025-04-24,0,cancelled,2026-04-14,2026-06-30
S02038,C01860,P1,partner,monthly,2025-09-14,2,active,2025-09-14,2026-06-30
S02039,C01861,P2,partner,monthly,2025-06-18,0,cancelled,2025-12-21,2026-06-30
S02040,C01861,P2,partner,annual,2026-06-30,65,active,2026-06-30,2026-06-30
S02041,C01862,P1,partner,monthly,2024-12-09,8,active,2024-12-09,2026-06-30
S02042,C01862,P1,partner,annual,2026-02-23,19,active,2026-02-23,2026-06-30
S02043,C01863,P2,partner,monthly,2026-05-10,6,active,2026-05-10,2026-06-30
S02044,C01864,P1,partner,monthly,2025-06-12,0,cancelled,2025-06-26,2026-06-30
S02045,C01865,DIRECT,direct,annual,2025-10-26,47,active,2025-10-26,2026-06-30
S02046,C01865,DIRECT,direct,annual,2026-05-05,143,active,2026-05-05,2026-06-30
S02047,C01866,P1,partner,monthly,2025-02-04,0,cancelled,2025-07-24,2026-06-30
S02048,C01867,P1,partner,monthly,2024-10-23,8,active,2024-10-23,2026-06-30
S02049,C01867,P1,partner,annual,2026-03-09,2,active,2026-03-09,2026-06-30
S02050,C01868,P1,partner,annual,2024-10-13,3,active,2024-10-13,2026-06-30
S02051,C01869,P1,partner,annual,2026-05-12,6,active,2026-05-12,2026-06-30
S02052,C01870,P1,partner,annual,2026-04-27,0,cancelled,2026-06-14,2026-06-30
S02053,C01870,P1,partner,annual,2026-06-15,7,active,2026-06-15,2026-06-30
S02054,C01871,P1,partner,annual,2025-02-23,13,active,2025-02-23,2026-06-30
S02055,C01872,DIRECT,direct,monthly,2025-07-06,26,active,2025-07-06,2026-06-30
S02056,C01873,P1,partner,monthly,2026-06-24,12,active,2026-06-24,2026-06-30
S02057,C01874,P1,partner,annual,2025-07-31,6,active,2025-07-31,2026-06-30
S02058,C01875,P2,partner,annual,2024-10-20,12,active,2024-10-20,2026-06-30
S02059,C01876,P2,partner,annual,2024-11-30,3,active,2024-11-30,2026-06-30
S02060,C01877,P1,partner,monthly,2024-12-14,31,active,2024-12-14,2026-06-30
S02061,C01878,P3,partner,annual,2026-04-23,3,active,2026-04-23,2026-06-30
S02062,C01878,P3,partner,annual,2026-06-30,2,active,2026-06-30,2026-06-30
S02063,C01879,P1,partner,monthly,2026-06-01,11,active,2026-06-01,2026-06-30
S02064,C01880,P1,partner,monthly,2024-08-13,36,active,2024-08-13,2026-06-30
S02065,C01881,P1,partner,monthly,2024-12-07,3,active,2024-12-07,2026-06-30
S02066,C01882,P1,partner,monthly,2026-04-18,12,active,2026-04-18,2026-06-30
S02067,C01883,DIRECT,direct,monthly,2026-01-25,0,cancelled,2026-01-31,2026-06-30
S02068,C01884,P2,partner,annual,2025-04-02,2,active,2025-04-02,2026-06-30
S02069,C01885,P1,partner,annual,2025-03-26,3,active,2025-03-26,2026-06-30
S02070,C01886,P1,partner,monthly,2025-05-28,8,active,2025-05-28,2026-06-30
S02071,C01887,P1,partner,annual,2026-01-12,9,active,2026-01-12,2026-06-30
S02072,C01888,P1,partner,monthly,2025-02-15,0,cancelled,2025-08-22,2026-06-30
S02073,C01889,P1,partner,monthly,2025-08-02,3,active,2025-08-02,2026-06-30
S02074,C01890,P1,partner,annual,2025-12-03,7,active,2025-12-03,2026-06-30
S02075,C01891,P1,partner,annual,2024-07-16,15,active,2024-07-16,2026-06-30
S02076,C01892,P1,partner,monthly,2025-08-28,12,active,2025-08-28,2026-06-30
S02077,C01893,P3,partner,annual,2024-11-06,10,active,2024-11-06,2026-06-30
S02078,C01894,DIRECT,direct,annual,2026-03-06,124,active,2026-03-06,2026-06-30
S02079,C01895,P2,partner,annual,2026-04-06,39,active,2026-04-06,2026-06-30
S02080,C01896,P1,partner,annual,2025-03-01,14,active,2025-03-01,2026-06-30
S02081,C01897,P3,partner,annual,2025-02-12,1,active,2025-02-12,2026-06-30
S02082,C01898,P1,partner,monthly,2025-01-05,7,active,2025-01-05,2026-06-30
S02083,C01899,DIRECT,direct,annual,2024-09-18,538,active,2024-09-18,2026-06-30
S02084,C01900,P3,partner,annual,2025-11-13,8,active,2025-11-13,2026-06-30
S02085,C01901,P2,partner,monthly,2026-05-07,17,active,2026-05-07,2026-06-30
S02086,C01902,P1,partner,annual,2025-03-07,14,active,2025-03-07,2026-06-30
S02087,C01903,P1,partner,annual,2026-01-08,3,active,2026-01-08,2026-06-30
S02088,C01904,P1,partner,annual,2025-03-19,5,active,2025-03-19,2026-06-30
S02089,C01905,P2,partner,annual,2024-11-01,0,cancelled,2026-01-10,2026-06-30
S02090,C01906,P1,partner,annual,2024-09-22,9,active,2024-09-22,2026-06-30
S02091,C01907,P2,partner,annual,2025-07-03,8,active,2025-07-03,2026-06-30
S02092,C01908,P1,partner,monthly,2025-12-07,8,active,2025-12-07,2026-06-30
S02093,C01909,P1,partner,annual,2025-12-07,15,active,2025-12-07,2026-06-30
S02094,C01910,P1,partner,annual,2025-09-22,40,active,2025-09-22,2026-06-30
S02095,C01911,P2,partner,annual,2025-06-03,6,active,2025-06-03,2026-06-30
S02096,C01912,P3,partner,monthly,2025-05-25,7,active,2025-05-25,2026-06-30
S02097,C01913,P1,partner,monthly,2025-10-14,5,active,2025-10-14,2026-06-30
S02098,C01914,P3,partner,annual,2025-01-11,11,active,2025-01-11,2026-06-30
S02099,C01915,DIRECT,direct,annual,2026-04-25,143,active,2026-04-25,2026-06-30
S02100,C01916,P1,partner,annual,2025-07-07,7,active,2025-07-07,2026-06-30
S02101,C01917,P2,partner,annual,2026-03-19,1,active,2026-03-19,2026-06-30
S02102,C01917,P2,partner,monthly,2026-06-18,23,active,2026-06-18,2026-06-30
S02103,C01918,P1,partner,annual,2025-02-06,18,active,2025-02-06,2026-06-30
S02104,C01919,P3,partner,monthly,2024-12-31,23,active,2024-12-31,2026-06-30
S02105,C01920,P1,partner,annual,2024-12-13,13,active,2024-12-13,2026-06-30
S02106,C01921,P1,partner,annual,2025-10-07,4,active,2025-10-07,2026-06-30
S02107,C01922,P1,partner,annual,2025-05-28,0,cancelled,2025-12-04,2026-06-30
S02108,C01923,P3,partner,monthly,2026-02-04,4,active,2026-02-04,2026-06-30
S02109,C01923,P3,partner,annual,2026-04-30,4,active,2026-04-30,2026-06-30
S02110,C01924,P1,partner,monthly,2026-05-09,14,active,2026-05-09,2026-06-30
S02111,C01925,P1,partner,annual,2024-07-01,20,active,2024-07-01,2026-06-30
S02112,C01926,P2,partner,annual,2024-10-23,28,active,2024-10-23,2026-06-30
S02113,C01927,P1,partner,annual,2025-08-24,6,active,2025-08-24,2026-06-30
S02114,C01928,P1,partner,annual,2024-11-19,7,active,2024-11-19,2026-06-30
S02115,C01928,P1,partner,annual,2025-07-08,3,active,2025-07-08,2026-06-30
S02116,C01929,P1,partner,monthly,2024-11-25,28,active,2024-11-25,2026-06-30
S02117,C01930,P1,partner,annual,2024-10-24,9,active,2024-10-24,2026-06-30
S02118,C01930,P1,partner,annual,2026-06-16,9,active,2026-06-16,2026-06-30
S02119,C01931,P1,partner,annual,2025-08-03,16,active,2025-08-03,2026-06-30
S02120,C01932,P1,partner,annual,2025-02-02,5,active,2025-02-02,2026-06-30
S02121,C01933,P2,partner,annual,2024-07-09,25,active,2024-07-09,2026-06-30
S02122,C01934,P2,partner,annual,2025-10-01,4,active,2025-10-01,2026-06-30
S02123,C01935,P3,partner,monthly,2026-04-25,25,active,2026-04-25,2026-06-30
S02124,C01936,P3,partner,monthly,2025-05-01,42,active,2025-05-01,2026-06-30
S02125,C01937,P1,partner,monthly,2025-09-13,9,active,2025-09-13,2026-06-30
S02126,C01938,P1,partner,monthly,2026-02-07,3,active,2026-02-07,2026-06-30
S02127,C01939,P2,partner,annual,2026-05-05,62,active,2026-05-05,2026-06-30
S02128,C01940,P1,partner,annual,2025-06-09,10,active,2025-06-09,2026-06-30
S02129,C01941,P1,partner,monthly,2024-12-09,10,active,2024-12-09,2026-06-30
S02130,C01942,P3,partner,annual,2024-09-22,18,active,2024-09-22,2026-06-30
S02131,C01943,DIRECT,direct,annual,2025-06-10,0,cancelled,2025-08-30,2026-06-30
S02132,C01944,P2,partner,annual,2024-07-18,8,active,2024-07-18,2026-06-30
S02133,C01945,P3,partner,monthly,2026-02-21,6,active,2026-02-21,2026-06-30
S02134,C01946,P2,partner,annual,2024-10-13,24,active,2024-10-13,2026-06-30
S02135,C01947,P1,partner,monthly,2025-02-09,3,active,2025-02-09,2026-06-30
S02136,C01948,P2,partner,annual,2025-09-05,9,active,2025-09-05,2026-06-30
S02137,C01949,P1,partner,annual,2025-07-24,10,active,2025-07-24,2026-06-30
S02138,C01950,P2,partner,annual,2026-02-28,5,active,2026-02-28,2026-06-30
S02139,C01951,P3,partner,annual,2026-03-13,12,active,2026-03-13,2026-06-30
S02140,C01952,DIRECT,direct,annual,2025-07-07,86,active,2025-07-07,2026-06-30
S02141,C01953,P1,partner,monthly,2024-09-07,7,active,2024-09-07,2026-06-30
S02142,C01954,DIRECT,direct,annual,2025-08-08,329,active,2025-08-08,2026-06-30
S02143,C01954,DIRECT,direct,annual,2025-09-26,138,active,2025-09-26,2026-06-30
S02144,C01955,P3,partner,monthly,2025-01-13,13,active,2025-01-13,2026-06-30
S02145,C01956,P1,partner,monthly,2025-01-28,19,active,2025-01-28,2026-06-30
S02146,C01957,P1,partner,monthly,2026-04-06,15,active,2026-04-06,2026-06-30
S02147,C01958,P1,partner,annual,2025-03-31,7,active,2025-03-31,2026-06-30
S02148,C01959,P3,partner,annual,2025-12-21,17,active,2025-12-21,2026-06-30
S02149,C01960,P1,partner,annual,2026-01-22,20,active,2026-01-22,2026-06-30
S02150,C01961,P3,partner,annual,2026-03-15,0,cancelled,2026-04-25,2026-06-30
S02151,C01962,P3,partner,annual,2024-09-27,0,cancelled,2026-06-28,2026-06-30
S02152,C01963,P3,partner,monthly,2026-01-31,0,cancelled,2026-03-06,2026-06-30
S02153,C01964,P1,partner,annual,2025-05-23,24,active,2025-05-23,2026-06-30
S02154,C01965,P1,partner,monthly,2026-03-05,24,active,2026-03-05,2026-06-30
S02155,C01966,P1,partner,monthly,2025-04-29,14,active,2025-04-29,2026-06-30
S02156,C01967,P1,partner,annual,2025-04-12,16,active,2025-04-12,2026-06-30
S02157,C01968,P2,partner,annual,2026-02-22,8,active,2026-02-22,2026-06-30
S02158,C01969,P2,partner,monthly,2025-12-03,3,active,2025-12-03,2026-06-30
S02159,C01969,P2,partner,monthly,2026-03-22,17,active,2026-03-22,2026-06-30
S02160,C01970,P2,partner,annual,2025-08-14,2,active,2025-08-14,2026-06-30
S02161,C01971,P1,partner,annual,2024-10-06,8,active,2024-10-06,2026-06-30
S02162,C01972,P1,partner,annual,2025-04-06,11,active,2025-04-06,2026-06-30
S02163,C01973,P2,partner,monthly,2024-09-13,7,active,2024-09-13,2026-06-30
S02164,C01974,DIRECT,direct,annual,2025-06-07,0,cancelled,2025-11-20,2026-06-30
S02165,C01975,P1,partner,annual,2025-06-26,6,active,2025-06-26,2026-06-30
S02166,C01976,P2,partner,annual,2026-01-10,7,active,2026-01-10,2026-06-30
S02167,C01977,P1,partner,monthly,2025-12-06,1,active,2025-12-06,2026-06-30
S02168,C01978,P1,partner,annual,2026-05-08,3,active,2026-05-08,2026-06-30
S02169,C01979,P1,partner,annual,2025-07-17,4,active,2025-07-17,2026-06-30
S02170,C01980,P1,partner,annual,2025-04-22,5,active,2025-04-22,2026-06-30
S02171,C01981,P1,partner,annual,2025-05-20,58,active,2025-05-20,2026-06-30
S02172,C01982,P1,partner,monthly,2025-12-14,8,active,2025-12-14,2026-06-30
S02173,C01983,P2,partner,annual,2024-11-14,1,active,2024-11-14,2026-06-30
S02174,C01984,P2,partner,annual,2025-01-22,2,active,2025-01-22,2026-06-30
S02175,C01985,P1,partner,monthly,2025-04-01,12,active,2025-04-01,2026-06-30
S02176,C01985,P1,partner,annual,2026-05-05,15,active,2026-05-05,2026-06-30
S02177,C01986,P1,partner,annual,2025-06-02,8,active,2025-06-02,2026-06-30
S02178,C01987,P1,partner,annual,2025-10-05,1,active,2025-10-05,2026-06-30
S02179,C01988,P3,partner,monthly,2025-06-17,4,active,2025-06-17,2026-06-30
S02180,C01988,P3,partner,monthly,2025-09-05,6,active,2025-09-05,2026-06-30
S02181,C01989,P2,partner,annual,2024-07-17,6,active,2024-07-17,2026-06-30
S02182,C01990,P2,partner,monthly,2024-11-28,2,active,2024-11-28,2026-06-30
S02183,C01990,P2,partner,monthly,2025-03-31,11,active,2025-03-31,2026-06-30
S02184,C01991,P2,partner,annual,2024-10-22,0,cancelled,2025-03-04,2026-06-30
S02185,C01992,P1,partner,annual,2025-12-10,5,active,2025-12-10,2026-06-30
S02186,C01993,P2,partner,monthly,2024-09-22,3,active,2024-09-22,2026-06-30
S02187,C01994,P2,partner,annual,2025-10-29,2,active,2025-10-29,2026-06-30
S02188,C01995,P1,partner,monthly,2025-06-26,2,active,2025-06-26,2026-06-30
S02189,C01996,P3,partner,annual,2025-10-14,9,active,2025-10-14,2026-06-30
S02190,C01997,DIRECT,direct,annual,2025-04-06,419,active,2025-04-06,2026-06-30
S02191,C01998,P1,partner,monthly,2025-08-20,7,active,2025-08-20,2026-06-30
S02192,C01999,P1,partner,annual,2026-03-05,6,active,2026-03-05,2026-06-30
S02193,C02000,P3,partner,monthly,2025-02-01,25,active,2025-02-01,2026-06-30
S02194,C02001,P2,partner,annual,2025-03-25,6,active,2025-03-25,2026-06-30
S02195,C02002,P1,partner,monthly,2025-11-12,10,active,2025-11-12,2026-06-30
S02196,C02003,DIRECT,direct,annual,2025-05-25,313,active,2025-05-25,2026-06-30
S02197,C02004,P2,partner,annual,2026-03-12,5,active,2026-03-12,2026-06-30
S02198,C02005,P3,partner,annual,2024-07-09,7,active,2024-07-09,2026-06-30
S02199,C02006,P1,partner,monthly,2024-09-28,2,active,2024-09-28,2026-06-30
S02200,C02007,P1,partner,annual,2025-02-18,34,active,2025-02-18,2026-06-30
S02201,C02008,P2,partner,monthly,2025-03-03,30,active,2025-03-03,2026-06-30
S02202,C02009,P3,partner,monthly,2026-04-14,5,active,2026-04-14,2026-06-30
S02203,C02010,P1,partner,monthly,2024-11-02,12,active,2024-11-02,2026-06-30
S02204,C02011,P2,partner,monthly,2025-08-01,2,active,2025-08-01,2026-06-30
S02205,C02012,P3,partner,monthly,2026-03-16,11,active,2026-03-16,2026-06-30
S02206,C02013,P3,partner,annual,2024-12-28,17,active,2024-12-28,2026-06-30
S02207,C02014,P1,partner,monthly,2026-04-15,5,active,2026-04-15,2026-06-30
S02208,C02015,P1,partner,monthly,2025-04-26,38,active,2025-04-26,2026-06-30
S02209,C02016,P2,partner,monthly,2024-10-06,6,active,2024-10-06,2026-06-30
S02210,C02017,P1,partner,annual,2025-10-30,24,active,2025-10-30,2026-06-30
S02211,C02017,P1,partner,annual,2025-12-31,42,active,2025-12-31,2026-06-30
S02212,C02018,P1,partner,annual,2026-05-01,31,active,2026-05-01,2026-06-30
S02213,C02018,P1,partner,annual,2026-06-20,8,active,2026-06-20,2026-06-30
S02214,C02019,DIRECT,direct,annual,2025-06-27,258,active,2025-06-27,2026-06-30
S02215,C02020,P1,partner,annual,2025-02-01,26,active,2025-02-01,2026-06-30
S02216,C02021,P2,partner,annual,2025-06-23,12,active,2025-06-23,2026-06-30
S02217,C02022,DIRECT,direct,monthly,2025-03-09,289,active,2025-03-09,2026-06-30
S02218,C02023,P1,partner,annual,2024-12-05,5,active,2024-12-05,2026-06-30
S02219,C02023,P1,partner,annual,2025-12-06,11,active,2025-12-06,2026-06-30
S02220,C02024,P1,partner,annual,2025-02-03,6,active,2025-02-03,2026-06-30
S02221,C02024,P1,partner,annual,2026-04-16,4,active,2026-04-16,2026-06-30
S02222,C02025,P2,partner,annual,2025-02-13,6,active,2025-02-13,2026-06-30
S02223,C02026,P3,partner,annual,2025-03-31,6,active,2025-03-31,2026-06-30
S02224,C02027,P1,partner,annual,2025-02-24,6,active,2025-02-24,2026-06-30
S02225,C02028,P1,partner,monthly,2026-03-24,5,active,2026-03-24,2026-06-30
S02226,C02029,P1,partner,monthly,2024-07-11,9,active,2024-07-11,2026-06-30
S02227,C02030,P1,partner,annual,2025-10-19,22,active,2025-10-19,2026-06-30
S02228,C02031,P1,partner,annual,2025-03-18,1,active,2025-03-18,2026-06-30
S02229,C02032,P1,partner,annual,2025-08-28,5,active,2025-08-28,2026-06-30
S02230,C02033,P2,partner,monthly,2026-04-22,12,active,2026-04-22,2026-06-30
S02231,C02034,P2,partner,annual,2025-01-22,9,active,2025-01-22,2026-06-30
S02232,C02035,P1,partner,monthly,2026-03-08,0,cancelled,2026-05-31,2026-06-30
S02233,C02035,P1,partner,annual,2026-04-09,13,active,2026-04-09,2026-06-30
S02234,C02036,P1,partner,annual,2025-03-15,22,active,2025-03-15,2026-06-30
S02235,C02037,P2,partner,annual,2024-11-29,2,active,2024-11-29,2026-06-30
S02236,C02038,P1,partner,annual,2025-06-02,7,active,2025-06-02,2026-06-30
S02237,C02039,P1,partner,annual,2024-09-30,0,cancelled,2025-04-16,2026-06-30
S02238,C02040,P2,partner,monthly,2026-02-21,33,active,2026-02-21,2026-06-30
S02239,C02041,P1,partner,annual,2026-06-29,15,active,2026-06-29,2026-06-30
S02240,C02042,P3,partner,annual,2025-05-08,33,active,2025-05-08,2026-06-30
S02241,C02043,P1,partner,monthly,2026-03-27,10,active,2026-03-27,2026-06-30
S02242,C02044,P2,partner,annual,2026-03-24,64,active,2026-03-24,2026-06-30
S02243,C02045,P2,partner,monthly,2025-01-10,0,cancelled,2025-09-20,2026-06-30
S02244,C02046,P1,partner,annual,2024-09-29,0,cancelled,2024-11-29,2026-06-30
S02245,C02047,P1,partner,monthly,2024-08-28,5,active,2024-08-28,2026-06-30
S02246,C02048,P2,partner,monthly,2026-02-24,12,active,2026-02-24,2026-06-30
S02247,C02049,P2,partner,annual,2025-02-01,9,active,2025-02-01,2026-06-30
S02248,C02050,P2,partner,annual,2025-10-27,4,active,2025-10-27,2026-06-30
S02249,C02051,DIRECT,direct,annual,2025-07-31,417,active,2025-07-31,2026-06-30
S02250,C02052,P2,partner,monthly,2025-09-27,0,cancelled,2025-09-28,2026-06-30
S02251,C02053,P2,partner,monthly,2025-10-25,0,cancelled,2026-03-29,2026-06-30
S02252,C02054,P1,partner,monthly,2026-05-29,18,active,2026-05-29,2026-06-30
S02253,C02055,P2,partner,annual,2025-07-29,2,active,2025-07-29,2026-06-30
S02254,C02056,P2,partner,monthly,2025-08-26,12,active,2025-08-26,2026-06-30
S02255,C02057,P1,partner,annual,2024-08-23,10,active,2024-08-23,2026-06-30
S02256,C02058,P1,partner,monthly,2025-03-27,1,active,2025-03-27,2026-06-30
S02257,C02059,P1,partner,monthly,2026-06-06,6,active,2026-06-06,2026-06-30
S02258,C02060,P3,partner,annual,2025-05-22,9,active,2025-05-22,2026-06-30
S02259,C02061,P1,partner,annual,2025-10-25,3,active,2025-10-25,2026-06-30
S02260,C02062,P1,partner,annual,2025-07-01,9,active,2025-07-01,2026-06-30
S02261,C02063,P1,partner,monthly,2025-12-14,1,active,2025-12-14,2026-06-30
S02262,C02064,P1,partner,annual,2026-03-20,13,active,2026-03-20,2026-06-30
S02263,C02065,P1,partner,annual,2025-05-08,2,active,2025-05-08,2026-06-30
S02264,C02066,P1,partner,monthly,2026-02-20,20,active,2026-02-20,2026-06-30
S02265,C02066,P1,partner,annual,2026-06-01,5,active,2026-06-01,2026-06-30
S02266,C02067,P1,partner,annual,2025-04-04,5,active,2025-04-04,2026-06-30
S02267,C02068,P3,partner,monthly,2024-09-27,3,active,2024-09-27,2026-06-30
S02268,C02069,P1,partner,annual,2026-05-18,18,active,2026-05-18,2026-06-30
S02269,C02070,P1,partner,annual,2026-01-14,13,active,2026-01-14,2026-06-30
S02270,C02071,P1,partner,annual,2025-03-13,0,cancelled,2025-09-05,2026-06-30
S02271,C02072,P1,partner,annual,2025-04-04,6,active,2025-04-04,2026-06-30
S02272,C02073,P2,partner,monthly,2025-08-26,0,cancelled,2026-04-07,2026-06-30
S02273,C02073,P2,partner,annual,2025-12-06,12,active,2025-12-06,2026-06-30
S02274,C02074,P1,partner,monthly,2025-02-18,9,active,2025-02-18,2026-06-30
S02275,C02075,P1,partner,monthly,2024-07-13,20,active,2024-07-13,2026-06-30
S02276,C02076,P1,partner,annual,2024-08-24,0,cancelled,2025-01-03,2026-06-30
S02277,C02077,P2,partner,annual,2026-06-24,22,active,2026-06-24,2026-06-30
S02278,C02078,P2,partner,annual,2025-03-04,4,active,2025-03-04,2026-06-30
S02279,C02079,P2,partner,annual,2025-09-14,19,active,2025-09-14,2026-06-30
S02280,C02080,P2,partner,annual,2025-05-17,0,cancelled,2025-09-01,2026-06-30
S02281,C02080,P2,partner,annual,2026-01-22,18,active,2026-01-22,2026-06-30
S02282,C02081,P3,partner,annual,2026-03-09,16,active,2026-03-09,2026-06-30
S02283,C02082,P2,partner,monthly,2024-08-24,7,active,2024-08-24,2026-06-30
S02284,C02083,P2,partner,annual,2024-09-23,41,active,2024-09-23,2026-06-30
S02285,C02084,P1,partner,monthly,2024-10-26,24,active,2024-10-26,2026-06-30
S02286,C02085,P1,partner,monthly,2026-06-04,2,active,2026-06-04,2026-06-30
S02287,C02086,P3,partner,annual,2025-10-29,2,active,2025-10-29,2026-06-30
S02288,C02087,P3,partner,annual,2024-08-05,7,active,2024-08-05,2026-06-30
S02289,C02088,P3,partner,annual,2025-04-11,1,active,2025-04-11,2026-06-30
S02290,C02089,P2,partner,annual,2025-11-13,12,active,2025-11-13,2026-06-30
S02291,C02090,P1,partner,monthly,2026-01-04,5,active,2026-01-04,2026-06-30
S02292,C02091,DIRECT,direct,annual,2025-04-07,80,active,2025-04-07,2026-06-30
S02293,C02091,DIRECT,direct,annual,2026-01-18,96,active,2026-01-18,2026-06-30
S02294,C02092,P2,partner,monthly,2026-01-23,22,active,2026-01-23,2026-06-30
S02295,C02092,P2,partner,annual,2026-05-06,18,active,2026-05-06,2026-06-30
S02296,C02093,P1,partner,annual,2026-02-23,1,active,2026-02-23,2026-06-30
S02297,C02094,P2,partner,annual,2025-10-20,3,active,2025-10-20,2026-06-30
S02298,C02095,P2,partner,annual,2025-08-21,8,active,2025-08-21,2026-06-30
S02299,C02096,P2,partner,monthly,2025-04-04,8,active,2025-04-04,2026-06-30
S02300,C02097,P2,partner,annual,2025-01-15,41,active,2025-01-15,2026-06-30
S02301,C02098,P3,partner,annual,2026-06-13,7,active,2026-06-13,2026-06-30
S02302,C02099,P3,partner,monthly,2026-05-16,5,active,2026-05-16,2026-06-30
S02303,C02100,P1,partner,annual,2026-03-14,4,active,2026-03-14,2026-06-30
S02304,C02100,P1,partner,annual,2026-04-13,26,active,2026-04-13,2026-06-30
S02305,C02101,P2,partner,annual,2025-10-14,0,cancelled,2026-06-07,2026-06-30
S02306,C02102,P3,partner,monthly,2025-07-29,11,active,2025-07-29,2026-06-30
S02307,C02103,P2,partner,monthly,2025-04-14,0,cancelled,2026-02-24,2026-06-30
S02308,C02104,P3,partner,annual,2026-04-21,20,active,2026-04-21,2026-06-30
S02309,C02104,P3,partner,annual,2026-06-22,13,active,2026-06-22,2026-06-30
S02310,C02105,P2,partner,annual,2024-09-28,8,active,2024-09-28,2026-06-30
S02311,C02105,P2,partner,annual,2026-02-07,27,active,2026-02-07,2026-06-30
S02312,C02106,P3,partner,annual,2026-03-30,6,active,2026-03-30,2026-06-30
S02313,C02107,P1,partner,monthly,2024-11-19,8,active,2024-11-19,2026-06-30
S02314,C02108,P1,partner,monthly,2026-01-06,0,cancelled,2026-01-08,2026-06-30
S02315,C02109,P3,partner,annual,2024-07-03,8,active,2024-07-03,2026-06-30
S02316,C02110,P2,partner,annual,2025-03-08,9,active,2025-03-08,2026-06-30
S02317,C02111,P1,partner,annual,2026-05-28,8,active,2026-05-28,2026-06-30
S02318,C02111,P1,partner,annual,2026-06-30,7,active,2026-06-30,2026-06-30
S02319,C02112,P1,partner,monthly,2026-06-18,3,active,2026-06-18,2026-06-30
S02320,C02113,P2,partner,annual,2024-11-14,6,active,2024-11-14,2026-06-30
S02321,C02114,P3,partner,monthly,2024-12-26,51,active,2024-12-26,2026-06-30
S02322,C02115,P1,partner,monthly,2025-07-04,0,cancelled,2025-09-09,2026-06-30
S02323,C02115,P1,partner,monthly,2025-11-28,0,cancelled,2026-06-23,2026-06-30
S02324,C02116,P2,partner,annual,2025-09-10,9,active,2025-09-10,2026-06-30
S02325,C02117,P2,partner,monthly,2026-02-10,26,active,2026-02-10,2026-06-30
S02326,C02118,P1,partner,monthly,2026-01-22,17,active,2026-01-22,2026-06-30
S02327,C02119,P1,partner,monthly,2025-06-24,3,active,2025-06-24,2026-06-30
S02328,C02120,P3,partner,annual,2025-09-14,2,active,2025-09-14,2026-06-30
S02329,C02121,P3,partner,annual,2025-04-23,3,active,2025-04-23,2026-06-30
S02330,C02122,P2,partner,annual,2025-03-28,1,active,2025-03-28,2026-06-30
S02331,C02123,P3,partner,annual,2025-11-30,67,active,2025-11-30,2026-06-30
S02332,C02124,P2,partner,annual,2025-01-11,13,active,2025-01-11,2026-06-30
S02333,C02125,P3,partner,monthly,2026-01-02,7,active,2026-01-02,2026-06-30
S02334,C02126,P2,partner,annual,2025-06-06,4,active,2025-06-06,2026-06-30
S02335,C02127,P3,partner,annual,2026-04-05,14,active,2026-04-05,2026-06-30
S02336,C02128,P1,partner,monthly,2026-03-11,1,active,2026-03-11,2026-06-30
S02337,C02129,P3,partner,annual,2025-12-09,3,active,2025-12-09,2026-06-30
S02338,C02130,P3,partner,annual,2025-08-14,7,active,2025-08-14,2026-06-30
S02339,C02131,P1,partner,annual,2025-02-12,12,active,2025-02-12,2026-06-30
S02340,C02132,P1,partner,annual,2026-03-03,6,active,2026-03-03,2026-06-30
S02341,C02133,P3,partner,monthly,2025-03-21,8,active,2025-03-21,2026-06-30
S02342,C02134,P1,partner,monthly,2026-02-20,12,active,2026-02-20,2026-06-30
S02343,C02135,P1,partner,monthly,2024-09-15,35,active,2024-09-15,2026-06-30
S02344,C02136,P3,partner,monthly,2024-08-23,0,cancelled,2026-03-27,2026-06-30
S02345,C02137,P2,partner,annual,2025-02-25,9,active,2025-02-25,2026-06-30
S02346,C02138,P1,partner,annual,2026-01-20,2,active,2026-01-20,2026-06-30
S02347,C02139,P1,partner,monthly,2025-10-14,6,active,2025-10-14,2026-06-30
S02348,C02140,P1,partner,monthly,2024-08-21,7,active,2024-08-21,2026-06-30
S02349,C02141,DIRECT,direct,annual,2025-10-17,135,active,2025-10-17,2026-06-30
S02350,C02142,P1,partner,annual,2025-09-18,0,cancelled,2025-11-16,2026-06-30
S02351,C02143,P1,partner,monthly,2024-07-27,18,active,2024-07-27,2026-06-30
S02352,C02144,P1,partner,annual,2024-07-06,0,cancelled,2024-12-19,2026-06-30
S02353,C02145,P2,partner,annual,2025-04-10,0,cancelled,2026-02-19,2026-06-30
S02354,C02146,P1,partner,monthly,2025-07-05,0,cancelled,2025-07-13,2026-06-30
S02355,C02147,P1,partner,annual,2025-04-11,7,active,2025-04-11,2026-06-30
S02356,C02148,P1,partner,annual,2025-04-03,14,active,2025-04-03,2026-06-30
S02357,C02149,P1,partner,monthly,2025-06-15,11,active,2025-06-15,2026-06-30
S02358,C02150,P2,partner,annual,2025-12-05,6,active,2025-12-05,2026-06-30
S02359,C02151,P1,partner,annual,2024-11-08,38,active,2024-11-08,2026-06-30
S02360,C02152,P1,partner,monthly,2024-11-04,1,active,2024-11-04,2026-06-30
S02361,C02153,P1,partner,annual,2025-07-14,1,active,2025-07-14,2026-06-30
S02362,C02154,DIRECT,direct,monthly,2025-04-17,1017,active,2025-04-17,2026-06-30
S02363,C02155,P3,partner,monthly,2025-02-19,10,active,2025-02-19,2026-06-30
S02364,C02156,P2,partner,monthly,2026-06-10,7,active,2026-06-10,2026-06-30
S02365,C02157,P1,partner,annual,2026-04-01,6,active,2026-04-01,2026-06-30
S02366,C02158,P1,partner,annual,2025-01-14,0,cancelled,2025-01-24,2026-06-30
S02367,C02159,P1,partner,monthly,2024-11-01,0,cancelled,2025-10-19,2026-06-30
S02368,C02160,DIRECT,direct,monthly,2026-01-28,177,active,2026-01-28,2026-06-30
S02369,C02161,P2,partner,annual,2024-08-26,17,active,2024-08-26,2026-06-30
S02370,C02162,P1,partner,annual,2024-09-22,6,active,2024-09-22,2026-06-30
S02371,C02163,P1,partner,monthly,2025-09-04,24,active,2025-09-04,2026-06-30
S02372,C02164,P1,partner,annual,2024-12-19,13,active,2024-12-19,2026-06-30
S02373,C02165,P1,partner,annual,2025-11-07,53,active,2025-11-07,2026-06-30
S02374,C02166,P3,partner,monthly,2026-06-09,3,active,2026-06-09,2026-06-30
S02375,C02167,P1,partner,annual,2025-02-26,1,active,2025-02-26,2026-06-30
S02376,C02168,P2,partner,annual,2024-09-01,4,active,2024-09-01,2026-06-30
S02377,C02169,P1,partner,monthly,2024-07-30,1,active,2024-07-30,2026-06-30
S02378,C02170,P2,partner,monthly,2025-09-11,3,active,2025-09-11,2026-06-30
S02379,C02171,P1,partner,monthly,2024-12-05,0,cancelled,2024-12-25,2026-06-30
S02380,C02172,P1,partner,annual,2025-05-31,2,active,2025-05-31,2026-06-30
S02381,C02173,P1,partner,annual,2024-10-13,0,cancelled,2025-10-22,2026-06-30
S02382,C02174,P3,partner,annual,2026-04-07,26,active,2026-04-07,2026-06-30
S02383,C02175,P1,partner,annual,2025-05-22,3,active,2025-05-22,2026-06-30
S02384,C02176,P1,partner,monthly,2025-05-21,30,active,2025-05-21,2026-06-30
S02385,C02177,P1,partner,monthly,2024-09-24,0,cancelled,2025-10-28,2026-06-30
S02386,C02178,P1,partner,annual,2024-12-28,1,active,2024-12-28,2026-06-30
S02387,C02179,P1,partner,annual,2024-09-01,0,cancelled,2024-12-03,2026-06-30
S02388,C02180,P1,partner,monthly,2025-09-07,0,cancelled,2025-12-09,2026-06-30
S02389,C02181,P3,partner,annual,2024-08-22,8,active,2024-08-22,2026-06-30
S02390,C02181,P3,partner,annual,2026-05-06,4,active,2026-05-06,2026-06-30
S02391,C02182,P1,partner,annual,2025-07-02,2,active,2025-07-02,2026-06-30
S02392,C02182,P1,partner,annual,2026-04-10,8,active,2026-04-10,2026-06-30
S02393,C02183,DIRECT,direct,monthly,2024-09-13,1970,active,2024-09-13,2026-06-30
S02394,C02184,DIRECT,direct,annual,2025-05-16,0,cancelled,2025-12-19,2026-06-30
S02395,C02185,P1,partner,monthly,2026-06-21,6,active,2026-06-21,2026-06-30
S02396,C02186,P3,partner,annual,2025-11-21,7,active,2025-11-21,2026-06-30
S02397,C02187,P1,partner,annual,2025-03-22,17,active,2025-03-22,2026-06-30
S02398,C02188,P1,partner,annual,2026-04-27,32,active,2026-04-27,2026-06-30
S02399,C02189,P1,partner,annual,2024-12-19,0,cancelled,2025-11-01,2026-06-30
S02400,C02190,P2,partner,monthly,2025-05-17,9,active,2025-05-17,2026-06-30
S02401,C02191,P1,partner,monthly,2025-09-13,1,active,2025-09-13,2026-06-30
S02402,C02192,DIRECT,direct,annual,2025-11-21,0,cancelled,2026-01-16,2026-06-30
S02403,C02193,P2,partner,annual,2026-03-03,5,active,2026-03-03,2026-06-30
S02404,C02194,P3,partner,annual,2025-10-23,21,active,2025-10-23,2026-06-30
S02405,C02195,P3,partner,monthly,2025-01-01,3,active,2025-01-01,2026-06-30
S02406,C02196,P2,partner,annual,2025-06-18,0,cancelled,2025-07-10,2026-06-30
S02407,C02197,P1,partner,monthly,2026-01-21,8,active,2026-01-21,2026-06-30
S02408,C02197,P1,partner,annual,2026-03-30,26,active,2026-03-30,2026-06-30
S02409,C02198,P1,partner,monthly,2024-10-26,0,cancelled,2025-11-03,2026-06-30
S02410,C02199,P1,partner,annual,2025-08-24,4,active,2025-08-24,2026-06-30
S02411,C02200,P2,partner,monthly,2024-11-21,6,active,2024-11-21,2026-06-30
S02412,C02201,P1,partner,annual,2024-11-09,3,active,2024-11-09,2026-06-30
S02413,C02202,P1,partner,annual,2024-11-07,9,active,2024-11-07,2026-06-30
S02414,C02203,P1,partner,annual,2025-02-28,14,active,2025-02-28,2026-06-30
S02415,C02203,P1,partner,monthly,2026-06-01,34,active,2026-06-01,2026-06-30
S02416,C02204,P1,partner,monthly,2024-10-07,10,active,2024-10-07,2026-06-30
S02417,C02205,P3,partner,annual,2026-02-13,1,active,2026-02-13,2026-06-30
S02418,C02205,P3,partner,annual,2026-05-21,13,active,2026-05-21,2026-06-30
S02419,C02206,P1,partner,annual,2026-04-21,6,active,2026-04-21,2026-06-30
S02420,C02207,P1,partner,monthly,2025-05-02,13,active,2025-05-02,2026-06-30
S02421,C02208,P3,partner,annual,2026-02-10,11,active,2026-02-10,2026-06-30
S02422,C02209,P1,partner,monthly,2025-08-24,20,active,2025-08-24,2026-06-30
S02423,C02210,DIRECT,direct,annual,2025-06-19,168,active,2025-06-19,2026-06-30
S02424,C02211,P1,partner,monthly,2025-03-06,3,active,2025-03-06,2026-06-30
S02425,C02212,DIRECT,direct,annual,2026-03-19,64,active,2026-03-19,2026-06-30
S02426,C02213,P1,partner,annual,2025-02-27,10,active,2025-02-27,2026-06-30
S02427,C02214,P1,partner,annual,2024-12-20,0,cancelled,2025-09-27,2026-06-30
S02428,C02215,P1,partner,annual,2025-09-01,2,active,2025-09-01,2026-06-30
S02429,C02216,P1,partner,annual,2025-09-22,6,active,2025-09-22,2026-06-30
S02430,C02216,P1,partner,annual,2026-01-18,4,active,2026-01-18,2026-06-30
S02431,C02217,P2,partner,monthly,2026-01-19,4,active,2026-01-19,2026-06-30
S02432,C02218,P2,partner,monthly,2025-10-13,31,active,2025-10-13,2026-06-30
S02433,C02219,P1,partner,monthly,2026-03-25,2,active,2026-03-25,2026-06-30
S02434,C02220,P1,partner,annual,2026-02-08,7,active,2026-02-08,2026-06-30
S02435,C02221,P1,partner,annual,2025-09-08,25,active,2025-09-08,2026-06-30
S02436,C02222,DIRECT,direct,annual,2025-09-14,81,active,2025-09-14,2026-06-30
S02437,C02223,P1,partner,annual,2025-11-08,71,active,2025-11-08,2026-06-30
S02438,C02224,P1,partner,annual,2026-04-21,6,active,2026-04-21,2026-06-30
S02439,C02225,P2,partner,annual,2025-12-11,2,active,2025-12-11,2026-06-30
S02440,C02226,P2,partner,monthly,2025-02-18,0,cancelled,2025-05-18,2026-06-30
S02441,C02227,P1,partner,monthly,2025-09-24,3,active,2025-09-24,2026-06-30
S02442,C02228,P3,partner,annual,2025-09-23,15,active,2025-09-23,2026-06-30
S02443,C02229,P1,partner,monthly,2024-11-07,1,active,2024-11-07,2026-06-30
S02444,C02229,P1,partner,annual,2025-11-26,6,active,2025-11-26,2026-06-30
S02445,C02230,P1,partner,monthly,2025-04-25,77,active,2025-04-25,2026-06-30
S02446,C02231,P1,partner,annual,2025-12-07,9,active,2025-12-07,2026-06-30
S02447,C02232,P1,partner,monthly,2025-11-26,20,active,2025-11-26,2026-06-30
S02448,C02232,P1,partner,monthly,2026-01-17,4,active,2026-01-17,2026-06-30
S02449,C02233,DIRECT,direct,annual,2025-07-28,183,active,2025-07-28,2026-06-30
S02450,C02234,P1,partner,annual,2025-10-26,13,active,2025-10-26,2026-06-30
S02451,C02235,P1,partner,monthly,2026-06-28,3,active,2026-06-28,2026-06-30
S02452,C02236,P1,partner,annual,2026-06-25,8,active,2026-06-25,2026-06-30
S02453,C02237,P2,partner,monthly,2024-11-15,5,active,2024-11-15,2026-06-30
S02454,C02237,P2,partner,monthly,2025-10-18,56,active,2025-10-18,2026-06-30
S02455,C02238,P2,partner,annual,2024-11-23,3,active,2024-11-23,2026-06-30
S02456,C02239,P1,partner,annual,2026-01-25,9,active,2026-01-25,2026-06-30
S02457,C02240,P3,partner,monthly,2024-09-22,4,active,2024-09-22,2026-06-30
S02458,C02241,P1,partner,monthly,2024-09-15,2,active,2024-09-15,2026-06-30
S02459,C02242,P2,partner,monthly,2026-02-05,44,active,2026-02-05,2026-06-30
S02460,C02243,P1,partner,annual,2026-02-01,15,active,2026-02-01,2026-06-30
S02461,C02244,P2,partner,annual,2026-03-25,12,active,2026-03-25,2026-06-30
S02462,C02245,P3,partner,monthly,2026-03-16,7,active,2026-03-16,2026-06-30
S02463,C02246,P1,partner,annual,2024-09-27,11,active,2024-09-27,2026-06-30
S02464,C02247,P2,partner,annual,2025-09-02,3,active,2025-09-02,2026-06-30
S02465,C02248,P1,partner,annual,2026-01-15,2,active,2026-01-15,2026-06-30
S02466,C02249,P1,partner,annual,2024-10-25,2,active,2024-10-25,2026-06-30
S02467,C02250,P1,partner,annual,2025-05-02,4,active,2025-05-02,2026-06-30
S02468,C02251,P1,partner,annual,2025-04-30,8,active,2025-04-30,2026-06-30
S02469,C02252,P3,partner,annual,2024-07-04,0,cancelled,2024-07-26,2026-06-30
S02470,C02253,P3,partner,annual,2025-01-05,7,active,2025-01-05,2026-06-30
S02471,C02254,P3,partner,monthly,2026-06-08,5,active,2026-06-08,2026-06-30
S02472,C02255,P3,partner,annual,2025-08-26,80,active,2025-08-26,2026-06-30
S02473,C02256,P2,partner,annual,2025-11-05,36,active,2025-11-05,2026-06-30
S02474,C02257,P1,partner,monthly,2026-03-04,8,active,2026-03-04,2026-06-30
S02475,C02258,P2,partner,annual,2025-01-05,0,cancelled,2025-03-31,2026-06-30
S02476,C02259,P2,partner,annual,2025-03-01,6,active,2025-03-01,2026-06-30
S02477,C02260,DIRECT,direct,monthly,2025-09-11,219,active,2025-09-11,2026-06-30
S02478,C02261,P1,partner,annual,2025-10-18,6,active,2025-10-18,2026-06-30
S02479,C02262,P3,partner,annual,2025-12-28,20,active,2025-12-28,2026-06-30
S02480,C02263,P1,partner,monthly,2026-01-04,7,active,2026-01-04,2026-06-30
S02481,C02264,P2,partner,monthly,2024-10-11,0,cancelled,2026-01-20,2026-06-30
S02482,C02265,P1,partner,annual,2025-06-06,0,cancelled,2025-10-16,2026-06-30
S02483,C02266,P3,partner,annual,2024-07-18,22,active,2024-07-18,2026-06-30
S02484,C02267,P1,partner,annual,2025-10-12,6,active,2025-10-12,2026-06-30
S02485,C02268,P3,partner,monthly,2025-06-20,11,active,2025-06-20,2026-06-30
S02486,C02269,P1,partner,annual,2025-08-16,2,active,2025-08-16,2026-06-30
S02487,C02270,P3,partner,annual,2025-08-06,8,active,2025-08-06,2026-06-30
S02488,C02271,P1,partner,annual,2025-01-12,5,active,2025-01-12,2026-06-30
S02489,C02271,P1,partner,annual,2026-01-07,3,active,2026-01-07,2026-06-30
S02490,C02272,P3,partner,annual,2025-07-11,7,active,2025-07-11,2026-06-30
S02491,C02273,P1,partner,annual,2024-09-12,5,active,2024-09-12,2026-06-30
S02492,C02274,P2,partner,monthly,2024-10-10,3,active,2024-10-10,2026-06-30
S02493,C02275,P3,partner,monthly,2025-06-07,2,active,2025-06-07,2026-06-30
S02494,C02276,P1,partner,annual,2025-01-18,2,active,2025-01-18,2026-06-30
S02495,C02277,P2,partner,annual,2026-01-29,4,active,2026-01-29,2026-06-30
S02496,C02278,P3,partner,annual,2025-11-21,22,active,2025-11-21,2026-06-30
S02497,C02278,P3,partner,annual,2026-04-07,3,active,2026-04-07,2026-06-30
S02498,C02279,P2,partner,monthly,2024-12-18,12,active,2024-12-18,2026-06-30
S02499,C02280,P2,partner,monthly,2026-03-15,2,active,2026-03-15,2026-06-30
S02500,C02281,P2,partner,annual,2026-06-13,3,active,2026-06-13,2026-06-30
S02501,C02282,P2,partner,annual,2026-06-16,5,active,2026-06-16,2026-06-30
S02502,C02283,DIRECT,direct,monthly,2024-12-12,281,active,2024-12-12,2026-06-30
S02503,C02283,DIRECT,direct,annual,2025-04-13,171,active,2025-04-13,2026-06-30
S02504,C02284,P1,partner,annual,2024-09-25,24,active,2024-09-25,2026-06-30
S02505,C02285,DIRECT,direct,annual,2025-10-20,203,active,2025-10-20,2026-06-30
S02506,C02286,P3,partner,monthly,2026-02-24,4,active,2026-02-24,2026-06-30
S02507,C02287,P1,partner,annual,2026-03-01,2,active,2026-03-01,2026-06-30
S02508,C02288,DIRECT,direct,monthly,2024-11-08,705,active,2024-11-08,2026-06-30
S02509,C02289,P2,partner,monthly,2025-10-01,16,active,2025-10-01,2026-06-30
S02510,C02290,P2,partner,annual,2025-04-30,0,cancelled,2026-04-28,2026-06-30
S02511,C02291,P1,partner,monthly,2025-07-02,3,active,2025-07-02,2026-06-30
S02512,C02292,P1,partner,annual,2024-12-20,2,active,2024-12-20,2026-06-30
S02513,C02293,P2,partner,annual,2024-10-18,5,active,2024-10-18,2026-06-30
S02514,C02294,P3,partner,annual,2025-08-29,19,active,2025-08-29,2026-06-30
S02515,C02295,P2,partner,monthly,2024-11-23,5,active,2024-11-23,2026-06-30
S02516,C02296,P2,partner,annual,2025-08-23,9,active,2025-08-23,2026-06-30
S02517,C02297,P3,partner,monthly,2024-07-10,5,active,2024-07-10,2026-06-30
S02518,C02298,P1,partner,annual,2024-12-03,15,active,2024-12-03,2026-06-30
S02519,C02298,P1,partner,annual,2025-12-20,34,active,2025-12-20,2026-06-30
S02520,C02299,P2,partner,annual,2024-08-26,20,active,2024-08-26,2026-06-30
S02521,C02300,P1,partner,annual,2025-09-19,14,active,2025-09-19,2026-06-30
S02522,C02300,P1,partner,annual,2026-01-13,3,active,2026-01-13,2026-06-30
S02523,C02301,P1,partner,monthly,2025-11-11,26,active,2025-11-11,2026-06-30
S02524,C02302,P2,partner,monthly,2026-03-07,4,active,2026-03-07,2026-06-30
S02525,C02303,P3,partner,monthly,2025-08-30,41,active,2025-08-30,2026-06-30
S02526,C02303,P3,partner,annual,2026-01-12,3,active,2026-01-12,2026-06-30
S02527,C02304,P2,partner,monthly,2025-01-08,18,active,2025-01-08,2026-06-30
S02528,C02305,P2,partner,monthly,2024-09-17,0,cancelled,2025-05-02,2026-06-30
S02529,C02306,P1,partner,monthly,2025-08-26,8,active,2025-08-26,2026-06-30
S02530,C02307,P1,partner,annual,2026-01-02,3,active,2026-01-02,2026-06-30
S02531,C02308,P2,partner,annual,2025-09-18,3,active,2025-09-18,2026-06-30
S02532,C02309,P1,partner,monthly,2025-06-20,0,cancelled,2025-06-23,2026-06-30
S02533,C02310,P1,partner,annual,2026-05-08,118,active,2026-05-08,2026-06-30
S02534,C02311,P1,partner,monthly,2025-05-10,2,active,2025-05-10,2026-06-30
S02535,C02312,P2,partner,annual,2025-11-16,6,active,2025-11-16,2026-06-30
S02536,C02313,P1,partner,monthly,2025-07-28,8,active,2025-07-28,2026-06-30
S02537,C02314,P3,partner,annual,2026-01-06,4,active,2026-01-06,2026-06-30
S02538,C02315,P1,partner,monthly,2024-09-17,8,active,2024-09-17,2026-06-30
S02539,C02316,P3,partner,annual,2025-04-06,30,active,2025-04-06,2026-06-30
S02540,C02317,P1,partner,monthly,2026-02-23,5,active,2026-02-23,2026-06-30
S02541,C02318,P1,partner,annual,2024-08-12,77,active,2024-08-12,2026-06-30
S02542,C02319,P1,partner,annual,2026-05-06,5,active,2026-05-06,2026-06-30
S02543,C02320,P1,partner,monthly,2025-03-15,34,active,2025-03-15,2026-06-30
S02544,C02321,P1,partner,annual,2025-10-07,1,active,2025-10-07,2026-06-30
S02545,C02322,P3,partner,annual,2026-01-01,2,active,2026-01-01,2026-06-30
S02546,C02323,P3,partner,annual,2025-02-23,2,active,2025-02-23,2026-06-30
S02547,C02324,P3,partner,monthly,2025-11-20,7,active,2025-11-20,2026-06-30
S02548,C02325,P1,partner,annual,2025-11-02,0,cancelled,2025-12-21,2026-06-30
S02549,C02326,P1,partner,annual,2025-04-19,31,active,2025-04-19,2026-06-30
S02550,C02327,P2,partner,annual,2026-01-04,13,active,2026-01-04,2026-06-30
S02551,C02328,P1,partner,monthly,2026-01-04,8,active,2026-01-04,2026-06-30
S02552,C02329,P1,partner,annual,2024-08-27,1,active,2024-08-27,2026-06-30
S02553,C02330,P1,partner,monthly,2025-04-11,11,active,2025-04-11,2026-06-30
S02554,C02331,P3,partner,annual,2026-01-09,22,active,2026-01-09,2026-06-30
S02555,C02332,P2,partner,annual,2025-11-09,5,active,2025-11-09,2026-06-30
S02556,C02333,P2,partner,monthly,2025-02-15,3,active,2025-02-15,2026-06-30
S02557,C02334,P1,partner,annual,2025-08-18,7,active,2025-08-18,2026-06-30
S02558,C02335,P2,partner,annual,2025-04-15,13,active,2025-04-15,2026-06-30
S02559,C02336,P2,partner,annual,2024-09-28,9,active,2024-09-28,2026-06-30
S02560,C02337,P3,partner,annual,2025-11-24,3,active,2025-11-24,2026-06-30
S02561,C02338,P1,partner,annual,2025-04-02,5,active,2025-04-02,2026-06-30
S02562,C02338,P1,partner,annual,2026-04-13,7,active,2026-04-13,2026-06-30
S02563,C02339,P1,partner,annual,2025-10-04,9,active,2025-10-04,2026-06-30
S02564,C02340,P3,partner,annual,2025-11-16,11,active,2025-11-16,2026-06-30
S02565,C02341,DIRECT,direct,monthly,2024-11-14,36,active,2024-11-14,2026-06-30
S02566,C02342,P1,partner,monthly,2025-01-01,5,active,2025-01-01,2026-06-30
S02567,C02343,P2,partner,annual,2026-06-05,39,active,2026-06-05,2026-06-30
S02568,C02344,P3,partner,monthly,2026-04-15,4,active,2026-04-15,2026-06-30
S02569,C02345,P1,partner,annual,2025-03-29,4,active,2025-03-29,2026-06-30
S02570,C02346,DIRECT,direct,monthly,2025-10-02,83,active,2025-10-02,2026-06-30
S02571,C02346,DIRECT,direct,annual,2026-04-18,313,active,2026-04-18,2026-06-30
S02572,C02347,P3,partner,monthly,2024-09-21,4,active,2024-09-21,2026-06-30
S02573,C02348,DIRECT,direct,monthly,2024-09-20,145,active,2024-09-20,2026-06-30
S02574,C02349,P3,partner,monthly,2025-11-25,10,active,2025-11-25,2026-06-30
S02575,C02349,P3,partner,monthly,2026-06-22,8,active,2026-06-22,2026-06-30
S02576,C02350,P1,partner,monthly,2026-02-11,1,active,2026-02-11,2026-06-30
S02577,C02351,P1,partner,annual,2026-04-24,22,active,2026-04-24,2026-06-30
S02578,C02352,DIRECT,direct,monthly,2026-05-20,147,active,2026-05-20,2026-06-30
S02579,C02353,P2,partner,monthly,2025-01-16,19,active,2025-01-16,2026-06-30
S02580,C02354,P2,partner,monthly,2025-08-28,0,cancelled,2025-12-16,2026-06-30
S02581,C02355,P1,partner,monthly,2025-03-12,0,cancelled,2026-03-13,2026-06-30
S02582,C02356,P1,partner,monthly,2024-10-08,5,active,2024-10-08,2026-06-30
S02583,C02357,P1,partner,annual,2025-04-04,41,active,2025-04-04,2026-06-30
S02584,C02358,P1,partner,monthly,2026-05-16,0,cancelled,2026-06-26,2026-06-30
S02585,C02358,P1,partner,annual,2026-06-26,3,active,2026-06-26,2026-06-30
S02586,C02359,P2,partner,annual,2025-08-15,11,active,2025-08-15,2026-06-30
S02587,C02360,DIRECT,direct,annual,2025-04-26,0,cancelled,2025-04-28,2026-06-30
S02588,C02361,P1,partner,monthly,2024-10-21,0,cancelled,2025-09-05,2026-06-30
S02589,C02362,P1,partner,annual,2025-10-03,21,active,2025-10-03,2026-06-30
S02590,C02363,P2,partner,monthly,2024-08-30,0,cancelled,2025-03-29,2026-06-30
S02591,C02364,P3,partner,annual,2026-04-01,4,active,2026-04-01,2026-06-30
S02592,C02365,P1,partner,monthly,2025-07-13,0,cancelled,2025-10-06,2026-06-30
S02593,C02366,P1,partner,annual,2025-10-23,3,active,2025-10-23,2026-06-30
S02594,C02367,P1,partner,annual,2025-09-03,0,cancelled,2026-03-23,2026-06-30
S02595,C02368,P1,partner,monthly,2026-05-29,4,active,2026-05-29,2026-06-30
S02596,C02369,P2,partner,annual,2025-04-15,34,active,2025-04-15,2026-06-30
S02597,C02370,P2,partner,annual,2026-04-09,16,active,2026-04-09,2026-06-30
S02598,C02371,P1,partner,annual,2026-03-07,7,active,2026-03-07,2026-06-30
S02599,C02372,P3,partner,monthly,2025-01-02,4,active,2025-01-02,2026-06-30
S02600,C02372,P3,partner,monthly,2025-10-14,9,active,2025-10-14,2026-06-30
S02601,C02373,P2,partner,monthly,2024-12-10,0,cancelled,2025-06-05,2026-06-30
S02602,C02374,P2,partner,monthly,2025-06-25,3,active,2025-06-25,2026-06-30
S02603,C02375,P1,partner,annual,2026-01-20,27,active,2026-01-20,2026-06-30
S02604,C02376,P1,partner,annual,2025-04-11,6,active,2025-04-11,2026-06-30
S02605,C02376,P1,partner,annual,2025-09-09,8,active,2025-09-09,2026-06-30
S02606,C02377,P1,partner,monthly,2026-01-25,6,active,2026-01-25,2026-06-30
S02607,C02378,P1,partner,annual,2025-02-15,0,cancelled,2025-02-23,2026-06-30
S02608,C02379,P2,partner,monthly,2025-08-09,17,active,2025-08-09,2026-06-30
S02609,C02380,P1,partner,monthly,2024-11-26,8,active,2024-11-26,2026-06-30
S02610,C02381,P2,partner,annual,2026-02-10,7,active,2026-02-10,2026-06-30
S02611,C02382,P1,partner,annual,2025-01-07,5,active,2025-01-07,2026-06-30
S02612,C02383,P2,partner,annual,2025-11-22,23,active,2025-11-22,2026-06-30
S02613,C02384,P1,partner,annual,2025-06-19,6,active,2025-06-19,2026-06-30
S02614,C02384,P1,partner,monthly,2026-04-07,26,active,2026-04-07,2026-06-30
S02615,C02385,P1,partner,annual,2026-06-30,63,active,2026-06-30,2026-06-30
S02616,C02386,P1,partner,monthly,2024-11-07,13,active,2024-11-07,2026-06-30
S02617,C02387,P2,partner,annual,2024-10-13,0,cancelled,2025-09-11,2026-06-30
S02618,C02388,P1,partner,monthly,2026-06-02,8,active,2026-06-02,2026-06-30
S02619,C02389,P2,partner,annual,2026-05-02,10,active,2026-05-02,2026-06-30
S02620,C02389,P2,partner,monthly,2026-06-27,22,active,2026-06-27,2026-06-30
S02621,C02390,P1,partner,monthly,2025-06-19,8,active,2025-06-19,2026-06-30
S02622,C02391,DIRECT,direct,monthly,2025-08-01,41,active,2025-08-01,2026-06-30
S02623,C02392,P1,partner,annual,2024-11-23,6,active,2024-11-23,2026-06-30
S02624,C02393,P3,partner,annual,2024-07-23,4,active,2024-07-23,2026-06-30
S02625,C02394,P1,partner,annual,2025-06-03,4,active,2025-06-03,2026-06-30
S02626,C02395,P1,partner,annual,2025-04-16,7,active,2025-04-16,2026-06-30
S02627,C02396,P1,partner,monthly,2025-12-09,0,cancelled,2026-01-16,2026-06-30
S02628,C02397,P2,partner,annual,2025-11-14,1,active,2025-11-14,2026-06-30
S02629,C02398,P1,partner,annual,2025-06-05,34,active,2025-06-05,2026-06-30
S02630,C02399,P1,partner,monthly,2024-10-05,5,active,2024-10-05,2026-06-30
S02631,C02400,P1,partner,monthly,2024-08-28,29,active,2024-08-28,2026-06-30
S02632,C02401,P1,partner,annual,2024-11-10,15,active,2024-11-10,2026-06-30
S02633,C02402,P2,partner,annual,2025-09-23,27,active,2025-09-23,2026-06-30
S02634,C02403,P3,partner,monthly,2024-11-20,2,active,2024-11-20,2026-06-30
S02635,C02404,P3,partner,monthly,2025-04-23,0,cancelled,2025-04-29,2026-06-30
S02636,C02405,P3,partner,annual,2026-02-21,4,active,2026-02-21,2026-06-30
S02637,C02406,P1,partner,annual,2026-05-12,0,cancelled,2026-06-04,2026-06-30
S02638,C02407,P1,partner,monthly,2025-03-31,0,cancelled,2026-05-22,2026-06-30
S02639,C02408,P2,partner,annual,2024-10-27,9,active,2024-10-27,2026-06-30
S02640,C02409,P1,partner,annual,2024-07-26,3,active,2024-07-26,2026-06-30
S02641,C02410,P1,partner,monthly,2026-02-12,7,active,2026-02-12,2026-06-30
S02642,C02411,P1,partner,annual,2025-11-25,18,active,2025-11-25,2026-06-30
S02643,C02412,P2,partner,annual,2026-03-26,70,active,2026-03-26,2026-06-30
S02644,C02412,P2,partner,monthly,2026-05-07,1,active,2026-05-07,2026-06-30
S02645,C02413,P1,partner,monthly,2024-08-19,3,active,2024-08-19,2026-06-30
S02646,C02414,DIRECT,direct,annual,2026-03-25,193,active,2026-03-25,2026-06-30
S02647,C02415,P3,partner,annual,2025-03-30,0,cancelled,2026-03-29,2026-06-30
S02648,C02416,P2,partner,annual,2024-12-21,0,cancelled,2025-05-20,2026-06-30
S02649,C02416,P2,partner,monthly,2025-08-25,6,active,2025-08-25,2026-06-30
S02650,C02417,P1,partner,annual,2024-11-26,2,active,2024-11-26,2026-06-30
S02651,C02418,P1,partner,monthly,2025-05-27,4,active,2025-05-27,2026-06-30
S02652,C02419,P2,partner,annual,2024-10-31,3,active,2024-10-31,2026-06-30
S02653,C02420,P3,partner,monthly,2026-05-20,7,active,2026-05-20,2026-06-30
S02654,C02421,P2,partner,annual,2026-05-18,1,active,2026-05-18,2026-06-30
S02655,C02422,P3,partner,annual,2024-07-30,126,active,2024-07-30,2026-06-30
S02656,C02423,P1,partner,monthly,2026-05-25,1,active,2026-05-25,2026-06-30
S02657,C02424,P1,partner,annual,2025-08-24,21,active,2025-08-24,2026-06-30
S02658,C02425,P2,partner,annual,2025-06-20,21,active,2025-06-20,2026-06-30
S02659,C02426,P1,partner,monthly,2026-03-07,2,active,2026-03-07,2026-06-30
S02660,C02427,P3,partner,annual,2024-12-31,3,active,2024-12-31,2026-06-30
S02661,C02428,P2,partner,annual,2025-12-26,16,active,2025-12-26,2026-06-30
S02662,C02429,DIRECT,direct,monthly,2025-04-17,111,active,2025-04-17,2026-06-30
S02663,C02430,P1,partner,monthly,2025-06-02,20,active,2025-06-02,2026-06-30
S02664,C02431,P1,partner,annual,2024-12-26,4,active,2024-12-26,2026-06-30
S02665,C02432,P1,partner,annual,2026-02-23,11,active,2026-02-23,2026-06-30
S02666,C02433,P1,partner,monthly,2025-06-02,28,active,2025-06-02,2026-06-30
S02667,C02434,P2,partner,monthly,2025-09-20,5,active,2025-09-20,2026-06-30
S02668,C02435,P3,partner,monthly,2026-06-06,7,active,2026-06-06,2026-06-30
S02669,C02436,P3,partner,annual,2026-01-13,4,active,2026-01-13,2026-06-30
S02670,C02437,P3,partner,monthly,2025-06-26,1,active,2025-06-26,2026-06-30
S02671,C02438,P2,partner,monthly,2026-06-03,16,active,2026-06-03,2026-06-30
S02672,C02439,P1,partner,annual,2025-05-03,0,cancelled,2026-05-26,2026-06-30
S02673,C02440,P1,partner,monthly,2024-10-21,19,active,2024-10-21,2026-06-30
S02674,C02441,P1,partner,annual,2025-07-10,20,active,2025-07-10,2026-06-30
S02675,C02442,P1,partner,annual,2026-03-04,8,active,2026-03-04,2026-06-30
S02676,C02443,P1,partner,monthly,2026-01-29,5,active,2026-01-29,2026-06-30
S02677,C02444,P1,partner,monthly,2026-03-11,19,active,2026-03-11,2026-06-30
S02678,C02445,P1,partner,monthly,2025-01-30,0,cancelled,2025-01-31,2026-06-30
S02679,C02446,P2,partner,annual,2026-06-27,2,active,2026-06-27,2026-06-30
S02680,C02447,P1,partner,annual,2026-06-27,4,active,2026-06-27,2026-06-30
S02681,C02448,DIRECT,direct,annual,2024-07-23,0,cancelled,2025-11-11,2026-06-30
S02682,C02449,P1,partner,annual,2025-04-14,5,active,2025-04-14,2026-06-30
S02683,C02450,P1,partner,annual,2026-02-27,22,active,2026-02-27,2026-06-30
S02684,C02450,P1,partner,annual,2026-06-08,35,active,2026-06-08,2026-06-30
S02685,C02451,P1,partner,annual,2024-07-28,4,active,2024-07-28,2026-06-30
S02686,C02452,P1,partner,annual,2024-10-15,106,active,2024-10-15,2026-06-30
S02687,C02453,P2,partner,monthly,2026-06-30,8,active,2026-06-30,2026-06-30
S02688,C02454,P1,partner,annual,2026-04-14,10,active,2026-04-14,2026-06-30
S02689,C02455,P1,partner,annual,2025-11-09,2,active,2025-11-09,2026-06-30
S02690,C02456,P2,partner,annual,2025-07-08,0,cancelled,2026-03-22,2026-06-30
S02691,C02457,P3,partner,annual,2026-02-19,0,cancelled,2026-03-18,2026-06-30
S02692,C02458,P2,partner,annual,2025-09-28,11,active,2025-09-28,2026-06-30
S02693,C02459,P1,partner,annual,2025-10-26,42,active,2025-10-26,2026-06-30
S02694,C02460,P2,partner,annual,2025-01-14,1,active,2025-01-14,2026-06-30
S02695,C02460,P2,partner,monthly,2026-02-15,11,active,2026-02-15,2026-06-30
S02696,C02461,P1,partner,annual,2026-01-28,2,active,2026-01-28,2026-06-30
S02697,C02462,P2,partner,annual,2025-05-10,13,active,2025-05-10,2026-06-30
S02698,C02462,P2,partner,monthly,2026-01-24,16,active,2026-01-24,2026-06-30
S02699,C02463,P1,partner,monthly,2025-03-10,6,active,2025-03-10,2026-06-30
S02700,C02463,P1,partner,monthly,2026-04-16,17,active,2026-04-16,2026-06-30
S02701,C02464,P1,partner,annual,2026-05-17,1,active,2026-05-17,2026-06-30
S02702,C02465,P2,partner,annual,2024-09-26,76,active,2024-09-26,2026-06-30
S02703,C02466,P2,partner,monthly,2026-01-03,3,active,2026-01-03,2026-06-30
S02704,C02467,P3,partner,monthly,2025-07-25,6,active,2025-07-25,2026-06-30
S02705,C02467,P3,partner,annual,2025-08-24,2,active,2025-08-24,2026-06-30
S02706,C02468,P1,partner,annual,2025-02-27,31,active,2025-02-27,2026-06-30
S02707,C02469,P1,partner,monthly,2025-08-12,3,active,2025-08-12,2026-06-30
S02708,C02470,P1,partner,annual,2026-01-08,6,active,2026-01-08,2026-06-30
S02709,C02471,P1,partner,annual,2025-05-01,7,active,2025-05-01,2026-06-30
S02710,C02472,P2,partner,monthly,2026-06-02,2,active,2026-06-02,2026-06-30
S02711,C02473,P2,partner,monthly,2025-03-26,10,active,2025-03-26,2026-06-30
S02712,C02474,P1,partner,monthly,2025-09-20,9,active,2025-09-20,2026-06-30
S02713,C02475,P1,partner,annual,2026-04-27,3,active,2026-04-27,2026-06-30
S02714,C02475,P1,partner,annual,2026-06-17,9,active,2026-06-17,2026-06-30
S02715,C02476,P2,partner,annual,2025-01-17,24,active,2025-01-17,2026-06-30
S02716,C02477,P1,partner,annual,2025-10-10,5,active,2025-10-10,2026-06-30
S02717,C02478,P1,partner,monthly,2025-08-01,5,active,2025-08-01,2026-06-30
S02718,C02479,P2,partner,monthly,2025-10-02,8,active,2025-10-02,2026-06-30
S02719,C02480,P1,partner,monthly,2025-08-11,21,active,2025-08-11,2026-06-30
S02720,C02481,P2,partner,monthly,2026-01-30,15,active,2026-01-30,2026-06-30
S02721,C02482,P1,partner,monthly,2025-07-12,0,cancelled,2025-10-04,2026-06-30
S02722,C02482,P1,partner,annual,2025-09-02,17,active,2025-09-02,2026-06-30
S02723,C02483,P2,partner,annual,2025-01-29,3,active,2025-01-29,2026-06-30
S02724,C02484,P1,partner,annual,2025-11-02,0,cancelled,2026-03-31,2026-06-30
S02725,C02485,P1,partner,annual,2025-12-20,2,active,2025-12-20,2026-06-30
S02726,C02486,P1,partner,monthly,2025-10-17,3,active,2025-10-17,2026-06-30
S02727,C02487,P1,partner,monthly,2026-03-02,5,active,2026-03-02,2026-06-30
S02728,C02487,P1,partner,monthly,2026-05-28,6,active,2026-05-28,2026-06-30
S02729,C02488,P1,partner,monthly,2026-05-31,6,active,2026-05-31,2026-06-30
S02730,C02489,P2,partner,annual,2025-06-08,37,active,2025-06-08,2026-06-30
S02731,C02490,P2,partner,annual,2024-10-12,6,active,2024-10-12,2026-06-30
S02732,C02491,P2,partner,monthly,2025-03-16,6,active,2025-03-16,2026-06-30
S02733,C02492,DIRECT,direct,monthly,2025-07-07,242,active,2025-07-07,2026-06-30
S02734,C02493,P2,partner,annual,2025-07-20,2,active,2025-07-20,2026-06-30
S02735,C02494,P2,partner,annual,2025-04-02,4,active,2025-04-02,2026-06-30
S02736,C02494,P2,partner,monthly,2025-05-22,0,cancelled,2025-07-10,2026-06-30
S02737,C02495,P3,partner,monthly,2025-01-02,13,active,2025-01-02,2026-06-30
S02738,C02495,P3,partner,annual,2025-12-23,21,active,2025-12-23,2026-06-30
S02739,C02496,P2,partner,monthly,2025-12-09,6,active,2025-12-09,2026-06-30
S02740,C02497,P2,partner,annual,2025-06-30,3,active,2025-06-30,2026-06-30
S02741,C02497,P2,partner,annual,2025-12-18,32,active,2025-12-18,2026-06-30
S02742,C02498,P1,partner,annual,2026-04-15,8,active,2026-04-15,2026-06-30
S02743,C02499,P1,partner,monthly,2025-10-06,2,active,2025-10-06,2026-06-30
S02744,C02500,P1,partner,monthly,2025-09-18,91,active,2025-09-18,2026-06-30
S02745,C02501,P1,partner,annual,2024-09-09,0,cancelled,2025-05-08,2026-06-30
S02746,C02502,DIRECT,direct,annual,2025-09-29,225,active,2025-09-29,2026-06-30
S02747,C02503,P2,partner,annual,2025-01-29,18,active,2025-01-29,2026-06-30
S02748,C02504,P2,partner,annual,2024-08-05,0,cancelled,2025-04-04,2026-06-30
S02749,C02505,P2,partner,monthly,2024-12-03,19,active,2024-12-03,2026-06-30
S02750,C02506,DIRECT,direct,monthly,2024-07-11,254,active,2024-07-11,2026-06-30
S02751,C02507,P2,partner,monthly,2025-12-22,13,active,2025-12-22,2026-06-30
S02752,C02508,P3,partner,annual,2025-11-09,22,active,2025-11-09,2026-06-30
S02753,C02509,P1,partner,annual,2025-06-26,0,cancelled,2026-02-14,2026-06-30
S02754,C02510,P1,partner,monthly,2025-12-30,12,active,2025-12-30,2026-06-30
S02755,C02511,P2,partner,annual,2026-05-17,19,active,2026-05-17,2026-06-30
S02756,C02512,P2,partner,monthly,2024-09-24,11,active,2024-09-24,2026-06-30
S02757,C02512,P2,partner,annual,2025-11-30,3,active,2025-11-30,2026-06-30
S02758,C02513,P1,partner,annual,2025-07-18,6,active,2025-07-18,2026-06-30
S02759,C02514,P1,partner,monthly,2024-08-05,4,active,2024-08-05,2026-06-30
S02760,C02515,P2,partner,annual,2025-11-27,8,active,2025-11-27,2026-06-30
S02761,C02516,P1,partner,annual,2026-01-10,11,active,2026-01-10,2026-06-30
S02762,C02517,P1,partner,monthly,2025-08-24,3,active,2025-08-24,2026-06-30
S02763,C02518,P1,partner,monthly,2026-01-21,3,active,2026-01-21,2026-06-30
S02764,C02519,P2,partner,annual,2025-01-13,9,active,2025-01-13,2026-06-30
S02765,C02520,P1,partner,monthly,2025-02-26,21,active,2025-02-26,2026-06-30
S02766,C02521,P1,partner,monthly,2024-07-04,1,active,2024-07-04,2026-06-30
S02767,C02522,P1,partner,annual,2025-09-17,7,active,2025-09-17,2026-06-30
S02768,C02523,P3,partner,annual,2024-09-24,11,active,2024-09-24,2026-06-30
S02769,C02524,P1,partner,monthly,2026-02-01,14,active,2026-02-01,2026-06-30
S02770,C02524,P1,partner,annual,2026-05-09,11,active,2026-05-09,2026-06-30
S02771,C02525,P2,partner,annual,2024-09-10,1,active,2024-09-10,2026-06-30
S02772,C02526,P3,partner,annual,2026-01-25,21,active,2026-01-25,2026-06-30
S02773,C02527,P3,partner,monthly,2026-02-01,17,active,2026-02-01,2026-06-30
S02774,C02528,P1,partner,monthly,2025-06-12,3,active,2025-06-12,2026-06-30
S02775,C02529,P1,partner,monthly,2025-01-25,9,active,2025-01-25,2026-06-30
S02776,C02530,P3,partner,annual,2025-07-05,23,active,2025-07-05,2026-06-30
S02777,C02531,P1,partner,annual,2025-09-20,4,active,2025-09-20,2026-06-30
S02778,C02532,P1,partner,monthly,2026-06-27,9,active,2026-06-27,2026-06-30
S02779,C02533,P1,partner,annual,2024-08-04,14,active,2024-08-04,2026-06-30
S02780,C02534,P1,partner,monthly,2025-06-28,3,active,2025-06-28,2026-06-30
S02781,C02535,P1,partner,annual,2024-08-27,8,active,2024-08-27,2026-06-30
S02782,C02536,P1,partner,annual,2025-10-04,12,active,2025-10-04,2026-06-30
S02783,C02536,P1,partner,annual,2026-01-06,5,active,2026-01-06,2026-06-30
S02784,C02537,P2,partner,monthly,2026-02-26,19,active,2026-02-26,2026-06-30
S02785,C02538,P1,partner,annual,2025-08-28,12,active,2025-08-28,2026-06-30
S02786,C02539,P1,partner,annual,2026-01-08,11,active,2026-01-08,2026-06-30
S02787,C02540,P3,partner,monthly,2025-10-13,0,cancelled,2026-01-19,2026-06-30
S02788,C02541,P2,partner,annual,2025-05-27,4,active,2025-05-27,2026-06-30
S02789,C02542,P2,partner,monthly,2026-06-02,3,active,2026-06-02,2026-06-30
S02790,C02543,P1,partner,annual,2024-11-14,2,active,2024-11-14,2026-06-30
S02791,C02544,P1,partner,annual,2025-02-10,5,active,2025-02-10,2026-06-30
S02792,C02545,P3,partner,annual,2025-09-17,8,active,2025-09-17,2026-06-30
S02793,C02546,P1,partner,annual,2024-10-11,10,active,2024-10-11,2026-06-30
S02794,C02547,DIRECT,direct,monthly,2024-11-26,66,active,2024-11-26,2026-06-30
S02795,C02547,DIRECT,direct,annual,2026-03-20,298,active,2026-03-20,2026-06-30
S02796,C02548,P2,partner,annual,2026-04-02,9,active,2026-04-02,2026-06-30
S02797,C02549,P3,partner,annual,2026-01-14,1,active,2026-01-14,2026-06-30
S02798,C02550,P1,partner,annual,2025-02-23,11,active,2025-02-23,2026-06-30
S02799,C02551,P1,partner,monthly,2026-04-09,7,active,2026-04-09,2026-06-30
S02800,C02552,P2,partner,annual,2024-08-27,59,active,2024-08-27,2026-06-30
S02801,C02553,P1,partner,annual,2025-07-18,2,active,2025-07-18,2026-06-30
S02802,C02554,P1,partner,annual,2024-07-01,13,active,2024-07-01,2026-06-30
S02803,C02555,DIRECT,direct,monthly,2025-04-04,53,active,2025-04-04,2026-06-30
S02804,C02556,P1,partner,annual,2025-03-06,6,active,2025-03-06,2026-06-30
S02805,C02557,P3,partner,monthly,2026-04-19,12,active,2026-04-19,2026-06-30
S02806,C02558,P3,partner,annual,2026-01-08,6,active,2026-01-08,2026-06-30
S02807,C02559,P1,partner,monthly,2025-08-04,0,cancelled,2026-06-25,2026-06-30
S02808,C02560,P2,partner,monthly,2026-06-17,2,active,2026-06-17,2026-06-30
S02809,C02561,P1,partner,annual,2025-10-27,20,active,2025-10-27,2026-06-30
S02810,C02562,P1,partner,annual,2026-04-08,3,active,2026-04-08,2026-06-30
S02811,C02563,P1,partner,monthly,2025-09-21,4,active,2025-09-21,2026-06-30
S02812,C02564,P1,partner,annual,2025-11-30,38,active,2025-11-30,2026-06-30
S02813,C02565,P2,partner,monthly,2025-11-28,12,active,2025-11-28,2026-06-30
S02814,C02566,P1,partner,annual,2025-05-22,9,active,2025-05-22,2026-06-30
S02815,C02567,P1,partner,annual,2024-09-26,10,active,2024-09-26,2026-06-30
S02816,C02568,P2,partner,annual,2024-10-31,10,active,2024-10-31,2026-06-30
S02817,C02568,P2,partner,annual,2025-02-26,7,active,2025-02-26,2026-06-30
S02818,C02569,P2,partner,monthly,2024-11-09,5,active,2024-11-09,2026-06-30
S02819,C02570,P2,partner,monthly,2025-09-02,22,active,2025-09-02,2026-06-30
S02820,C02571,P1,partner,annual,2026-06-12,7,active,2026-06-12,2026-06-30
S02821,C02572,P2,partner,annual,2025-05-15,4,active,2025-05-15,2026-06-30
S02822,C02573,P2,partner,monthly,2025-06-12,10,active,2025-06-12,2026-06-30
S02823,C02574,P1,partner,monthly,2024-11-27,15,active,2024-11-27,2026-06-30
S02824,C02575,P1,partner,monthly,2026-03-16,3,active,2026-03-16,2026-06-30
S02825,C02576,P1,partner,annual,2024-08-04,12,active,2024-08-04,2026-06-30
S02826,C02577,P3,partner,monthly,2025-03-31,8,active,2025-03-31,2026-06-30
S02827,C02578,P1,partner,annual,2026-02-08,52,active,2026-02-08,2026-06-30
S02828,C02579,P1,partner,annual,2026-06-21,3,active,2026-06-21,2026-06-30
S02829,C02580,DIRECT,direct,annual,2025-08-19,126,active,2025-08-19,2026-06-30
S02830,C02581,P1,partner,monthly,2025-01-21,45,active,2025-01-21,2026-06-30
S02831,C02582,P3,partner,monthly,2024-11-12,5,active,2024-11-12,2026-06-30
S02832,C02583,P3,partner,annual,2026-05-27,3,active,2026-05-27,2026-06-30
S02833,C02584,P1,partner,monthly,2025-10-03,3,active,2025-10-03,2026-06-30
S02834,C02585,DIRECT,direct,monthly,2025-09-20,343,active,2025-09-20,2026-06-30
S02835,C02586,P1,partner,annual,2025-05-20,5,active,2025-05-20,2026-06-30
S02836,C02586,P1,partner,annual,2025-09-27,36,active,2025-09-27,2026-06-30
S02837,C02587,P1,partner,annual,2024-11-03,0,cancelled,2026-01-06,2026-06-30
S02838,C02588,P1,partner,monthly,2024-07-17,9,active,2024-07-17,2026-06-30
S02839,C02588,P1,partner,monthly,2024-11-11,0,cancelled,2026-02-12,2026-06-30
S02840,C02589,DIRECT,direct,monthly,2025-11-24,444,active,2025-11-24,2026-06-30
S02841,C02590,P3,partner,monthly,2024-11-21,7,active,2024-11-21,2026-06-30
S02842,C02591,P1,partner,monthly,2024-12-09,3,active,2024-12-09,2026-06-30
S02843,C02592,DIRECT,direct,annual,2025-09-05,206,active,2025-09-05,2026-06-30
S02844,C02593,P2,partner,annual,2024-09-28,0,cancelled,2026-06-16,2026-06-30
S02845,C02594,P2,partner,annual,2024-11-07,0,cancelled,2025-02-23,2026-06-30
S02846,C02595,P3,partner,annual,2025-02-22,12,active,2025-02-22,2026-06-30
S02847,C02596,P1,partner,annual,2026-02-22,4,active,2026-02-22,2026-06-30
S02848,C02597,P1,partner,annual,2025-01-24,20,active,2025-01-24,2026-06-30
S02849,C02598,P2,partner,annual,2025-03-28,0,cancelled,2025-08-12,2026-06-30
S02850,C02599,P1,partner,annual,2024-12-22,15,active,2024-12-22,2026-06-30
S02851,C02600,P2,partner,annual,2025-04-15,0,cancelled,2025-09-01,2026-06-30
S02852,C02600,P2,partner,monthly,2025-06-23,0,cancelled,2025-11-24,2026-06-30
S02853,C02601,P3,partner,monthly,2024-09-26,6,active,2024-09-26,2026-06-30
S02854,C02602,P2,partner,annual,2025-12-04,7,active,2025-12-04,2026-06-30
S02855,C02603,P1,partner,monthly,2025-11-13,0,cancelled,2026-04-14,2026-06-30
S02856,C02604,P3,partner,monthly,2026-06-01,7,active,2026-06-01,2026-06-30
S02857,C02605,P1,partner,annual,2025-03-10,20,active,2025-03-10,2026-06-30
S02858,C02606,P2,partner,annual,2026-06-30,8,active,2026-06-30,2026-06-30
S02859,C02607,P1,partner,annual,2026-03-27,4,active,2026-03-27,2026-06-30
S02860,C02608,P1,partner,annual,2025-05-28,4,active,2025-05-28,2026-06-30
S02861,C02609,P1,partner,annual,2026-02-09,28,active,2026-02-09,2026-06-30
S02862,C02610,P2,partner,annual,2025-04-11,13,active,2025-04-11,2026-06-30
S02863,C02611,P1,partner,monthly,2024-08-25,2,active,2024-08-25,2026-06-30
S02864,C02612,P2,partner,monthly,2025-08-11,59,active,2025-08-11,2026-06-30
S02865,C02613,P1,partner,annual,2026-01-04,4,active,2026-01-04,2026-06-30
S02866,C02614,P1,partner,annual,2024-09-10,4,active,2024-09-10,2026-06-30
S02867,C02615,P1,partner,annual,2024-10-22,11,active,2024-10-22,2026-06-30
S02868,C02615,P1,partner,monthly,2025-03-05,17,active,2025-03-05,2026-06-30
S02869,C02616,P2,partner,annual,2025-07-12,4,active,2025-07-12,2026-06-30
S02870,C02617,P3,partner,annual,2024-07-03,6,active,2024-07-03,2026-06-30
S02871,C02618,P1,partner,annual,2026-02-23,9,active,2026-02-23,2026-06-30
S02872,C02619,P1,partner,monthly,2026-04-05,6,active,2026-04-05,2026-06-30
S02873,C02620,P3,partner,monthly,2025-07-06,8,active,2025-07-06,2026-06-30
S02874,C02621,P2,partner,monthly,2026-02-10,0,cancelled,2026-05-03,2026-06-30
S02875,C02622,P2,partner,monthly,2024-09-07,0,cancelled,2025-12-05,2026-06-30
S02876,C02623,P3,partner,monthly,2025-08-22,11,active,2025-08-22,2026-06-30
S02877,C02624,P1,partner,annual,2025-05-24,53,active,2025-05-24,2026-06-30
S02878,C02625,DIRECT,direct,annual,2025-05-02,313,active,2025-05-02,2026-06-30
S02879,C02626,P1,partner,annual,2026-03-21,21,active,2026-03-21,2026-06-30
S02880,C02627,P1,partner,annual,2024-10-17,33,active,2024-10-17,2026-06-30
S02881,C02628,P1,partner,annual,2024-10-21,0,cancelled,2026-03-22,2026-06-30
S02882,C02629,P1,partner,annual,2025-05-29,3,active,2025-05-29,2026-06-30
S02883,C02630,P1,partner,annual,2024-08-24,2,active,2024-08-24,2026-06-30
S02884,C02631,P1,partner,annual,2025-06-13,7,active,2025-06-13,2026-06-30
S02885,C02632,P1,partner,annual,2026-01-18,18,active,2026-01-18,2026-06-30
S02886,C02633,P1,partner,annual,2026-02-06,7,active,2026-02-06,2026-06-30
S02887,C02634,P1,partner,annual,2026-06-30,5,active,2026-06-30,2026-06-30
S02888,C02635,P1,partner,monthly,2024-10-03,33,active,2024-10-03,2026-06-30
S02889,C02636,P1,partner,annual,2025-12-26,3,active,2025-12-26,2026-06-30
S02890,C02637,P1,partner,monthly,2026-01-29,19,active,2026-01-29,2026-06-30
S02891,C02638,P1,partner,annual,2025-04-11,13,active,2025-04-11,2026-06-30
S02892,C02639,P2,partner,annual,2024-11-06,26,active,2024-11-06,2026-06-30
S02893,C02640,P2,partner,monthly,2025-10-16,10,active,2025-10-16,2026-06-30
S02894,C02641,P2,partner,monthly,2024-12-25,9,active,2024-12-25,2026-06-30
S02895,C02642,P1,partner,monthly,2026-03-20,9,active,2026-03-20,2026-06-30
S02896,C02643,P1,partner,annual,2024-07-31,0,cancelled,2025-04-19,2026-06-30
S02897,C02643,P1,partner,annual,2025-02-13,10,active,2025-02-13,2026-06-30
S02898,C02644,P2,partner,monthly,2025-12-02,12,active,2025-12-02,2026-06-30
S02899,C02645,P1,partner,annual,2024-12-23,27,active,2024-12-23,2026-06-30
S02900,C02646,P2,partner,annual,2024-10-04,127,active,2024-10-04,2026-06-30
S02901,C02647,DIRECT,direct,annual,2024-11-20,131,active,2024-11-20,2026-06-30
S02902,C02648,P1,partner,annual,2025-06-28,5,active,2025-06-28,2026-06-30
S02903,C02649,P1,partner,monthly,2025-11-12,10,active,2025-11-12,2026-06-30
S02904,C02649,P1,partner,annual,2026-03-07,27,active,2026-03-07,2026-06-30
S02905,C02650,P2,partner,monthly,2025-06-20,30,active,2025-06-20,2026-06-30
S02906,C02651,P1,partner,monthly,2026-01-15,1,active,2026-01-15,2026-06-30
S02907,C02651,P1,partner,annual,2026-06-08,26,active,2026-06-08,2026-06-30
S02908,C02652,P1,partner,monthly,2025-12-09,10,active,2025-12-09,2026-06-30
S02909,C02653,P1,partner,monthly,2025-08-05,9,active,2025-08-05,2026-06-30
S02910,C02654,DIRECT,direct,annual,2026-05-01,209,active,2026-05-01,2026-06-30
S02911,C02655,P1,partner,annual,2024-10-06,3,active,2024-10-06,2026-06-30
S02912,C02656,P2,partner,monthly,2026-04-01,5,active,2026-04-01,2026-06-30
S02913,C02657,P2,partner,annual,2026-02-05,18,active,2026-02-05,2026-06-30
S02914,C02658,DIRECT,direct,annual,2025-12-13,318,active,2025-12-13,2026-06-30
S02915,C02659,P1,partner,monthly,2025-05-25,2,active,2025-05-25,2026-06-30
S02916,C02660,P1,partner,annual,2024-12-28,5,active,2024-12-28,2026-06-30
S02917,C02661,P1,partner,monthly,2025-01-17,11,active,2025-01-17,2026-06-30
S02918,C02662,P3,partner,monthly,2025-10-22,6,active,2025-10-22,2026-06-30
S02919,C02663,P1,partner,annual,2025-09-26,11,active,2025-09-26,2026-06-30
S02920,C02664,P1,partner,annual,2025-12-14,37,active,2025-12-14,2026-06-30
S02921,C02665,P1,partner,monthly,2025-02-02,18,active,2025-02-02,2026-06-30
S02922,C02666,P1,partner,annual,2026-04-04,7,active,2026-04-04,2026-06-30
S02923,C02667,P1,partner,annual,2025-03-11,11,active,2025-03-11,2026-06-30
S02924,C02667,P1,partner,annual,2026-01-05,4,active,2026-01-05,2026-06-30
S02925,C02668,P2,partner,monthly,2026-02-15,4,active,2026-02-15,2026-06-30
S02926,C02669,P2,partner,annual,2024-12-13,0,cancelled,2026-01-30,2026-06-30
S02927,C02670,DIRECT,direct,annual,2026-03-02,140,active,2026-03-02,2026-06-30
S02928,C02671,DIRECT,direct,monthly,2025-09-20,143,active,2025-09-20,2026-06-30
S02929,C02672,P2,partner,monthly,2024-10-16,5,active,2024-10-16,2026-06-30
S02930,C02673,P1,partner,monthly,2024-11-28,0,cancelled,2025-05-04,2026-06-30
S02931,C02674,P3,partner,annual,2025-09-07,6,active,2025-09-07,2026-06-30
S02932,C02675,P1,partner,monthly,2025-05-21,2,active,2025-05-21,2026-06-30
S02933,C02676,P1,partner,annual,2026-03-07,7,active,2026-03-07,2026-06-30
S02934,C02677,P3,partner,annual,2026-06-30,19,active,2026-06-30,2026-06-30
S02935,C02678,P2,partner,monthly,2024-12-25,6,active,2024-12-25,2026-06-30
S02936,C02679,P1,partner,monthly,2026-06-18,16,active,2026-06-18,2026-06-30
S02937,C02680,P3,partner,annual,2024-08-27,3,active,2024-08-27,2026-06-30
S02938,C02681,P1,partner,monthly,2026-02-28,13,active,2026-02-28,2026-06-30
S02939,C02682,P3,partner,annual,2025-07-11,5,active,2025-07-11,2026-06-30
S02940,C02683,P1,partner,annual,2024-09-27,6,active,2024-09-27,2026-06-30
S02941,C02684,P2,partner,monthly,2024-12-19,0,cancelled,2025-07-13,2026-06-30
S02942,C02685,P1,partner,annual,2026-04-15,4,active,2026-04-15,2026-06-30
S02943,C02686,P1,partner,annual,2024-08-20,4,active,2024-08-20,2026-06-30
S02944,C02687,P3,partner,annual,2026-06-12,20,active,2026-06-12,2026-06-30
S02945,C02688,P2,partner,annual,2025-12-15,6,active,2025-12-15,2026-06-30
S02946,C02689,P1,partner,monthly,2025-02-11,9,active,2025-02-11,2026-06-30
S02947,C02690,P1,partner,annual,2024-12-02,8,active,2024-12-02,2026-06-30
S02948,C02691,P1,partner,annual,2025-09-25,27,active,2025-09-25,2026-06-30
S02949,C02692,P3,partner,annual,2024-11-10,2,active,2024-11-10,2026-06-30
S02950,C02693,P1,partner,annual,2025-12-25,4,active,2025-12-25,2026-06-30
S02951,C02694,P2,partner,annual,2025-11-13,0,cancelled,2025-12-15,2026-06-30
S02952,C02694,P2,partner,annual,2026-06-25,13,active,2026-06-25,2026-06-30
S02953,C02695,P1,partner,monthly,2024-10-11,0,cancelled,2025-11-09,2026-06-30
S02954,C02696,P1,partner,annual,2026-04-09,16,active,2026-04-09,2026-06-30
S02955,C02697,P3,partner,annual,2024-10-19,5,active,2024-10-19,2026-06-30
S02956,C02698,P1,partner,monthly,2025-01-17,7,active,2025-01-17,2026-06-30
S02957,C02698,P1,partner,monthly,2026-01-06,14,active,2026-01-06,2026-06-30
S02958,C02699,P3,partner,monthly,2025-03-25,8,active,2025-03-25,2026-06-30
S02959,C02700,P1,partner,monthly,2026-02-15,2,active,2026-02-15,2026-06-30
S02960,C02701,DIRECT,direct,monthly,2026-04-27,343,active,2026-04-27,2026-06-30
S02961,C02701,DIRECT,direct,annual,2026-06-07,372,active,2026-06-07,2026-06-30
S02962,C02702,P2,partner,annual,2025-06-26,72,active,2025-06-26,2026-06-30
S02963,C02703,P1,partner,monthly,2026-02-04,5,active,2026-02-04,2026-06-30
S02964,C02704,P1,partner,annual,2026-01-17,44,active,2026-01-17,2026-06-30
S02965,C02705,P1,partner,annual,2025-05-17,7,active,2025-05-17,2026-06-30
S02966,C02706,P1,partner,monthly,2025-03-14,16,active,2025-03-14,2026-06-30
S02967,C02707,P1,partner,monthly,2024-12-21,7,active,2024-12-21,2026-06-30
S02968,C02708,P2,partner,monthly,2024-10-09,36,active,2024-10-09,2026-06-30
S02969,C02709,P3,partner,annual,2026-06-18,9,active,2026-06-18,2026-06-30
S02970,C02710,P1,partner,monthly,2026-02-01,1,active,2026-02-01,2026-06-30
S02971,C02711,P1,partner,monthly,2024-07-06,0,cancelled,2024-07-25,2026-06-30
S02972,C02712,P1,partner,annual,2026-04-28,12,active,2026-04-28,2026-06-30
S02973,C02713,P2,partner,annual,2025-08-09,10,active,2025-08-09,2026-06-30
S02974,C02714,P1,partner,monthly,2024-09-01,5,active,2024-09-01,2026-06-30
S02975,C02715,P1,partner,monthly,2025-09-07,29,active,2025-09-07,2026-06-30
S02976,C02716,P1,partner,monthly,2024-07-19,53,active,2024-07-19,2026-06-30
S02977,C02717,P2,partner,annual,2026-04-06,22,active,2026-04-06,2026-06-30
S02978,C02718,P1,partner,monthly,2025-07-29,8,active,2025-07-29,2026-06-30
S02979,C02719,P1,partner,monthly,2024-11-30,0,cancelled,2025-12-11,2026-06-30
S02980,C02720,P3,partner,annual,2026-05-04,47,active,2026-05-04,2026-06-30
S02981,C02721,P1,partner,monthly,2025-07-12,20,active,2025-07-12,2026-06-30
S02982,C02722,P2,partner,annual,2025-07-22,2,active,2025-07-22,2026-06-30
S02983,C02723,P2,partner,monthly,2026-02-25,18,active,2026-02-25,2026-06-30
S02984,C02723,P2,partner,annual,2026-04-29,27,active,2026-04-29,2026-06-30
S02985,C02724,P3,partner,annual,2026-03-19,7,active,2026-03-19,2026-06-30
S02986,C02725,P3,partner,annual,2024-10-29,0,cancelled,2025-12-15,2026-06-30
S02987,C02726,P2,partner,annual,2025-03-15,0,cancelled,2025-05-14,2026-06-30
S02988,C02727,P1,partner,annual,2026-06-12,15,active,2026-06-12,2026-06-30
S02989,C02728,P1,partner,annual,2025-03-21,0,cancelled,2025-11-22,2026-06-30
S02990,C02729,P1,partner,monthly,2025-04-15,1,active,2025-04-15,2026-06-30
S02991,C02729,P1,partner,annual,2025-07-04,10,active,2025-07-04,2026-06-30
S02992,C02730,P1,partner,annual,2026-03-26,12,active,2026-03-26,2026-06-30
S02993,C02731,P3,partner,monthly,2024-08-30,0,cancelled,2025-11-30,2026-06-30
S02994,C02732,P1,partner,monthly,2024-08-14,0,cancelled,2025-08-10,2026-06-30
S02995,C02733,P1,partner,annual,2025-11-28,10,active,2025-11-28,2026-06-30
S02996,C02734,P1,partner,annual,2026-01-27,8,active,2026-01-27,2026-06-30
S02997,C02735,P2,partner,annual,2025-05-24,7,active,2025-05-24,2026-06-30
S02998,C02736,P1,partner,monthly,2025-10-13,2,active,2025-10-13,2026-06-30
S02999,C02737,P1,partner,annual,2026-02-08,16,active,2026-02-08,2026-06-30
S03000,C02738,P2,partner,annual,2024-09-11,8,active,2024-09-11,2026-06-30
S03001,C02739,P3,partner,annual,2026-03-09,5,active,2026-03-09,2026-06-30
S03002,C02740,P1,partner,monthly,2024-08-25,13,active,2024-08-25,2026-06-30
S03003,C02741,P2,partner,annual,2024-11-21,0,cancelled,2026-05-02,2026-06-30
S03004,C02742,P1,partner,monthly,2026-01-12,7,active,2026-01-12,2026-06-30
S03005,C02743,P1,partner,annual,2025-12-20,2,active,2025-12-20,2026-06-30
S03006,C02744,P1,partner,monthly,2024-08-01,25,active,2024-08-01,2026-06-30
S03007,C02745,P1,partner,annual,2025-07-02,6,active,2025-07-02,2026-06-30
S03008,C02746,DIRECT,direct,annual,2024-11-02,76,active,2024-11-02,2026-06-30
S03009,C02747,P2,partner,annual,2026-01-16,4,active,2026-01-16,2026-06-30
S03010,C02748,P3,partner,monthly,2025-03-18,3,active,2025-03-18,2026-06-30
S03011,C02749,P1,partner,monthly,2025-09-14,2,active,2025-09-14,2026-06-30
S03012,C02750,P1,partner,annual,2025-10-09,6,active,2025-10-09,2026-06-30
S03013,C02750,P1,partner,monthly,2026-06-10,13,active,2026-06-10,2026-06-30
S03014,C02751,DIRECT,direct,monthly,2026-01-19,129,active,2026-01-19,2026-06-30
S03015,C02752,P1,partner,annual,2025-05-06,6,active,2025-05-06,2026-06-30
S03016,C02753,P1,partner,annual,2025-02-25,29,active,2025-02-25,2026-06-30
S03017,C02754,P2,partner,monthly,2025-01-29,14,active,2025-01-29,2026-06-30
S03018,C02755,P1,partner,monthly,2024-07-18,7,active,2024-07-18,2026-06-30
S03019,C02756,P2,partner,annual,2026-03-22,2,active,2026-03-22,2026-06-30
S03020,C02757,P2,partner,annual,2025-03-01,7,active,2025-03-01,2026-06-30
S03021,C02758,P1,partner,annual,2024-09-26,42,active,2024-09-26,2026-06-30
S03022,C02759,P2,partner,monthly,2025-11-20,3,active,2025-11-20,2026-06-30
S03023,C02760,P3,partner,annual,2026-06-25,3,active,2026-06-25,2026-06-30
S03024,C02761,P1,partner,annual,2025-05-10,0,cancelled,2026-04-02,2026-06-30
S03025,C02761,P1,partner,annual,2025-09-06,2,active,2025-09-06,2026-06-30
S03026,C02762,P1,partner,monthly,2025-06-07,5,active,2025-06-07,2026-06-30
S03027,C02763,P2,partner,annual,2025-11-16,12,active,2025-11-16,2026-06-30
S03028,C02764,P2,partner,annual,2024-12-10,4,active,2024-12-10,2026-06-30
S03029,C02765,P2,partner,monthly,2025-05-03,8,active,2025-05-03,2026-06-30
S03030,C02766,P2,partner,annual,2025-04-01,8,active,2025-04-01,2026-06-30
S03031,C02767,P1,partner,annual,2024-08-06,0,cancelled,2026-06-26,2026-06-30
S03032,C02768,P2,partner,annual,2026-06-05,3,active,2026-06-05,2026-06-30
S03033,C02769,P2,partner,annual,2024-11-11,0,cancelled,2024-11-14,2026-06-30
S03034,C02770,P1,partner,monthly,2026-01-24,9,active,2026-01-24,2026-06-30
S03035,C02771,P1,partner,annual,2025-07-01,13,active,2025-07-01,2026-06-30
S03036,C02772,P2,partner,annual,2024-09-05,13,active,2024-09-05,2026-06-30
S03037,C02773,P2,partner,monthly,2025-03-15,0,cancelled,2026-03-04,2026-06-30
S03038,C02774,P3,partner,annual,2024-08-17,10,active,2024-08-17,2026-06-30
S03039,C02775,P1,partner,annual,2024-09-24,4,active,2024-09-24,2026-06-30
S03040,C02776,P1,partner,annual,2025-02-19,1,active,2025-02-19,2026-06-30
S03041,C02777,P2,partner,monthly,2025-03-22,5,active,2025-03-22,2026-06-30
S03042,C02778,P1,partner,monthly,2025-07-25,18,active,2025-07-25,2026-06-30
S03043,C02779,P2,partner,annual,2026-04-15,11,active,2026-04-15,2026-06-30
S03044,C02779,P2,partner,annual,2026-05-21,15,active,2026-05-21,2026-06-30
S03045,C02780,P2,partner,monthly,2024-10-31,2,active,2024-10-31,2026-06-30
S03046,C02781,P1,partner,monthly,2025-06-21,6,active,2025-06-21,2026-06-30
S03047,C02782,P1,partner,annual,2026-03-28,3,active,2026-03-28,2026-06-30
S03048,C02783,DIRECT,direct,annual,2024-08-21,89,active,2024-08-21,2026-06-30
S03049,C02783,DIRECT,direct,annual,2024-12-30,299,active,2024-12-30,2026-06-30
S03050,C02784,P1,partner,annual,2026-06-30,3,active,2026-06-30,2026-06-30
S03051,C02785,P2,partner,annual,2024-10-18,3,active,2024-10-18,2026-06-30
S03052,C02786,DIRECT,direct,annual,2024-07-28,0,cancelled,2025-03-15,2026-06-30
S03053,C02786,DIRECT,direct,annual,2026-05-08,244,active,2026-05-08,2026-06-30
S03054,C02787,P1,partner,monthly,2025-06-27,4,active,2025-06-27,2026-06-30
S03055,C02788,P1,partner,monthly,2026-02-24,3,active,2026-02-24,2026-06-30
S03056,C02789,P3,partner,monthly,2025-01-21,2,active,2025-01-21,2026-06-30
S03057,C02789,P3,partner,annual,2025-04-16,15,active,2025-04-16,2026-06-30
S03058,C02790,P1,partner,annual,2025-12-27,12,active,2025-12-27,2026-06-30
S03059,C02791,P1,partner,annual,2024-09-16,2,active,2024-09-16,2026-06-30
S03060,C02792,P2,partner,monthly,2026-05-03,4,active,2026-05-03,2026-06-30
S03061,C02793,P2,partner,monthly,2025-06-02,8,active,2025-06-02,2026-06-30
S03062,C02794,P1,partner,annual,2024-10-12,30,active,2024-10-12,2026-06-30
S03063,C02795,P2,partner,annual,2024-09-15,4,active,2024-09-15,2026-06-30
S03064,C02796,P2,partner,annual,2025-03-06,0,cancelled,2025-09-23,2026-06-30
S03065,C02796,P2,partner,monthly,2025-12-04,4,active,2025-12-04,2026-06-30
S03066,C02797,P3,partner,annual,2025-08-23,15,active,2025-08-23,2026-06-30
S03067,C02798,DIRECT,direct,annual,2025-11-04,119,active,2025-11-04,2026-06-30
S03068,C02799,P3,partner,annual,2026-01-03,9,active,2026-01-03,2026-06-30
S03069,C02800,P1,partner,monthly,2025-04-19,6,active,2025-04-19,2026-06-30
S03070,C02801,P1,partner,annual,2025-06-06,19,active,2025-06-06,2026-06-30
S03071,C02802,P3,partner,annual,2025-06-07,0,cancelled,2025-06-14,2026-06-30
S03072,C02803,P1,partner,annual,2024-09-15,0,cancelled,2025-10-08,2026-06-30
S03073,C02804,DIRECT,direct,annual,2025-11-10,189,active,2025-11-10,2026-06-30
S03074,C02805,P1,partner,monthly,2026-06-04,16,active,2026-06-04,2026-06-30
S03075,C02806,P1,partner,annual,2024-09-02,3,active,2024-09-02,2026-06-30
S03076,C02807,P1,partner,monthly,2025-04-16,17,active,2025-04-16,2026-06-30
S03077,C02808,P1,partner,annual,2025-08-15,6,active,2025-08-15,2026-06-30
S03078,C02809,P2,partner,annual,2026-05-02,27,active,2026-05-02,2026-06-30
S03079,C02810,P1,partner,monthly,2024-11-11,14,active,2024-11-11,2026-06-30
S03080,C02811,P1,partner,monthly,2025-06-06,6,active,2025-06-06,2026-06-30
S03081,C02812,P1,partner,annual,2025-11-24,80,active,2025-11-24,2026-06-30
S03082,C02812,P1,partner,annual,2026-02-02,9,active,2026-02-02,2026-06-30
S03083,C02813,P1,partner,monthly,2024-08-26,11,active,2024-08-26,2026-06-30
S03084,C02814,P1,partner,annual,2026-06-24,67,active,2026-06-24,2026-06-30
S03085,C02815,P1,partner,monthly,2024-09-07,4,active,2024-09-07,2026-06-30
S03086,C02816,P1,partner,monthly,2026-02-16,7,active,2026-02-16,2026-06-30
S03087,C02817,P1,partner,annual,2024-07-17,4,active,2024-07-17,2026-06-30
S03088,C02817,P1,partner,monthly,2025-03-02,2,active,2025-03-02,2026-06-30
S03089,C02818,P2,partner,annual,2026-01-01,5,active,2026-01-01,2026-06-30
S03090,C02819,P1,partner,annual,2025-01-29,3,active,2025-01-29,2026-06-30
S03091,C02820,P1,partner,annual,2025-10-12,8,active,2025-10-12,2026-06-30
S03092,C02821,P2,partner,annual,2025-08-29,11,active,2025-08-29,2026-06-30
S03093,C02822,P1,partner,annual,2024-09-28,0,cancelled,2025-11-16,2026-06-30
S03094,C02823,P1,partner,monthly,2025-02-10,4,active,2025-02-10,2026-06-30
S03095,C02824,P1,partner,annual,2026-01-09,7,active,2026-01-09,2026-06-30
S03096,C02824,P1,partner,monthly,2026-03-03,10,active,2026-03-03,2026-06-30
S03097,C02825,P3,partner,monthly,2025-01-27,13,active,2025-01-27,2026-06-30
S03098,C02826,P2,partner,monthly,2025-12-07,0,cancelled,2026-03-17,2026-06-30
S03099,C02827,P1,partner,monthly,2025-01-22,8,active,2025-01-22,2026-06-30
S03100,C02828,P1,partner,monthly,2024-09-04,1,active,2024-09-04,2026-06-30
S03101,C02828,P1,partner,monthly,2026-01-03,4,active,2026-01-03,2026-06-30
S03102,C02829,P2,partner,annual,2025-09-12,11,active,2025-09-12,2026-06-30
S03103,C02830,P1,partner,annual,2024-08-10,0,cancelled,2026-01-17,2026-06-30
S03104,C02830,P1,partner,monthly,2026-03-13,2,active,2026-03-13,2026-06-30
S03105,C02831,P1,partner,annual,2025-03-31,16,active,2025-03-31,2026-06-30
S03106,C02831,P1,partner,monthly,2026-05-25,2,active,2026-05-25,2026-06-30
S03107,C02832,P1,partner,monthly,2024-12-23,6,active,2024-12-23,2026-06-30
S03108,C02833,P2,partner,annual,2025-03-17,11,active,2025-03-17,2026-06-30
S03109,C02834,P1,partner,annual,2025-09-23,5,active,2025-09-23,2026-06-30
S03110,C02835,P1,partner,annual,2026-03-02,6,active,2026-03-02,2026-06-30
S03111,C02836,P2,partner,annual,2024-08-06,5,active,2024-08-06,2026-06-30
S03112,C02837,DIRECT,direct,monthly,2025-06-21,276,active,2025-06-21,2026-06-30
S03113,C02837,DIRECT,direct,monthly,2025-07-27,145,active,2025-07-27,2026-06-30
S03114,C02838,P2,partner,annual,2026-02-13,2,active,2026-02-13,2026-06-30
S03115,C02839,P3,partner,annual,2026-05-26,73,active,2026-05-26,2026-06-30
S03116,C02840,P1,partner,annual,2025-05-19,3,active,2025-05-19,2026-06-30
S03117,C02841,P1,partner,monthly,2024-11-26,0,cancelled,2026-02-07,2026-06-30
S03118,C02841,P1,partner,annual,2025-04-21,0,cancelled,2025-06-24,2026-06-30
S03119,C02842,P2,partner,annual,2025-06-06,17,active,2025-06-06,2026-06-30
S03120,C02842,P2,partner,annual,2025-11-14,16,active,2025-11-14,2026-06-30
S03121,C02843,P2,partner,annual,2024-12-21,0,cancelled,2026-05-31,2026-06-30
S03122,C02844,P1,partner,annual,2025-04-24,12,active,2025-04-24,2026-06-30
S03123,C02845,P1,partner,monthly,2026-02-26,9,active,2026-02-26,2026-06-30
S03124,C02846,P2,partner,annual,2025-07-06,2,active,2025-07-06,2026-06-30
S03125,C02847,P1,partner,annual,2026-06-25,9,active,2026-06-25,2026-06-30
S03126,C02848,P1,partner,monthly,2025-08-05,11,active,2025-08-05,2026-06-30
S03127,C02849,P1,partner,annual,2026-03-08,15,active,2026-03-08,2026-06-30
S03128,C02850,P3,partner,annual,2025-01-02,0,cancelled,2025-12-20,2026-06-30
S03129,C02851,P3,partner,annual,2025-05-24,5,active,2025-05-24,2026-06-30
S03130,C02852,DIRECT,direct,monthly,2025-10-07,263,active,2025-10-07,2026-06-30
S03131,C02853,P1,partner,monthly,2026-05-07,16,active,2026-05-07,2026-06-30
S03132,C02854,P1,partner,annual,2024-07-03,4,active,2024-07-03,2026-06-30
S03133,C02855,P2,partner,annual,2024-09-03,5,active,2024-09-03,2026-06-30
S03134,C02856,P3,partner,monthly,2024-10-24,5,active,2024-10-24,2026-06-30
S03135,C02857,P1,partner,monthly,2025-08-22,1,active,2025-08-22,2026-06-30
S03136,C02858,P1,partner,annual,2024-07-21,33,active,2024-07-21,2026-06-30
S03137,C02859,P2,partner,annual,2025-09-28,25,active,2025-09-28,2026-06-30
S03138,C02860,P1,partner,annual,2024-10-04,7,active,2024-10-04,2026-06-30
S03139,C02861,DIRECT,direct,annual,2024-12-19,542,active,2024-12-19,2026-06-30
S03140,C02862,P2,partner,annual,2024-07-15,31,active,2024-07-15,2026-06-30
S03141,C02863,P2,partner,annual,2025-07-10,10,active,2025-07-10,2026-06-30
S03142,C02864,P1,partner,annual,2026-04-25,5,active,2026-04-25,2026-06-30
S03143,C02865,P1,partner,annual,2025-12-25,23,active,2025-12-25,2026-06-30
S03144,C02866,P1,partner,monthly,2026-01-10,5,active,2026-01-10,2026-06-30
S03145,C02867,P2,partner,annual,2025-04-03,5,active,2025-04-03,2026-06-30
S03146,C02868,P1,partner,monthly,2024-08-30,1,active,2024-08-30,2026-06-30
S03147,C02869,P1,partner,annual,2025-05-15,4,active,2025-05-15,2026-06-30
S03148,C02870,P1,partner,monthly,2025-03-11,9,active,2025-03-11,2026-06-30
S03149,C02871,P2,partner,annual,2024-10-20,0,cancelled,2025-01-14,2026-06-30
S03150,C02872,P1,partner,monthly,2024-07-16,23,active,2024-07-16,2026-06-30
S03151,C02873,P1,partner,annual,2025-07-17,4,active,2025-07-17,2026-06-30
S03152,C02874,P1,partner,annual,2026-01-04,9,active,2026-01-04,2026-06-30
S03153,C02875,P1,partner,monthly,2024-09-06,7,active,2024-09-06,2026-06-30
S03154,C02875,P1,partner,annual,2025-01-05,0,cancelled,2025-06-06,2026-06-30
S03155,C02876,P1,partner,annual,2026-03-09,0,cancelled,2026-03-20,2026-06-30
S03156,C02877,P2,partner,annual,2026-02-04,32,active,2026-02-04,2026-06-30
S03157,C02878,P1,partner,monthly,2024-12-16,8,active,2024-12-16,2026-06-30
S03158,C02878,P1,partner,monthly,2025-02-08,16,active,2025-02-08,2026-06-30
S03159,C02879,P1,partner,annual,2026-04-11,6,active,2026-04-11,2026-06-30
S03160,C02880,P1,partner,monthly,2024-12-18,14,active,2024-12-18,2026-06-30
S03161,C02881,P1,partner,annual,2025-04-18,7,active,2025-04-18,2026-06-30
S03162,C02882,P2,partner,annual,2025-04-02,24,active,2025-04-02,2026-06-30
S03163,C02883,P1,partner,annual,2024-11-24,41,active,2024-11-24,2026-06-30
S03164,C02884,P1,partner,annual,2024-12-17,3,active,2024-12-17,2026-06-30
S03165,C02885,P1,partner,annual,2025-06-21,4,active,2025-06-21,2026-06-30
S03166,C02885,P1,partner,annual,2026-05-27,17,active,2026-05-27,2026-06-30
S03167,C02886,P1,partner,annual,2025-11-27,6,active,2025-11-27,2026-06-30
S03168,C02887,P2,partner,annual,2025-05-27,9,active,2025-05-27,2026-06-30
S03169,C02888,P1,partner,monthly,2025-08-30,0,cancelled,2025-08-31,2026-06-30
S03170,C02888,P1,partner,annual,2026-05-19,8,active,2026-05-19,2026-06-30
S03171,C02889,P1,partner,annual,2025-05-29,3,active,2025-05-29,2026-06-30
S03172,C02890,P1,partner,monthly,2025-09-02,14,active,2025-09-02,2026-06-30
S03173,C02891,P1,partner,monthly,2024-10-09,6,active,2024-10-09,2026-06-30
S03174,C02892,P2,partner,annual,2024-08-21,7,active,2024-08-21,2026-06-30
S03175,C02893,P3,partner,monthly,2024-11-18,9,active,2024-11-18,2026-06-30
S03176,C02894,P1,partner,annual,2025-04-08,26,active,2025-04-08,2026-06-30
S03177,C02895,P2,partner,monthly,2026-05-11,17,active,2026-05-11,2026-06-30
S03178,C02896,P1,partner,annual,2026-03-25,4,active,2026-03-25,2026-06-30
S03179,C02896,P1,partner,annual,2026-06-20,34,active,2026-06-20,2026-06-30
S03180,C02897,P1,partner,annual,2024-10-08,9,active,2024-10-08,2026-06-30
S03181,C02898,P3,partner,annual,2026-04-03,40,active,2026-04-03,2026-06-30
S03182,C02899,P1,partner,monthly,2026-04-09,27,active,2026-04-09,2026-06-30
S03183,C02900,P2,partner,annual,2025-10-31,29,active,2025-10-31,2026-06-30
S03184,C02901,P1,partner,monthly,2024-07-02,7,active,2024-07-02,2026-06-30
S03185,C02901,P1,partner,annual,2025-12-20,4,active,2025-12-20,2026-06-30
S03186,C02902,P1,partner,monthly,2024-08-18,5,active,2024-08-18,2026-06-30
S03187,C02903,P1,partner,monthly,2025-09-18,8,active,2025-09-18,2026-06-30
S03188,C02904,P2,partner,monthly,2026-05-04,5,active,2026-05-04,2026-06-30
S03189,C02905,P1,partner,monthly,2026-06-01,14,active,2026-06-01,2026-06-30
S03190,C02906,P1,partner,annual,2024-07-02,0,cancelled,2026-04-05,2026-06-30
S03191,C02907,P2,partner,monthly,2025-11-29,3,active,2025-11-29,2026-06-30
S03192,C02908,P1,partner,annual,2025-10-09,7,active,2025-10-09,2026-06-30
S03193,C02909,P1,partner,monthly,2026-06-16,10,active,2026-06-16,2026-06-30
S03194,C02910,P2,partner,monthly,2025-11-20,2,active,2025-11-20,2026-06-30
S03195,C02911,P1,partner,monthly,2024-10-26,28,active,2024-10-26,2026-06-30
S03196,C02912,P1,partner,annual,2026-01-01,2,active,2026-01-01,2026-06-30
S03197,C02913,P1,partner,annual,2025-02-15,14,active,2025-02-15,2026-06-30
S03198,C02914,P1,partner,monthly,2026-03-06,14,active,2026-03-06,2026-06-30
S03199,C02915,P1,partner,annual,2025-04-27,10,active,2025-04-27,2026-06-30
S03200,C02916,P1,partner,monthly,2025-07-21,1,active,2025-07-21,2026-06-30
S03201,C02917,P3,partner,annual,2025-02-15,0,cancelled,2025-08-04,2026-06-30
S03202,C02918,P2,partner,monthly,2024-08-13,3,active,2024-08-13,2026-06-30
S03203,C02919,P2,partner,annual,2025-10-28,5,active,2025-10-28,2026-06-30
S03204,C02920,DIRECT,direct,monthly,2025-05-11,134,active,2025-05-11,2026-06-30
S03205,C02921,P1,partner,monthly,2025-08-07,3,active,2025-08-07,2026-06-30
S03206,C02921,P1,partner,annual,2025-12-01,12,active,2025-12-01,2026-06-30
S03207,C02922,P3,partner,annual,2026-05-18,1,active,2026-05-18,2026-06-30
S03208,C02923,P1,partner,monthly,2026-05-19,10,active,2026-05-19,2026-06-30
S03209,C02924,P2,partner,annual,2024-09-28,4,active,2024-09-28,2026-06-30
S03210,C02925,P2,partner,monthly,2024-11-17,41,active,2024-11-17,2026-06-30
S03211,C02926,P1,partner,annual,2025-09-10,6,active,2025-09-10,2026-06-30
S03212,C02927,P2,partner,monthly,2026-01-11,5,active,2026-01-11,2026-06-30
S03213,C02928,P1,partner,monthly,2025-10-29,3,active,2025-10-29,2026-06-30
S03214,C02929,P1,partner,annual,2025-04-06,2,active,2025-04-06,2026-06-30
S03215,C02930,P3,partner,monthly,2025-12-01,8,active,2025-12-01,2026-06-30
S03216,C02931,P2,partner,monthly,2025-12-01,4,active,2025-12-01,2026-06-30
S03217,C02932,P1,partner,annual,2025-05-24,5,active,2025-05-24,2026-06-30
S03218,C02933,P2,partner,annual,2026-06-12,30,active,2026-06-12,2026-06-30
S03219,C02934,P1,partner,annual,2024-07-17,14,active,2024-07-17,2026-06-30
S03220,C02935,P3,partner,monthly,2024-10-27,10,active,2024-10-27,2026-06-30
S03221,C02936,P1,partner,monthly,2026-01-14,19,active,2026-01-14,2026-06-30
S03222,C02937,DIRECT,direct,annual,2025-06-01,288,active,2025-06-01,2026-06-30
S03223,C02938,P1,partner,monthly,2026-05-25,11,active,2026-05-25,2026-06-30
S03224,C02939,P1,partner,annual,2024-12-19,28,active,2024-12-19,2026-06-30
S03225,C02940,P3,partner,monthly,2025-02-25,15,active,2025-02-25,2026-06-30
S03226,C02941,DIRECT,direct,monthly,2025-11-25,109,active,2025-11-25,2026-06-30
S03227,C02942,P2,partner,monthly,2024-09-21,10,active,2024-09-21,2026-06-30
S03228,C02943,P1,partner,annual,2024-11-25,0,cancelled,2024-11-30,2026-06-30
S03229,C02943,P1,partner,annual,2025-04-30,4,active,2025-04-30,2026-06-30
S03230,C02944,P2,partner,annual,2025-03-08,0,cancelled,2026-01-08,2026-06-30
S03231,C02945,P2,partner,annual,2024-07-25,0,cancelled,2025-06-26,2026-06-30
S03232,C02946,P1,partner,annual,2025-08-11,5,active,2025-08-11,2026-06-30
S03233,C02947,P3,partner,monthly,2024-07-09,17,active,2024-07-09,2026-06-30
S03234,C02948,P1,partner,annual,2025-11-07,6,active,2025-11-07,2026-06-30
S03235,C02949,P1,partner,annual,2024-07-02,17,active,2024-07-02,2026-06-30
S03236,C02949,P1,partner,annual,2026-01-01,15,active,2026-01-01,2026-06-30
S03237,C02950,P1,partner,monthly,2024-10-19,8,active,2024-10-19,2026-06-30
S03238,C02950,P1,partner,annual,2025-01-10,59,active,2025-01-10,2026-06-30
S03239,C02951,P2,partner,annual,2026-02-22,4,active,2026-02-22,2026-06-30
S03240,C02951,P2,partner,monthly,2026-05-25,23,active,2026-05-25,2026-06-30
S03241,C02952,P2,partner,annual,2025-09-20,1,active,2025-09-20,2026-06-30
S03242,C02953,P1,partner,annual,2025-06-17,6,active,2025-06-17,2026-06-30
S03243,C02954,P1,partner,annual,2025-03-14,11,active,2025-03-14,2026-06-30
S03244,C02955,P2,partner,monthly,2024-07-25,9,active,2024-07-25,2026-06-30
S03245,C02956,P3,partner,monthly,2025-06-27,6,active,2025-06-27,2026-06-30
S03246,C02956,P3,partner,annual,2026-01-02,12,active,2026-01-02,2026-06-30
S03247,C02957,DIRECT,direct,annual,2025-09-27,396,active,2025-09-27,2026-06-30
S03248,C02958,P2,partner,monthly,2026-02-24,3,active,2026-02-24,2026-06-30
S03249,C02959,P3,partner,annual,2025-07-15,0,cancelled,2026-05-28,2026-06-30
S03250,C02960,P3,partner,monthly,2024-12-31,0,cancelled,2026-01-16,2026-06-30
S03251,C02961,P2,partner,monthly,2025-02-21,24,active,2025-02-21,2026-06-30
S03252,C02962,P1,partner,annual,2024-07-05,0,cancelled,2025-02-17,2026-06-30
S03253,C02963,DIRECT,direct,monthly,2026-04-30,207,active,2026-04-30,2026-06-30
S03254,C02964,P1,partner,annual,2026-03-26,11,active,2026-03-26,2026-06-30
S03255,C02965,P1,partner,annual,2026-03-18,25,active,2026-03-18,2026-06-30
S03256,C02966,P2,partner,monthly,2026-01-05,17,active,2026-01-05,2026-06-30
S03257,C02967,P1,partner,monthly,2025-06-10,7,active,2025-06-10,2026-06-30
S03258,C02968,P1,partner,annual,2025-07-28,8,active,2025-07-28,2026-06-30
S03259,C02969,P1,partner,monthly,2025-04-19,10,active,2025-04-19,2026-06-30
S03260,C02970,P1,partner,annual,2026-02-24,11,active,2026-02-24,2026-06-30
S03261,C02971,P2,partner,annual,2026-06-10,7,active,2026-06-10,2026-06-30
S03262,C02972,DIRECT,direct,annual,2025-04-21,0,cancelled,2025-08-02,2026-06-30
S03263,C02973,P3,partner,annual,2024-11-24,17,active,2024-11-24,2026-06-30
S03264,C02974,P2,partner,annual,2025-02-02,7,active,2025-02-02,2026-06-30
S03265,C02975,P1,partner,annual,2026-06-27,5,active,2026-06-27,2026-06-30
S03266,C02976,P2,partner,monthly,2025-02-11,5,active,2025-02-11,2026-06-30
S03267,C02977,P1,partner,annual,2024-07-25,0,cancelled,2025-03-24,2026-06-30
S03268,C02978,P2,partner,annual,2024-09-06,2,active,2024-09-06,2026-06-30
S03269,C02979,P1,partner,monthly,2025-07-16,2,active,2025-07-16,2026-06-30
S03270,C02980,P1,partner,annual,2026-05-06,4,active,2026-05-06,2026-06-30
S03271,C02981,P1,partner,monthly,2026-06-20,14,active,2026-06-20,2026-06-30
S03272,C02982,P3,partner,annual,2026-06-13,4,active,2026-06-13,2026-06-30
S03273,C02983,P1,partner,annual,2024-10-21,4,active,2024-10-21,2026-06-30
S03274,C02984,P1,partner,annual,2024-09-10,3,active,2024-09-10,2026-06-30
S03275,C02985,P1,partner,annual,2026-05-06,26,active,2026-05-06,2026-06-30
S03276,C02986,P3,partner,monthly,2024-12-11,8,active,2024-12-11,2026-06-30
S03277,C02987,P1,partner,annual,2026-03-31,14,active,2026-03-31,2026-06-30
S03278,C02988,P3,partner,monthly,2025-11-05,9,active,2025-11-05,2026-06-30
S03279,C02989,P1,partner,monthly,2025-06-21,60,active,2025-06-21,2026-06-30
S03280,C02990,P1,partner,monthly,2024-12-15,6,active,2024-12-15,2026-06-30
S03281,C02991,P1,partner,annual,2026-02-22,32,active,2026-02-22,2026-06-30
S03282,C02992,P1,partner,annual,2026-05-12,3,active,2026-05-12,2026-06-30
S03283,C02993,P1,partner,annual,2026-05-07,13,active,2026-05-07,2026-06-30
S03284,C02994,P3,partner,annual,2025-08-05,23,active,2025-08-05,2026-06-30
S03285,C02995,P1,partner,monthly,2025-09-08,4,active,2025-09-08,2026-06-30
S03286,C02996,P2,partner,monthly,2026-04-29,10,active,2026-04-29,2026-06-30
S03287,C02996,P2,partner,monthly,2026-06-05,11,active,2026-06-05,2026-06-30
S03288,C02997,P2,partner,monthly,2024-11-20,0,cancelled,2025-06-05,2026-06-30
S03289,C02998,P1,partner,annual,2026-03-17,11,active,2026-03-17,2026-06-30
S03290,C02999,P2,partner,annual,2025-01-26,21,active,2025-01-26,2026-06-30
S03291,C03000,P1,partner,monthly,2025-06-15,2,active,2025-06-15,2026-06-30
S03292,C03001,P2,partner,monthly,2025-08-05,3,active,2025-08-05,2026-06-30
S03293,C03002,P2,partner,monthly,2026-06-24,2,active,2026-06-24,2026-06-30
S03294,C03003,P2,partner,annual,2024-08-20,10,active,2024-08-20,2026-06-30
S03295,C03004,P1,partner,annual,2026-01-24,3,active,2026-01-24,2026-06-30
S03296,C03005,P1,partner,annual,2024-12-13,0,cancelled,2025-06-22,2026-06-30
S03297,C03006,P3,partner,annual,2025-03-05,3,active,2025-03-05,2026-06-30
S03298,C03007,DIRECT,direct,annual,2025-08-18,115,active,2025-08-18,2026-06-30
S03299,C03008,P2,partner,annual,2025-06-17,34,active,2025-06-17,2026-06-30
S03300,C03008,P2,partner,annual,2025-12-16,80,active,2025-12-16,2026-06-30
S03301,C03009,P2,partner,monthly,2026-03-28,19,active,2026-03-28,2026-06-30
S03302,C03009,P2,partner,annual,2026-05-17,4,active,2026-05-17,2026-06-30
S03303,C03010,P1,partner,monthly,2026-02-25,8,active,2026-02-25,2026-06-30
S03304,C03010,P1,partner,monthly,2026-04-04,33,active,2026-04-04,2026-06-30
S03305,C03011,P3,partner,monthly,2025-03-05,29,active,2025-03-05,2026-06-30
S03306,C03012,P2,partner,annual,2025-12-09,8,active,2025-12-09,2026-06-30
S03307,C03013,P1,partner,monthly,2024-09-28,2,active,2024-09-28,2026-06-30
S03308,C03014,P1,partner,annual,2025-02-20,8,active,2025-02-20,2026-06-30
S03309,C03015,P1,partner,monthly,2025-09-17,0,cancelled,2025-09-22,2026-06-30
S03310,C03016,P1,partner,annual,2025-10-21,2,active,2025-10-21,2026-06-30
S03311,C03017,P2,partner,annual,2025-06-03,8,active,2025-06-03,2026-06-30
S03312,C03018,P2,partner,annual,2025-02-12,7,active,2025-02-12,2026-06-30
S03313,C03018,P2,partner,annual,2026-05-15,14,active,2026-05-15,2026-06-30
S03314,C03019,P1,partner,monthly,2024-07-02,42,active,2024-07-02,2026-06-30
S03315,C03020,P1,partner,annual,2025-12-26,3,active,2025-12-26,2026-06-30
S03316,C03021,DIRECT,direct,monthly,2025-11-05,358,active,2025-11-05,2026-06-30
S03317,C03022,P2,partner,annual,2026-02-26,9,active,2026-02-26,2026-06-30
S03318,C03023,P2,partner,monthly,2026-06-17,8,active,2026-06-17,2026-06-30
S03319,C03024,DIRECT,direct,monthly,2024-09-25,620,active,2024-09-25,2026-06-30
S03320,C03025,P1,partner,annual,2026-01-31,6,active,2026-01-31,2026-06-30
S03321,C03026,P1,partner,annual,2026-03-03,34,active,2026-03-03,2026-06-30
S03322,C03027,P2,partner,annual,2026-01-10,5,active,2026-01-10,2026-06-30
S03323,C03028,P1,partner,annual,2025-01-23,11,active,2025-01-23,2026-06-30
S03324,C03029,P1,partner,monthly,2026-06-20,80,active,2026-06-20,2026-06-30
S03325,C03030,P1,partner,monthly,2024-12-07,10,active,2024-12-07,2026-06-30
S03326,C03031,P2,partner,monthly,2024-08-21,0,cancelled,2025-08-14,2026-06-30
S03327,C03032,P2,partner,annual,2026-06-19,13,active,2026-06-19,2026-06-30
S03328,C03033,P2,partner,annual,2024-08-22,4,active,2024-08-22,2026-06-30
S03329,C03034,P1,partner,annual,2024-12-17,8,active,2024-12-17,2026-06-30
S03330,C03035,P1,partner,monthly,2024-10-06,7,active,2024-10-06,2026-06-30
S03331,C03036,P3,partner,monthly,2026-06-14,11,active,2026-06-14,2026-06-30
S03332,C03037,DIRECT,direct,monthly,2026-02-27,716,active,2026-02-27,2026-06-30
S03333,C03037,DIRECT,direct,annual,2026-06-06,188,active,2026-06-06,2026-06-30
S03334,C03038,P1,partner,annual,2024-09-30,16,active,2024-09-30,2026-06-30
S03335,C03039,P1,partner,annual,2025-04-13,4,active,2025-04-13,2026-06-30
S03336,C03040,P2,partner,monthly,2024-08-27,7,active,2024-08-27,2026-06-30
S03337,C03041,P1,partner,annual,2026-05-10,7,active,2026-05-10,2026-06-30
S03338,C03042,P2,partner,annual,2025-06-15,4,active,2025-06-15,2026-06-30
S03339,C03043,P1,partner,monthly,2026-02-09,4,active,2026-02-09,2026-06-30
S03340,C03044,P1,partner,annual,2025-08-11,14,active,2025-08-11,2026-06-30
S03341,C03045,P1,partner,annual,2025-11-15,5,active,2025-11-15,2026-06-30
S03342,C03046,P1,partner,annual,2024-10-31,12,active,2024-10-31,2026-06-30
S03343,C03047,P1,partner,annual,2025-12-25,0,cancelled,2025-12-28,2026-06-30
S03344,C03048,P3,partner,monthly,2025-09-26,0,cancelled,2026-03-24,2026-06-30
S03345,C03049,P2,partner,monthly,2025-03-27,8,active,2025-03-27,2026-06-30
S03346,C03050,P2,partner,monthly,2024-09-24,6,active,2024-09-24,2026-06-30
S03347,C03051,P1,partner,annual,2025-02-07,7,active,2025-02-07,2026-06-30
S03348,C03052,P2,partner,monthly,2026-05-10,0,cancelled,2026-06-10,2026-06-30
S03349,C03052,P2,partner,annual,2026-06-23,8,active,2026-06-23,2026-06-30
S03350,C03053,P1,partner,annual,2025-07-27,2,active,2025-07-27,2026-06-30
S03351,C03054,P2,partner,annual,2025-01-22,30,active,2025-01-22,2026-06-30
S03352,C03055,P1,partner,annual,2025-08-22,5,active,2025-08-22,2026-06-30
S03353,C03056,P1,partner,monthly,2025-11-16,29,active,2025-11-16,2026-06-30
S03354,C03057,P3,partner,monthly,2024-08-05,17,active,2024-08-05,2026-06-30
S03355,C03058,P2,partner,monthly,2026-03-06,16,active,2026-03-06,2026-06-30
S03356,C03059,P1,partner,monthly,2026-05-21,7,active,2026-05-21,2026-06-30
S03357,C03060,P2,partner,annual,2025-12-04,18,active,2025-12-04,2026-06-30
S03358,C03061,P1,partner,annual,2026-05-25,58,active,2026-05-25,2026-06-30
S03359,C03062,P1,partner,annual,2025-04-25,0,cancelled,2025-10-02,2026-06-30
S03360,C03062,P1,partner,monthly,2026-03-30,34,active,2026-03-30,2026-06-30
S03361,C03063,P3,partner,monthly,2025-02-24,12,active,2025-02-24,2026-06-30
S03362,C03064,P1,partner,annual,2025-10-25,5,active,2025-10-25,2026-06-30
S03363,C03065,DIRECT,direct,annual,2024-08-27,387,active,2024-08-27,2026-06-30
S03364,C03066,P1,partner,annual,2024-08-10,6,active,2024-08-10,2026-06-30
S03365,C03067,P1,partner,monthly,2026-03-16,10,active,2026-03-16,2026-06-30
S03366,C03068,P1,partner,annual,2025-09-14,14,active,2025-09-14,2026-06-30
S03367,C03069,P2,partner,annual,2025-09-07,36,active,2025-09-07,2026-06-30
S03368,C03070,P1,partner,annual,2025-08-10,4,active,2025-08-10,2026-06-30
S03369,C03071,P1,partner,monthly,2024-09-13,11,active,2024-09-13,2026-06-30
S03370,C03072,P1,partner,annual,2025-12-20,22,active,2025-12-20,2026-06-30
S03371,C03073,P2,partner,annual,2024-12-13,8,active,2024-12-13,2026-06-30
S03372,C03074,P1,partner,monthly,2026-04-09,0,cancelled,2026-06-25,2026-06-30
S03373,C03075,P2,partner,annual,2025-04-07,15,active,2025-04-07,2026-06-30
S03374,C03076,P1,partner,annual,2025-03-11,7,active,2025-03-11,2026-06-30
S03375,C03077,P1,partner,annual,2025-11-10,6,active,2025-11-10,2026-06-30
S03376,C03078,P1,partner,annual,2026-05-09,8,active,2026-05-09,2026-06-30
S03377,C03079,P2,partner,annual,2025-07-24,5,active,2025-07-24,2026-06-30
S03378,C03080,P1,partner,annual,2025-08-23,15,active,2025-08-23,2026-06-30
S03379,C03081,P2,partner,annual,2024-09-17,0,cancelled,2026-01-23,2026-06-30
S03380,C03082,P1,partner,annual,2026-01-25,11,active,2026-01-25,2026-06-30
S03381,C03083,P2,partner,annual,2026-05-04,12,active,2026-05-04,2026-06-30
S03382,C03084,P1,partner,monthly,2025-03-27,5,active,2025-03-27,2026-06-30
S03383,C03085,P3,partner,annual,2024-08-02,11,active,2024-08-02,2026-06-30
S03384,C03086,P2,partner,monthly,2026-05-05,16,active,2026-05-05,2026-06-30
S03385,C03087,P1,partner,monthly,2025-12-25,15,active,2025-12-25,2026-06-30
S03386,C03088,P2,partner,annual,2025-05-16,23,active,2025-05-16,2026-06-30
S03387,C03089,P1,partner,annual,2024-10-14,0,cancelled,2025-12-03,2026-06-30
S03388,C03090,P2,partner,annual,2024-09-16,0,cancelled,2024-11-14,2026-06-30
S03389,C03091,P1,partner,monthly,2025-01-31,1,active,2025-01-31,2026-06-30
S03390,C03092,P1,partner,annual,2025-11-09,13,active,2025-11-09,2026-06-30
S03391,C03092,P1,partner,annual,2026-06-21,3,active,2026-06-21,2026-06-30
S03392,C03093,P1,partner,annual,2026-02-08,8,active,2026-02-08,2026-06-30
S03393,C03094,P2,partner,monthly,2025-12-02,30,active,2025-12-02,2026-06-30
S03394,C03095,P2,partner,monthly,2026-02-23,8,active,2026-02-23,2026-06-30
S03395,C03096,P2,partner,annual,2024-09-22,15,active,2024-09-22,2026-06-30
S03396,C03097,P1,partner,monthly,2024-11-26,15,active,2024-11-26,2026-06-30
S03397,C03098,P3,partner,annual,2024-11-24,14,active,2024-11-24,2026-06-30
S03398,C03099,P2,partner,monthly,2026-05-17,16,active,2026-05-17,2026-06-30
S03399,C03100,P3,partner,monthly,2024-09-05,0,cancelled,2026-05-28,2026-06-30
S03400,C03101,P1,partner,monthly,2024-12-18,0,cancelled,2025-02-14,2026-06-30
S03401,C03102,DIRECT,direct,annual,2026-05-29,219,active,2026-05-29,2026-06-30
S03402,C03103,P3,partner,monthly,2025-06-24,2,active,2025-06-24,2026-06-30
S03403,C03104,P3,partner,annual,2024-12-04,9,active,2024-12-04,2026-06-30
S03404,C03105,P3,partner,monthly,2024-11-08,0,cancelled,2025-04-16,2026-06-30
S03405,C03106,P2,partner,monthly,2025-03-13,5,active,2025-03-13,2026-06-30
S03406,C03107,P3,partner,monthly,2025-10-31,16,active,2025-10-31,2026-06-30
S03407,C03107,P3,partner,monthly,2026-03-13,8,active,2026-03-13,2026-06-30
S03408,C03108,P1,partner,monthly,2024-09-18,5,active,2024-09-18,2026-06-30
S03409,C03109,P2,partner,annual,2024-12-26,3,active,2024-12-26,2026-06-30
S03410,C03110,P1,partner,annual,2025-06-05,37,active,2025-06-05,2026-06-30
S03411,C03111,P1,partner,annual,2026-02-21,11,active,2026-02-21,2026-06-30
S03412,C03112,P1,partner,annual,2024-11-09,2,active,2024-11-09,2026-06-30
S03413,C03113,P2,partner,monthly,2025-09-25,14,active,2025-09-25,2026-06-30
S03414,C03114,P2,partner,monthly,2025-01-28,0,cancelled,2025-03-13,2026-06-30
S03415,C03114,P2,partner,monthly,2025-07-07,8,active,2025-07-07,2026-06-30
S03416,C03115,P3,partner,annual,2026-05-03,12,active,2026-05-03,2026-06-30
S03417,C03116,P1,partner,monthly,2026-04-22,19,active,2026-04-22,2026-06-30
S03418,C03117,P3,partner,annual,2026-05-03,6,active,2026-05-03,2026-06-30
S03419,C03117,P3,partner,annual,2026-06-24,12,active,2026-06-24,2026-06-30
S03420,C03118,P1,partner,monthly,2025-10-08,10,active,2025-10-08,2026-06-30
S03421,C03119,P1,partner,annual,2024-07-08,21,active,2024-07-08,2026-06-30
S03422,C03120,P1,partner,annual,2024-09-16,0,cancelled,2025-02-12,2026-06-30
S03423,C03121,P1,partner,annual,2025-03-03,1,active,2025-03-03,2026-06-30
S03424,C03121,P1,partner,monthly,2025-12-17,3,active,2025-12-17,2026-06-30
S03425,C03122,P1,partner,annual,2024-11-28,5,active,2024-11-28,2026-06-30
S03426,C03123,P1,partner,annual,2025-12-09,7,active,2025-12-09,2026-06-30
S03427,C03124,P1,partner,annual,2024-07-26,1,active,2024-07-26,2026-06-30
S03428,C03125,P1,partner,annual,2025-10-02,8,active,2025-10-02,2026-06-30
S03429,C03126,P1,partner,annual,2025-02-24,3,active,2025-02-24,2026-06-30
S03430,C03127,P1,partner,annual,2025-04-15,1,active,2025-04-15,2026-06-30
S03431,C03128,P1,partner,monthly,2026-05-18,15,active,2026-05-18,2026-06-30
S03432,C03129,P2,partner,annual,2025-08-13,4,active,2025-08-13,2026-06-30
S03433,C03130,P1,partner,monthly,2026-04-23,3,active,2026-04-23,2026-06-30
S03434,C03131,P3,partner,annual,2025-03-14,19,active,2025-03-14,2026-06-30
S03435,C03132,P2,partner,annual,2024-09-18,21,active,2024-09-18,2026-06-30
S03436,C03132,P2,partner,annual,2025-07-20,7,active,2025-07-20,2026-06-30
S03437,C03133,P3,partner,annual,2024-10-21,24,active,2024-10-21,2026-06-30
S03438,C03134,P3,partner,monthly,2024-09-02,17,active,2024-09-02,2026-06-30
S03439,C03135,P2,partner,annual,2025-10-19,8,active,2025-10-19,2026-06-30
S03440,C03136,DIRECT,direct,monthly,2026-05-12,337,active,2026-05-12,2026-06-30
S03441,C03137,P1,partner,monthly,2025-04-29,3,active,2025-04-29,2026-06-30
S03442,C03138,P1,partner,annual,2025-12-07,0,cancelled,2026-01-14,2026-06-30
S03443,C03139,P2,partner,monthly,2025-01-01,3,active,2025-01-01,2026-06-30
S03444,C03140,P1,partner,annual,2024-09-01,9,active,2024-09-01,2026-06-30
S03445,C03141,P2,partner,annual,2024-11-13,41,active,2024-11-13,2026-06-30
S03446,C03142,P3,partner,annual,2025-09-24,13,active,2025-09-24,2026-06-30
S03447,C03143,P2,partner,monthly,2026-01-10,3,active,2026-01-10,2026-06-30
S03448,C03144,P2,partner,monthly,2025-08-16,4,active,2025-08-16,2026-06-30
S03449,C03145,P1,partner,monthly,2026-02-21,10,active,2026-02-21,2026-06-30
S03450,C03146,DIRECT,direct,annual,2026-05-09,329,active,2026-05-09,2026-06-30
S03451,C03147,P2,partner,annual,2026-04-21,16,active,2026-04-21,2026-06-30
S03452,C03148,P1,partner,annual,2025-10-28,14,active,2025-10-28,2026-06-30
S03453,C03149,P1,partner,monthly,2024-09-03,11,active,2024-09-03,2026-06-30
S03454,C03150,P2,partner,annual,2025-03-03,4,active,2025-03-03,2026-06-30
S03455,C03151,P3,partner,annual,2024-12-17,10,active,2024-12-17,2026-06-30
S03456,C03152,P2,partner,annual,2025-09-11,7,active,2025-09-11,2026-06-30
S03457,C03153,P2,partner,monthly,2026-06-29,10,active,2026-06-29,2026-06-30
S03458,C03154,P2,partner,annual,2025-10-01,8,active,2025-10-01,2026-06-30
S03459,C03155,DIRECT,direct,monthly,2024-10-31,148,active,2024-10-31,2026-06-30
S03460,C03156,P1,partner,monthly,2025-11-18,2,active,2025-11-18,2026-06-30
S03461,C03157,P2,partner,annual,2026-04-07,15,active,2026-04-07,2026-06-30
S03462,C03158,P1,partner,annual,2026-04-23,6,active,2026-04-23,2026-06-30
S03463,C03159,P1,partner,monthly,2025-08-06,9,active,2025-08-06,2026-06-30
S03464,C03159,P1,partner,monthly,2026-03-21,34,active,2026-03-21,2026-06-30
S03465,C03160,P1,partner,annual,2026-03-09,5,active,2026-03-09,2026-06-30
S03466,C03161,P2,partner,annual,2024-10-28,4,active,2024-10-28,2026-06-30
S03467,C03162,P2,partner,annual,2025-12-27,14,active,2025-12-27,2026-06-30
S03468,C03163,P1,partner,annual,2024-11-15,2,active,2024-11-15,2026-06-30
S03469,C03164,P3,partner,annual,2024-08-21,0,cancelled,2024-09-20,2026-06-30
S03470,C03165,P2,partner,annual,2025-07-29,9,active,2025-07-29,2026-06-30
S03471,C03166,P3,partner,monthly,2026-02-02,8,active,2026-02-02,2026-06-30
S03472,C03167,P3,partner,monthly,2025-09-26,19,active,2025-09-26,2026-06-30
S03473,C03168,P1,partner,monthly,2025-01-05,0,cancelled,2025-06-01,2026-06-30
S03474,C03169,P3,partner,annual,2026-02-13,11,active,2026-02-13,2026-06-30
S03475,C03170,P2,partner,annual,2024-12-05,16,active,2024-12-05,2026-06-30
S03476,C03170,P2,partner,annual,2025-02-11,12,active,2025-02-11,2026-06-30
S03477,C03171,P1,partner,annual,2025-02-05,6,active,2025-02-05,2026-06-30
S03478,C03172,P2,partner,annual,2025-12-13,11,active,2025-12-13,2026-06-30
S03479,C03173,P3,partner,annual,2024-08-06,0,cancelled,2024-10-09,2026-06-30
S03480,C03174,P1,partner,annual,2025-09-09,15,active,2025-09-09,2026-06-30
S03481,C03175,P3,partner,annual,2026-01-02,22,active,2026-01-02,2026-06-30
S03482,C03175,P3,partner,annual,2026-02-26,9,active,2026-02-26,2026-06-30
S03483,C03176,P2,partner,annual,2025-04-17,0,cancelled,2026-05-08,2026-06-30
S03484,C03177,P1,partner,monthly,2024-07-13,3,active,2024-07-13,2026-06-30
S03485,C03178,P3,partner,monthly,2026-01-20,3,active,2026-01-20,2026-06-30
S03486,C03179,P2,partner,annual,2025-01-30,0,cancelled,2026-05-11,2026-06-30
S03487,C03180,P1,partner,monthly,2025-05-15,11,active,2025-05-15,2026-06-30
S03488,C03180,P1,partner,annual,2025-09-19,22,active,2025-09-19,2026-06-30
S03489,C03181,P1,partner,annual,2024-07-21,33,active,2024-07-21,2026-06-30
S03490,C03182,P1,partner,monthly,2025-05-01,13,active,2025-05-01,2026-06-30
S03491,C03183,P1,partner,annual,2024-10-22,32,active,2024-10-22,2026-06-30
S03492,C03184,DIRECT,direct,monthly,2026-04-23,245,active,2026-04-23,2026-06-30
S03493,C03184,DIRECT,direct,annual,2026-06-10,553,active,2026-06-10,2026-06-30
S03494,C03185,P1,partner,annual,2026-03-23,4,active,2026-03-23,2026-06-30
S03495,C03186,P2,partner,monthly,2026-02-08,5,active,2026-02-08,2026-06-30
S03496,C03187,P2,partner,annual,2024-12-14,0,cancelled,2025-11-14,2026-06-30
S03497,C03187,P2,partner,annual,2026-02-24,8,active,2026-02-24,2026-06-30
S03498,C03188,P1,partner,annual,2025-12-13,0,cancelled,2025-12-15,2026-06-30
S03499,C03189,DIRECT,direct,annual,2026-03-05,735,active,2026-03-05,2026-06-30
S03500,C03190,P1,partner,annual,2025-06-16,3,active,2025-06-16,2026-06-30
S03501,C03190,P1,partner,monthly,2025-10-14,2,active,2025-10-14,2026-06-30
S03502,C03191,P3,partner,annual,2025-12-25,1,active,2025-12-25,2026-06-30
S03503,C03191,P3,partner,annual,2026-03-29,18,active,2026-03-29,2026-06-30
S03504,C03192,P1,partner,annual,2025-02-20,6,active,2025-02-20,2026-06-30
S03505,C03193,P1,partner,annual,2026-02-06,4,active,2026-02-06,2026-06-30
S03506,C03194,P1,partner,monthly,2026-01-12,7,active,2026-01-12,2026-06-30
S03507,C03195,P2,partner,monthly,2025-08-23,1,active,2025-08-23,2026-06-30
S03508,C03196,P2,partner,annual,2025-12-14,4,active,2025-12-14,2026-06-30
S03509,C03197,P1,partner,monthly,2025-09-21,0,cancelled,2026-03-27,2026-06-30
S03510,C03198,P1,partner,monthly,2025-04-24,98,active,2025-04-24,2026-06-30
S03511,C03199,P1,partner,annual,2025-09-08,11,active,2025-09-08,2026-06-30
S03512,C03200,P2,partner,monthly,2024-10-29,9,active,2024-10-29,2026-06-30
S03513,C03201,P1,partner,annual,2025-02-13,0,cancelled,2025-09-06,2026-06-30
S03514,C03202,P1,partner,monthly,2026-05-25,9,active,2026-05-25,2026-06-30
S03515,C03203,P1,partner,annual,2026-02-23,6,active,2026-02-23,2026-06-30
S03516,C03204,P1,partner,annual,2026-01-23,24,active,2026-01-23,2026-06-30
S03517,C03205,P1,partner,annual,2026-01-28,19,active,2026-01-28,2026-06-30
S03518,C03206,P1,partner,monthly,2025-09-27,16,active,2025-09-27,2026-06-30
S03519,C03207,P3,partner,annual,2025-12-20,2,active,2025-12-20,2026-06-30
S03520,C03208,P1,partner,monthly,2024-11-24,4,active,2024-11-24,2026-06-30
S03521,C03209,DIRECT,direct,annual,2025-07-01,185,active,2025-07-01,2026-06-30
S03522,C03210,P1,partner,annual,2025-07-01,19,active,2025-07-01,2026-06-30
S03523,C03211,P3,partner,annual,2026-05-29,4,active,2026-05-29,2026-06-30
S03524,C03212,P1,partner,annual,2025-02-05,14,active,2025-02-05,2026-06-30
S03525,C03213,P1,partner,monthly,2025-10-15,8,active,2025-10-15,2026-06-30
S03526,C03214,P1,partner,annual,2025-06-09,5,active,2025-06-09,2026-06-30
S03527,C03215,P2,partner,annual,2024-12-25,5,active,2024-12-25,2026-06-30
S03528,C03215,P2,partner,annual,2026-05-13,12,active,2026-05-13,2026-06-30
S03529,C03216,P1,partner,annual,2026-03-29,32,active,2026-03-29,2026-06-30
S03530,C03217,P2,partner,monthly,2024-09-29,4,active,2024-09-29,2026-06-30
S03531,C03218,P2,partner,monthly,2026-05-05,5,active,2026-05-05,2026-06-30
S03532,C03218,P2,partner,annual,2026-06-30,7,active,2026-06-30,2026-06-30
S03533,C03219,P2,partner,annual,2025-10-16,0,cancelled,2025-11-23,2026-06-30
S03534,C03220,P1,partner,annual,2025-11-02,8,active,2025-11-02,2026-06-30
S03535,C03221,P1,partner,monthly,2025-10-22,4,active,2025-10-22,2026-06-30
S03536,C03222,P2,partner,annual,2025-01-11,0,cancelled,2025-12-10,2026-06-30
S03537,C03223,DIRECT,direct,annual,2026-05-07,371,active,2026-05-07,2026-06-30
S03538,C03224,P2,partner,annual,2025-11-15,11,active,2025-11-15,2026-06-30
S03539,C03225,P1,partner,monthly,2026-03-28,16,active,2026-03-28,2026-06-30
S03540,C03226,P2,partner,monthly,2025-03-30,4,active,2025-03-30,2026-06-30
S03541,C03227,DIRECT,direct,monthly,2025-06-03,96,active,2025-06-03,2026-06-30
S03542,C03228,DIRECT,direct,annual,2024-07-05,244,active,2024-07-05,2026-06-30
S03543,C03229,P3,partner,annual,2026-06-27,18,active,2026-06-27,2026-06-30
S03544,C03230,P2,partner,monthly,2024-08-16,0,cancelled,2024-10-20,2026-06-30
S03545,C03231,P3,partner,monthly,2025-03-31,1,active,2025-03-31,2026-06-30
S03546,C03232,P2,partner,monthly,2025-09-21,3,active,2025-09-21,2026-06-30
S03547,C03233,DIRECT,direct,monthly,2025-09-22,201,active,2025-09-22,2026-06-30
S03548,C03234,P1,partner,annual,2025-04-25,13,active,2025-04-25,2026-06-30
S03549,C03235,P2,partner,monthly,2024-10-23,15,active,2024-10-23,2026-06-30
S03550,C03236,P1,partner,monthly,2025-06-09,3,active,2025-06-09,2026-06-30
S03551,C03236,P1,partner,annual,2026-05-24,80,active,2026-05-24,2026-06-30
S03552,C03237,P1,partner,monthly,2025-03-21,2,active,2025-03-21,2026-06-30
S03553,C03238,P1,partner,annual,2025-02-05,20,active,2025-02-05,2026-06-30
S03554,C03239,P1,partner,annual,2025-12-20,18,active,2025-12-20,2026-06-30
S03555,C03240,P2,partner,annual,2025-04-16,6,active,2025-04-16,2026-06-30
S03556,C03241,P1,partner,monthly,2024-11-22,27,active,2024-11-22,2026-06-30
S03557,C03242,DIRECT,direct,annual,2025-11-14,112,active,2025-11-14,2026-06-30
S03558,C03243,P1,partner,annual,2025-09-16,0,cancelled,2026-03-30,2026-06-30
S03559,C03244,P1,partner,annual,2026-06-09,6,active,2026-06-09,2026-06-30
S03560,C03245,P1,partner,monthly,2025-07-15,8,active,2025-07-15,2026-06-30
S03561,C03246,P1,partner,monthly,2026-06-06,3,active,2026-06-06,2026-06-30
S03562,C03247,P1,partner,monthly,2024-07-29,5,active,2024-07-29,2026-06-30
S03563,C03248,P1,partner,monthly,2025-12-10,2,active,2025-12-10,2026-06-30
S03564,C03249,P1,partner,monthly,2025-07-27,13,active,2025-07-27,2026-06-30
S03565,C03250,P2,partner,annual,2025-02-16,24,active,2025-02-16,2026-06-30
S03566,C03251,P1,partner,annual,2024-11-20,3,active,2024-11-20,2026-06-30
S03567,C03252,P1,partner,monthly,2026-04-04,14,active,2026-04-04,2026-06-30
S03568,C03253,P1,partner,annual,2025-07-02,4,active,2025-07-02,2026-06-30
S03569,C03253,P1,partner,annual,2025-10-15,44,active,2025-10-15,2026-06-30
S03570,C03254,P1,partner,annual,2026-02-19,3,active,2026-02-19,2026-06-30
S03571,C03254,P1,partner,annual,2026-04-14,3,active,2026-04-14,2026-06-30
S03572,C03255,P2,partner,annual,2025-03-22,0,cancelled,2026-05-21,2026-06-30
S03573,C03256,DIRECT,direct,monthly,2025-05-30,198,active,2025-05-30,2026-06-30
S03574,C03257,P3,partner,annual,2025-08-31,18,active,2025-08-31,2026-06-30
S03575,C03258,P3,partner,monthly,2024-10-17,4,active,2024-10-17,2026-06-30
S03576,C03259,P1,partner,monthly,2025-04-01,7,active,2025-04-01,2026-06-30
S03577,C03260,DIRECT,direct,annual,2024-10-17,107,active,2024-10-17,2026-06-30
S03578,C03261,P1,partner,annual,2025-10-28,12,active,2025-10-28,2026-06-30
S03579,C03261,P1,partner,annual,2025-12-22,67,active,2025-12-22,2026-06-30
S03580,C03262,P1,partner,monthly,2026-01-10,4,active,2026-01-10,2026-06-30
S03581,C03262,P1,partner,monthly,2026-02-09,5,active,2026-02-09,2026-06-30
S03582,C03263,P1,partner,annual,2025-12-25,28,active,2025-12-25,2026-06-30
S03583,C03264,P3,partner,monthly,2024-08-22,0,cancelled,2026-05-27,2026-06-30
S03584,C03265,P2,partner,monthly,2026-01-30,26,active,2026-01-30,2026-06-30
S03585,C03265,P2,partner,monthly,2026-04-18,4,active,2026-04-18,2026-06-30
S03586,C03266,P2,partner,annual,2025-05-19,10,active,2025-05-19,2026-06-30
S03587,C03267,P1,partner,annual,2024-11-30,3,active,2024-11-30,2026-06-30
S03588,C03268,P1,partner,monthly,2024-11-04,0,cancelled,2025-04-10,2026-06-30
S03589,C03269,P1,partner,annual,2025-12-11,8,active,2025-12-11,2026-06-30
S03590,C03270,P1,partner,monthly,2024-11-22,6,active,2024-11-22,2026-06-30
S03591,C03271,P1,partner,monthly,2026-04-10,4,active,2026-04-10,2026-06-30
S03592,C03272,P1,partner,monthly,2025-07-11,1,active,2025-07-11,2026-06-30
S03593,C03273,P1,partner,annual,2025-03-28,18,active,2025-03-28,2026-06-30
S03594,C03274,P3,partner,annual,2024-07-25,5,active,2024-07-25,2026-06-30
S03595,C03275,P1,partner,annual,2026-06-23,19,active,2026-06-23,2026-06-30
S03596,C03276,P1,partner,annual,2025-01-31,5,active,2025-01-31,2026-06-30
S03597,C03277,DIRECT,direct,annual,2025-10-24,558,active,2025-10-24,2026-06-30
S03598,C03278,P1,partner,monthly,2026-06-25,4,active,2026-06-25,2026-06-30
S03599,C03279,P2,partner,monthly,2024-11-23,1,active,2024-11-23,2026-06-30
S03600,C03280,P2,partner,monthly,2025-09-30,4,active,2025-09-30,2026-06-30
S03601,C03280,P2,partner,annual,2026-05-20,3,active,2026-05-20,2026-06-30
S03602,C03281,P3,partner,annual,2025-10-14,34,active,2025-10-14,2026-06-30
S03603,C03282,P1,partner,annual,2025-01-22,3,active,2025-01-22,2026-06-30
S03604,C03283,P1,partner,annual,2024-07-14,5,active,2024-07-14,2026-06-30
S03605,C03284,P2,partner,monthly,2026-02-17,5,active,2026-02-17,2026-06-30
S03606,C03285,P1,partner,monthly,2024-09-23,27,active,2024-09-23,2026-06-30
S03607,C03286,P3,partner,monthly,2024-11-23,20,active,2024-11-23,2026-06-30
S03608,C03287,P1,partner,annual,2025-06-06,0,cancelled,2025-11-03,2026-06-30
S03609,C03288,P2,partner,annual,2025-08-03,37,active,2025-08-03,2026-06-30
S03610,C03289,P1,partner,annual,2026-03-28,13,active,2026-03-28,2026-06-30
S03611,C03290,P1,partner,annual,2025-04-14,6,active,2025-04-14,2026-06-30
S03612,C03291,P1,partner,annual,2025-03-28,5,active,2025-03-28,2026-06-30
S03613,C03292,P1,partner,monthly,2025-09-18,16,active,2025-09-18,2026-06-30
S03614,C03293,P2,partner,monthly,2024-07-16,0,cancelled,2025-05-27,2026-06-30
S03615,C03294,DIRECT,direct,annual,2025-10-04,178,active,2025-10-04,2026-06-30
S03616,C03295,P1,partner,monthly,2025-04-19,41,active,2025-04-19,2026-06-30
S03617,C03296,P1,partner,annual,2025-08-02,14,active,2025-08-02,2026-06-30
S03618,C03297,P1,partner,annual,2025-10-13,2,active,2025-10-13,2026-06-30
S03619,C03298,P1,partner,annual,2025-07-13,0,cancelled,2026-01-26,2026-06-30
S03620,C03298,P1,partner,monthly,2026-02-18,6,active,2026-02-18,2026-06-30
S03621,C03299,P1,partner,monthly,2026-06-03,2,active,2026-06-03,2026-06-30
S03622,C03300,P1,partner,annual,2025-08-16,0,cancelled,2026-06-22,2026-06-30
S03623,C03301,P1,partner,annual,2025-10-29,4,active,2025-10-29,2026-06-30
S03624,C03302,P1,partner,monthly,2024-11-22,9,active,2024-11-22,2026-06-30
S03625,C03303,P2,partner,annual,2025-08-08,12,active,2025-08-08,2026-06-30
S03626,C03304,P1,partner,annual,2025-07-17,2,active,2025-07-17,2026-06-30
S03627,C03305,P1,partner,annual,2024-12-23,9,active,2024-12-23,2026-06-30
S03628,C03306,P3,partner,annual,2026-03-31,5,active,2026-03-31,2026-06-30
S03629,C03307,P1,partner,monthly,2025-03-23,24,active,2025-03-23,2026-06-30
S03630,C03308,P1,partner,monthly,2025-11-08,4,active,2025-11-08,2026-06-30
S03631,C03309,P1,partner,annual,2026-04-09,42,active,2026-04-09,2026-06-30
S03632,C03310,P2,partner,annual,2024-11-21,6,active,2024-11-21,2026-06-30
S03633,C03311,P2,partner,annual,2025-03-09,2,active,2025-03-09,2026-06-30
S03634,C03312,P2,partner,annual,2025-08-17,7,active,2025-08-17,2026-06-30
S03635,C03313,P1,partner,annual,2024-11-25,2,active,2024-11-25,2026-06-30
S03636,C03314,P3,partner,annual,2025-10-01,12,active,2025-10-01,2026-06-30
S03637,C03315,P2,partner,annual,2025-10-02,16,active,2025-10-02,2026-06-30
S03638,C03316,DIRECT,direct,annual,2024-12-21,0,cancelled,2024-12-31,2026-06-30
S03639,C03317,P1,partner,monthly,2026-04-16,7,active,2026-04-16,2026-06-30
S03640,C03317,P1,partner,annual,2026-05-22,25,active,2026-05-22,2026-06-30
S03641,C03318,P3,partner,monthly,2025-10-25,0,cancelled,2026-03-10,2026-06-30
S03642,C03319,P1,partner,annual,2026-02-24,27,active,2026-02-24,2026-06-30
S03643,C03319,P1,partner,annual,2026-06-13,60,active,2026-06-13,2026-06-30
S03644,C03320,P2,partner,annual,2025-11-19,5,active,2025-11-19,2026-06-30
S03645,C03321,P1,partner,annual,2026-06-25,4,active,2026-06-25,2026-06-30
S03646,C03322,P1,partner,monthly,2024-07-16,20,active,2024-07-16,2026-06-30
S03647,C03323,P1,partner,annual,2024-09-12,2,active,2024-09-12,2026-06-30
S03648,C03324,P1,partner,annual,2025-11-05,11,active,2025-11-05,2026-06-30
S03649,C03325,P3,partner,monthly,2025-05-10,0,cancelled,2026-01-16,2026-06-30
S03650,C03326,P1,partner,annual,2026-03-07,33,active,2026-03-07,2026-06-30
S03651,C03327,P2,partner,monthly,2024-10-27,0,cancelled,2025-03-17,2026-06-30
S03652,C03328,P1,partner,monthly,2025-06-22,4,active,2025-06-22,2026-06-30
S03653,C03329,P2,partner,monthly,2025-09-17,2,active,2025-09-17,2026-06-30
S03654,C03330,P1,partner,annual,2025-05-07,7,active,2025-05-07,2026-06-30
S03655,C03330,P1,partner,annual,2026-04-25,4,active,2026-04-25,2026-06-30
S03656,C03331,DIRECT,direct,annual,2024-09-29,0,cancelled,2026-01-19,2026-06-30
S03657,C03332,P1,partner,annual,2024-09-30,3,active,2024-09-30,2026-06-30
S03658,C03333,P2,partner,annual,2024-11-10,6,active,2024-11-10,2026-06-30
S03659,C03334,P1,partner,monthly,2025-10-13,19,active,2025-10-13,2026-06-30
S03660,C03335,P3,partner,monthly,2025-08-05,34,active,2025-08-05,2026-06-30
S03661,C03336,P3,partner,monthly,2024-08-09,0,cancelled,2026-06-10,2026-06-30
S03662,C03337,P1,partner,monthly,2024-11-28,2,active,2024-11-28,2026-06-30
S03663,C03338,P2,partner,annual,2024-11-05,3,active,2024-11-05,2026-06-30
S03664,C03339,P3,partner,monthly,2026-05-12,16,active,2026-05-12,2026-06-30
S03665,C03340,P1,partner,monthly,2024-09-22,0,cancelled,2024-11-22,2026-06-30
S03666,C03341,P2,partner,annual,2026-01-19,10,active,2026-01-19,2026-06-30
S03667,C03342,DIRECT,direct,annual,2025-04-28,231,active,2025-04-28,2026-06-30
S03668,C03343,P2,partner,monthly,2026-02-17,10,active,2026-02-17,2026-06-30
S03669,C03344,P1,partner,annual,2025-12-04,2,active,2025-12-04,2026-06-30
S03670,C03345,P1,partner,monthly,2025-07-29,1,active,2025-07-29,2026-06-30
S03671,C03346,P1,partner,annual,2025-08-07,18,active,2025-08-07,2026-06-30
S03672,C03347,P1,partner,monthly,2025-08-28,30,active,2025-08-28,2026-06-30
S03673,C03348,P2,partner,annual,2025-12-01,0,cancelled,2026-05-30,2026-06-30
S03674,C03349,P2,partner,monthly,2025-09-25,0,cancelled,2026-06-11,2026-06-30
S03675,C03350,P1,partner,annual,2026-01-29,16,active,2026-01-29,2026-06-30
S03676,C03351,P3,partner,monthly,2026-04-13,7,active,2026-04-13,2026-06-30
S03677,C03352,P1,partner,monthly,2024-11-21,45,active,2024-11-21,2026-06-30
S03678,C03353,DIRECT,direct,annual,2024-11-17,660,active,2024-11-17,2026-06-30
S03679,C03354,P1,partner,monthly,2026-03-23,10,active,2026-03-23,2026-06-30
S03680,C03355,P1,partner,monthly,2025-11-05,16,active,2025-11-05,2026-06-30
S03681,C03356,P1,partner,annual,2025-10-02,11,active,2025-10-02,2026-06-30
S03682,C03357,P3,partner,annual,2026-01-16,19,active,2026-01-16,2026-06-30
S03683,C03358,DIRECT,direct,annual,2026-04-27,211,active,2026-04-27,2026-06-30
S03684,C03359,P2,partner,annual,2025-09-18,6,active,2025-09-18,2026-06-30
S03685,C03360,P1,partner,monthly,2026-04-06,5,active,2026-04-06,2026-06-30
S03686,C03361,P1,partner,annual,2025-01-26,15,active,2025-01-26,2026-06-30
S03687,C03361,P1,partner,monthly,2025-02-28,0,cancelled,2025-04-05,2026-06-30
S03688,C03362,P1,partner,annual,2025-02-18,8,active,2025-02-18,2026-06-30
S03689,C03363,P1,partner,monthly,2025-11-23,10,active,2025-11-23,2026-06-30
S03690,C03364,P1,partner,monthly,2025-09-29,10,active,2025-09-29,2026-06-30
S03691,C03365,P2,partner,annual,2025-02-06,0,cancelled,2025-04-10,2026-06-30
S03692,C03366,P2,partner,monthly,2025-12-05,13,active,2025-12-05,2026-06-30
S03693,C03367,P1,partner,monthly,2025-10-11,17,active,2025-10-11,2026-06-30
S03694,C03368,P3,partner,annual,2025-10-31,2,active,2025-10-31,2026-06-30
S03695,C03369,P1,partner,monthly,2025-09-22,3,active,2025-09-22,2026-06-30
S03696,C03370,P1,partner,monthly,2024-10-06,22,active,2024-10-06,2026-06-30
S03697,C03371,P1,partner,annual,2024-11-01,1,active,2024-11-01,2026-06-30
S03698,C03372,P2,partner,monthly,2025-03-22,8,active,2025-03-22,2026-06-30
S03699,C03373,P1,partner,monthly,2026-06-16,16,active,2026-06-16,2026-06-30
S03700,C03374,P2,partner,monthly,2026-04-03,4,active,2026-04-03,2026-06-30
S03701,C03375,P2,partner,annual,2026-02-04,16,active,2026-02-04,2026-06-30
S03702,C03375,P2,partner,annual,2026-04-29,16,active,2026-04-29,2026-06-30
S03703,C03376,DIRECT,direct,annual,2026-03-26,178,active,2026-03-26,2026-06-30
S03704,C03377,P1,partner,annual,2025-11-05,2,active,2025-11-05,2026-06-30
S03705,C03378,P3,partner,annual,2025-05-02,15,active,2025-05-02,2026-06-30
S03706,C03379,P1,partner,monthly,2026-06-14,21,active,2026-06-14,2026-06-30
S03707,C03380,P1,partner,annual,2025-08-08,12,active,2025-08-08,2026-06-30
S03708,C03381,P1,partner,annual,2026-04-12,18,active,2026-04-12,2026-06-30
S03709,C03382,P1,partner,annual,2025-10-21,3,active,2025-10-21,2026-06-30
S03710,C03382,P1,partner,annual,2026-04-13,5,active,2026-04-13,2026-06-30
S03711,C03383,P1,partner,annual,2024-10-30,6,active,2024-10-30,2026-06-30
S03712,C03384,P2,partner,annual,2026-01-08,11,active,2026-01-08,2026-06-30
S03713,C03385,P1,partner,annual,2025-04-23,5,active,2025-04-23,2026-06-30
S03714,C03386,P2,partner,monthly,2025-07-19,11,active,2025-07-19,2026-06-30
S03715,C03387,P1,partner,annual,2026-05-21,5,active,2026-05-21,2026-06-30
S03716,C03388,P1,partner,annual,2024-08-08,10,active,2024-08-08,2026-06-30
S03717,C03389,P2,partner,annual,2026-06-28,7,active,2026-06-28,2026-06-30
S03718,C03390,P2,partner,annual,2025-11-19,5,active,2025-11-19,2026-06-30
S03719,C03391,P3,partner,monthly,2025-09-20,69,active,2025-09-20,2026-06-30
S03720,C03392,P2,partner,monthly,2026-02-22,8,active,2026-02-22,2026-06-30
S03721,C03392,P2,partner,annual,2026-04-29,8,active,2026-04-29,2026-06-30
S03722,C03393,P2,partner,annual,2024-10-04,0,cancelled,2025-08-25,2026-06-30
S03723,C03394,P1,partner,monthly,2026-03-06,10,active,2026-03-06,2026-06-30
S03724,C03395,P2,partner,monthly,2026-04-25,18,active,2026-04-25,2026-06-30
S03725,C03396,P2,partner,monthly,2025-04-03,3,active,2025-04-03,2026-06-30
S03726,C03397,P1,partner,annual,2026-01-25,12,active,2026-01-25,2026-06-30
S03727,C03398,P1,partner,annual,2024-08-01,0,cancelled,2025-04-18,2026-06-30
S03728,C03399,P1,partner,monthly,2024-09-18,6,active,2024-09-18,2026-06-30
S03729,C03400,P1,partner,monthly,2024-10-31,21,active,2024-10-31,2026-06-30
S03730,C03401,DIRECT,direct,monthly,2025-05-23,100,active,2025-05-23,2026-06-30
S03731,C03402,P2,partner,annual,2025-08-03,5,active,2025-08-03,2026-06-30
S03732,C03403,P2,partner,annual,2026-04-07,15,active,2026-04-07,2026-06-30
S03733,C03404,P1,partner,annual,2026-01-01,5,active,2026-01-01,2026-06-30
S03734,C03405,P3,partner,monthly,2024-09-30,9,active,2024-09-30,2026-06-30
S03735,C03406,P1,partner,annual,2024-12-01,6,active,2024-12-01,2026-06-30
S03736,C03407,P3,partner,annual,2024-09-13,0,cancelled,2025-05-12,2026-06-30
S03737,C03408,P1,partner,annual,2025-06-03,2,active,2025-06-03,2026-06-30
S03738,C03409,P2,partner,monthly,2025-08-01,22,active,2025-08-01,2026-06-30
S03739,C03409,P2,partner,monthly,2026-06-14,11,active,2026-06-14,2026-06-30
S03740,C03410,P1,partner,monthly,2025-07-13,6,active,2025-07-13,2026-06-30
S03741,C03411,P1,partner,annual,2025-02-16,10,active,2025-02-16,2026-06-30
S03742,C03412,P3,partner,annual,2026-05-29,3,active,2026-05-29,2026-06-30
S03743,C03413,P1,partner,annual,2025-06-30,3,active,2025-06-30,2026-06-30
S03744,C03414,P1,partner,annual,2026-06-18,25,active,2026-06-18,2026-06-30
S03745,C03415,P1,partner,monthly,2025-06-24,20,active,2025-06-24,2026-06-30
S03746,C03416,P2,partner,monthly,2026-02-19,4,active,2026-02-19,2026-06-30
S03747,C03417,P1,partner,monthly,2025-05-02,11,active,2025-05-02,2026-06-30
S03748,C03418,DIRECT,direct,annual,2025-03-14,202,active,2025-03-14,2026-06-30
S03749,C03419,P2,partner,monthly,2025-09-18,11,active,2025-09-18,2026-06-30
S03750,C03420,P1,partner,monthly,2026-06-17,3,active,2026-06-17,2026-06-30
S03751,C03421,P1,partner,annual,2025-04-21,0,cancelled,2025-10-06,2026-06-30
S03752,C03421,P1,partner,annual,2026-03-27,11,active,2026-03-27,2026-06-30
S03753,C03422,P1,partner,monthly,2025-09-01,3,active,2025-09-01,2026-06-30
S03754,C03422,P1,partner,annual,2026-06-18,10,active,2026-06-18,2026-06-30
S03755,C03423,DIRECT,direct,annual,2025-01-06,229,active,2025-01-06,2026-06-30
S03756,C03423,DIRECT,direct,annual,2025-11-02,79,active,2025-11-02,2026-06-30
S03757,C03424,P2,partner,annual,2024-10-28,2,active,2024-10-28,2026-06-30
S03758,C03425,P2,partner,annual,2026-02-18,4,active,2026-02-18,2026-06-30
S03759,C03426,P3,partner,monthly,2026-01-08,5,active,2026-01-08,2026-06-30
S03760,C03427,P2,partner,annual,2025-10-01,23,active,2025-10-01,2026-06-30
S03761,C03428,P2,partner,annual,2025-08-28,8,active,2025-08-28,2026-06-30
S03762,C03429,P1,partner,annual,2026-06-21,2,active,2026-06-21,2026-06-30
S03763,C03430,P1,partner,annual,2025-02-13,6,active,2025-02-13,2026-06-30
S03764,C03431,P1,partner,annual,2025-07-31,33,active,2025-07-31,2026-06-30
S03765,C03432,P1,partner,monthly,2026-05-25,7,active,2026-05-25,2026-06-30
S03766,C03433,P1,partner,annual,2026-04-21,30,active,2026-04-21,2026-06-30
S03767,C03433,P1,partner,monthly,2026-06-05,6,active,2026-06-05,2026-06-30
S03768,C03434,P2,partner,annual,2024-09-30,7,active,2024-09-30,2026-06-30
S03769,C03435,P1,partner,monthly,2026-05-07,9,active,2026-05-07,2026-06-30
S03770,C03436,P3,partner,annual,2025-06-08,2,active,2025-06-08,2026-06-30
S03771,C03437,P1,partner,annual,2025-08-07,7,active,2025-08-07,2026-06-30
S03772,C03438,P1,partner,monthly,2025-08-25,28,active,2025-08-25,2026-06-30
S03773,C03439,P1,partner,monthly,2024-10-28,13,active,2024-10-28,2026-06-30
S03774,C03439,P1,partner,annual,2026-03-24,20,active,2026-03-24,2026-06-30
S03775,C03440,P1,partner,monthly,2025-09-27,10,active,2025-09-27,2026-06-30
S03776,C03441,P1,partner,annual,2024-12-11,0,cancelled,2025-12-08,2026-06-30
S03777,C03442,P1,partner,monthly,2024-11-20,15,active,2024-11-20,2026-06-30
S03778,C03443,P2,partner,annual,2024-11-11,38,active,2024-11-11,2026-06-30
S03779,C03444,DIRECT,direct,annual,2025-02-25,85,active,2025-02-25,2026-06-30
S03780,C03445,P1,partner,annual,2025-03-16,15,active,2025-03-16,2026-06-30
S03781,C03446,P1,partner,annual,2025-03-31,0,cancelled,2025-09-11,2026-06-30
S03782,C03447,P1,partner,monthly,2026-01-23,0,cancelled,2026-01-31,2026-06-30
S03783,C03448,P1,partner,annual,2025-09-14,0,cancelled,2026-02-04,2026-06-30
S03784,C03449,P1,partner,monthly,2024-12-19,95,active,2024-12-19,2026-06-30
S03785,C03450,P1,partner,annual,2025-03-04,4,active,2025-03-04,2026-06-30
S03786,C03450,P1,partner,annual,2026-05-21,9,active,2026-05-21,2026-06-30
S03787,C03451,P3,partner,monthly,2025-06-24,5,active,2025-06-24,2026-06-30
S03788,C03451,P3,partner,annual,2026-05-26,11,active,2026-05-26,2026-06-30
S03789,C03452,P1,partner,monthly,2025-12-28,16,active,2025-12-28,2026-06-30
S03790,C03453,P1,partner,annual,2024-07-10,35,active,2024-07-10,2026-06-30
S03791,C03454,P2,partner,annual,2025-08-05,3,active,2025-08-05,2026-06-30
S03792,C03455,P2,partner,annual,2025-09-22,7,active,2025-09-22,2026-06-30
S03793,C03456,P2,partner,annual,2024-08-15,16,active,2024-08-15,2026-06-30
S03794,C03457,P1,partner,monthly,2024-08-15,3,active,2024-08-15,2026-06-30
S03795,C03458,P2,partner,annual,2026-04-16,2,active,2026-04-16,2026-06-30
S03796,C03459,P2,partner,annual,2024-08-24,0,cancelled,2025-08-28,2026-06-30
S03797,C03459,P2,partner,annual,2025-11-02,5,active,2025-11-02,2026-06-30
S03798,C03460,P2,partner,monthly,2025-01-18,5,active,2025-01-18,2026-06-30
S03799,C03461,P2,partner,monthly,2026-01-25,6,active,2026-01-25,2026-06-30
S03800,C03462,P1,partner,monthly,2026-01-29,3,active,2026-01-29,2026-06-30
S03801,C03463,P1,partner,monthly,2026-02-23,26,active,2026-02-23,2026-06-30
S03802,C03464,P1,partner,monthly,2025-05-28,0,cancelled,2026-05-23,2026-06-30
S03803,C03465,P1,partner,annual,2026-02-02,3,active,2026-02-02,2026-06-30
S03804,C03465,P1,partner,annual,2026-04-13,7,active,2026-04-13,2026-06-30
S03805,C03466,P2,partner,annual,2026-05-28,6,active,2026-05-28,2026-06-30
S03806,C03467,P1,partner,monthly,2024-10-13,2,active,2024-10-13,2026-06-30
S03807,C03468,P1,partner,annual,2024-12-01,18,active,2024-12-01,2026-06-30
S03808,C03469,P3,partner,monthly,2025-01-14,5,active,2025-01-14,2026-06-30
S03809,C03470,P2,partner,annual,2025-08-02,25,active,2025-08-02,2026-06-30
S03810,C03471,DIRECT,direct,annual,2025-08-17,212,active,2025-08-17,2026-06-30
S03811,C03472,P2,partner,annual,2026-01-08,10,active,2026-01-08,2026-06-30
S03812,C03473,P2,partner,annual,2025-04-12,5,active,2025-04-12,2026-06-30
S03813,C03473,P2,partner,annual,2025-05-12,4,active,2025-05-12,2026-06-30
S03814,C03474,P1,partner,annual,2026-05-17,4,active,2026-05-17,2026-06-30
S03815,C03475,P1,partner,annual,2025-07-01,6,active,2025-07-01,2026-06-30
S03816,C03476,P2,partner,annual,2024-09-02,4,active,2024-09-02,2026-06-30
S03817,C03477,P1,partner,monthly,2025-02-18,28,active,2025-02-18,2026-06-30
S03818,C03478,P2,partner,annual,2026-05-24,8,active,2026-05-24,2026-06-30
S03819,C03479,P1,partner,monthly,2025-05-18,21,active,2025-05-18,2026-06-30
S03820,C03480,P1,partner,monthly,2025-10-01,9,active,2025-10-01,2026-06-30
S03821,C03481,P3,partner,annual,2025-04-29,14,active,2025-04-29,2026-06-30
S03822,C03482,P1,partner,annual,2024-11-18,3,active,2024-11-18,2026-06-30
S03823,C03483,P1,partner,annual,2026-06-04,4,active,2026-06-04,2026-06-30
S03824,C03484,P1,partner,annual,2026-03-03,8,active,2026-03-03,2026-06-30
S03825,C03485,P1,partner,annual,2025-03-01,15,active,2025-03-01,2026-06-30
S03826,C03485,P1,partner,monthly,2025-04-08,12,active,2025-04-08,2026-06-30
S03827,C03486,P1,partner,annual,2025-12-14,5,active,2025-12-14,2026-06-30
S03828,C03486,P1,partner,monthly,2026-01-26,8,active,2026-01-26,2026-06-30
S03829,C03487,P1,partner,annual,2025-06-30,15,active,2025-06-30,2026-06-30
S03830,C03488,P2,partner,annual,2026-03-27,3,active,2026-03-27,2026-06-30
S03831,C03489,P2,partner,annual,2025-01-14,15,active,2025-01-14,2026-06-30
S03832,C03490,P1,partner,monthly,2025-09-09,16,active,2025-09-09,2026-06-30
S03833,C03491,P2,partner,annual,2026-04-19,9,active,2026-04-19,2026-06-30
S03834,C03492,P2,partner,annual,2025-04-05,0,cancelled,2026-05-04,2026-06-30
S03835,C03493,P3,partner,annual,2025-07-28,34,active,2025-07-28,2026-06-30
S03836,C03493,P3,partner,annual,2025-12-30,4,active,2025-12-30,2026-06-30
S03837,C03494,P1,partner,annual,2025-01-12,14,active,2025-01-12,2026-06-30
S03838,C03495,P2,partner,annual,2026-01-07,4,active,2026-01-07,2026-06-30
S03839,C03496,P1,partner,monthly,2025-05-26,8,active,2025-05-26,2026-06-30
S03840,C03497,P2,partner,annual,2025-09-12,4,active,2025-09-12,2026-06-30
S03841,C03498,P1,partner,annual,2025-12-17,54,active,2025-12-17,2026-06-30
S03842,C03499,P3,partner,monthly,2024-10-27,4,active,2024-10-27,2026-06-30
S03843,C03500,P2,partner,annual,2025-07-07,8,active,2025-07-07,2026-06-30
S03844,C03501,DIRECT,direct,annual,2025-03-01,98,active,2025-03-01,2026-06-30
S03845,C03502,P2,partner,monthly,2024-11-07,16,active,2024-11-07,2026-06-30
S03846,C03503,P1,partner,annual,2026-02-05,107,active,2026-02-05,2026-06-30
S03847,C03504,P1,partner,monthly,2025-03-07,7,active,2025-03-07,2026-06-30
S03848,C03504,P1,partner,annual,2026-06-20,55,active,2026-06-20,2026-06-30
S03849,C03505,P1,partner,monthly,2025-09-25,10,active,2025-09-25,2026-06-30
S03850,C03506,P1,partner,monthly,2025-06-10,5,active,2025-06-10,2026-06-30
S03851,C03507,P2,partner,annual,2024-10-03,16,active,2024-10-03,2026-06-30
S03852,C03508,P1,partner,monthly,2026-02-28,4,active,2026-02-28,2026-06-30
S03853,C03509,P2,partner,annual,2024-11-08,11,active,2024-11-08,2026-06-30
S03854,C03510,P1,partner,annual,2025-01-07,3,active,2025-01-07,2026-06-30
S03855,C03511,P1,partner,annual,2026-04-25,29,active,2026-04-25,2026-06-30
S03856,C03512,P1,partner,monthly,2025-05-09,6,active,2025-05-09,2026-06-30
S03857,C03513,P1,partner,annual,2024-09-20,7,active,2024-09-20,2026-06-30
S03858,C03514,P3,partner,annual,2026-05-06,31,active,2026-05-06,2026-06-30
S03859,C03515,P1,partner,annual,2024-11-08,7,active,2024-11-08,2026-06-30
S03860,C03516,P1,partner,annual,2024-08-24,0,cancelled,2026-02-11,2026-06-30
S03861,C03516,P1,partner,annual,2026-02-26,7,active,2026-02-26,2026-06-30
S03862,C03517,P2,partner,annual,2025-04-16,10,active,2025-04-16,2026-06-30
S03863,C03518,P2,partner,annual,2024-09-19,6,active,2024-09-19,2026-06-30
S03864,C03518,P2,partner,annual,2025-03-10,12,active,2025-03-10,2026-06-30
S03865,C03519,P1,partner,monthly,2025-08-29,0,cancelled,2025-11-02,2026-06-30
S03866,C03520,P2,partner,monthly,2024-09-08,8,active,2024-09-08,2026-06-30
S03867,C03521,P1,partner,annual,2025-05-25,12,active,2025-05-25,2026-06-30
S03868,C03522,P2,partner,annual,2026-03-13,8,active,2026-03-13,2026-06-30
S03869,C03523,P1,partner,monthly,2024-09-14,16,active,2024-09-14,2026-06-30
S03870,C03524,P1,partner,annual,2026-04-20,16,active,2026-04-20,2026-06-30
S03871,C03525,P2,partner,monthly,2025-05-29,10,active,2025-05-29,2026-06-30
S03872,C03526,P3,partner,annual,2025-08-14,11,active,2025-08-14,2026-06-30
S03873,C03527,P1,partner,annual,2026-02-28,14,active,2026-02-28,2026-06-30
S03874,C03528,P1,partner,annual,2025-02-15,0,cancelled,2025-10-17,2026-06-30
S03875,C03529,P1,partner,annual,2024-12-11,3,active,2024-12-11,2026-06-30
S03876,C03530,P2,partner,annual,2024-12-14,4,active,2024-12-14,2026-06-30
S03877,C03530,P2,partner,annual,2026-01-14,5,active,2026-01-14,2026-06-30
S03878,C03531,P1,partner,monthly,2024-11-19,5,active,2024-11-19,2026-06-30
S03879,C03532,P2,partner,monthly,2025-04-12,12,active,2025-04-12,2026-06-30
S03880,C03533,P3,partner,annual,2025-08-25,4,active,2025-08-25,2026-06-30
S03881,C03534,P1,partner,annual,2024-10-30,7,active,2024-10-30,2026-06-30
S03882,C03535,P1,partner,annual,2025-01-05,6,active,2025-01-05,2026-06-30
S03883,C03536,P2,partner,monthly,2024-07-24,8,active,2024-07-24,2026-06-30
S03884,C03537,P1,partner,monthly,2024-09-06,8,active,2024-09-06,2026-06-30
S03885,C03538,P1,partner,monthly,2024-07-04,0,cancelled,2024-11-18,2026-06-30
S03886,C03539,P3,partner,annual,2025-01-05,3,active,2025-01-05,2026-06-30
S03887,C03540,P2,partner,monthly,2025-06-27,19,active,2025-06-27,2026-06-30
S03888,C03541,P2,partner,annual,2025-07-15,3,active,2025-07-15,2026-06-30
S03889,C03541,P2,partner,annual,2025-12-10,6,active,2025-12-10,2026-06-30
S03890,C03542,P3,partner,monthly,2025-06-09,0,cancelled,2026-06-09,2026-06-30
S03891,C03543,P1,partner,annual,2026-05-30,33,active,2026-05-30,2026-06-30
S03892,C03544,P1,partner,annual,2025-05-28,1,active,2025-05-28,2026-06-30
S03893,C03545,P1,partner,annual,2025-07-11,9,active,2025-07-11,2026-06-30
S03894,C03545,P1,partner,monthly,2025-12-18,2,active,2025-12-18,2026-06-30
S03895,C03546,P1,partner,annual,2024-08-17,3,active,2024-08-17,2026-06-30
S03896,C03547,P1,partner,monthly,2025-03-26,1,active,2025-03-26,2026-06-30
S03897,C03548,P2,partner,monthly,2025-03-12,27,active,2025-03-12,2026-06-30
S03898,C03549,P1,partner,annual,2025-01-29,0,cancelled,2025-07-31,2026-06-30
S03899,C03550,P2,partner,monthly,2025-04-07,5,active,2025-04-07,2026-06-30
S03900,C03551,P1,partner,annual,2025-07-21,3,active,2025-07-21,2026-06-30
S03901,C03552,P2,partner,annual,2025-11-08,3,active,2025-11-08,2026-06-30
S03902,C03553,P2,partner,annual,2026-02-17,23,active,2026-02-17,2026-06-30
S03903,C03554,P2,partner,annual,2025-09-07,9,active,2025-09-07,2026-06-30
S03904,C03555,P2,partner,monthly,2024-09-14,4,active,2024-09-14,2026-06-30
S03905,C03555,P2,partner,annual,2025-12-02,4,active,2025-12-02,2026-06-30
S03906,C03556,P2,partner,annual,2024-12-19,4,active,2024-12-19,2026-06-30
S03907,C03557,P2,partner,monthly,2024-10-12,6,active,2024-10-12,2026-06-30
S03908,C03558,P1,partner,monthly,2024-08-18,10,active,2024-08-18,2026-06-30
S03909,C03559,P1,partner,annual,2025-10-30,3,active,2025-10-30,2026-06-30
S03910,C03560,P1,partner,annual,2026-06-06,55,active,2026-06-06,2026-06-30
S03911,C03561,P1,partner,monthly,2025-01-06,22,active,2025-01-06,2026-06-30
S03912,C03561,P1,partner,annual,2025-07-20,16,active,2025-07-20,2026-06-30
S03913,C03562,DIRECT,direct,monthly,2026-05-22,164,active,2026-05-22,2026-06-30
S03914,C03562,DIRECT,direct,monthly,2026-06-23,461,active,2026-06-23,2026-06-30
S03915,C03563,P1,partner,monthly,2025-06-10,0,cancelled,2025-09-04,2026-06-30
S03916,C03564,P1,partner,annual,2025-10-19,37,active,2025-10-19,2026-06-30
S03917,C03565,P1,partner,monthly,2026-06-13,23,active,2026-06-13,2026-06-30
S03918,C03566,P2,partner,annual,2025-02-08,6,active,2025-02-08,2026-06-30
S03919,C03567,P2,partner,annual,2026-04-08,8,active,2026-04-08,2026-06-30
S03920,C03568,P3,partner,annual,2025-04-02,4,active,2025-04-02,2026-06-30
S03921,C03568,P3,partner,annual,2026-02-04,10,active,2026-02-04,2026-06-30
S03922,C03569,P1,partner,annual,2025-05-06,25,active,2025-05-06,2026-06-30
S03923,C03570,P1,partner,annual,2026-03-31,12,active,2026-03-31,2026-06-30
S03924,C03571,P1,partner,monthly,2025-07-11,22,active,2025-07-11,2026-06-30
S03925,C03572,P2,partner,annual,2024-07-06,4,active,2024-07-06,2026-06-30
S03926,C03573,P2,partner,monthly,2025-05-21,2,active,2025-05-21,2026-06-30
S03927,C03574,P2,partner,annual,2025-03-29,2,active,2025-03-29,2026-06-30
S03928,C03575,DIRECT,direct,annual,2024-09-29,913,active,2024-09-29,2026-06-30
S03929,C03576,P2,partner,monthly,2026-02-18,80,active,2026-02-18,2026-06-30
S03930,C03577,P3,partner,annual,2026-03-22,9,active,2026-03-22,2026-06-30
S03931,C03578,P1,partner,annual,2026-01-21,10,active,2026-01-21,2026-06-30
S03932,C03579,P2,partner,monthly,2025-04-06,11,active,2025-04-06,2026-06-30
S03933,C03580,P1,partner,annual,2025-02-01,5,active,2025-02-01,2026-06-30
S03934,C03581,P1,partner,annual,2024-11-25,3,active,2024-11-25,2026-06-30
S03935,C03582,P1,partner,monthly,2026-02-15,36,active,2026-02-15,2026-06-30
S03936,C03583,P2,partner,monthly,2025-08-28,18,active,2025-08-28,2026-06-30
S03937,C03583,P2,partner,monthly,2026-04-19,40,active,2026-04-19,2026-06-30
S03938,C03584,P2,partner,annual,2025-10-01,11,active,2025-10-01,2026-06-30
S03939,C03585,P2,partner,monthly,2025-06-01,25,active,2025-06-01,2026-06-30
S03940,C03586,P2,partner,annual,2024-11-04,2,active,2024-11-04,2026-06-30
S03941,C03587,P1,partner,annual,2024-10-19,3,active,2024-10-19,2026-06-30
S03942,C03588,P2,partner,annual,2025-06-07,60,active,2025-06-07,2026-06-30
S03943,C03589,P1,partner,annual,2026-01-30,6,active,2026-01-30,2026-06-30
S03944,C03590,P2,partner,monthly,2025-08-14,0,cancelled,2026-03-25,2026-06-30
S03945,C03590,P2,partner,annual,2026-01-20,10,active,2026-01-20,2026-06-30
S03946,C03591,P3,partner,annual,2024-08-09,13,active,2024-08-09,2026-06-30
S03947,C03592,P3,partner,monthly,2026-01-13,10,active,2026-01-13,2026-06-30
S03948,C03593,P1,partner,annual,2025-07-08,10,active,2025-07-08,2026-06-30
S03949,C03594,P1,partner,annual,2026-01-11,13,active,2026-01-11,2026-06-30
S03950,C03595,P1,partner,annual,2024-10-15,3,active,2024-10-15,2026-06-30
S03951,C03596,P1,partner,annual,2025-11-23,5,active,2025-11-23,2026-06-30
S03952,C03597,P3,partner,annual,2024-10-09,7,active,2024-10-09,2026-06-30
S03953,C03598,P1,partner,monthly,2025-10-15,3,active,2025-10-15,2026-06-30
S03954,C03599,P1,partner,annual,2024-11-08,0,cancelled,2026-02-13,2026-06-30
S03955,C03600,P1,partner,monthly,2024-11-08,40,active,2024-11-08,2026-06-30
S03956,C03601,P1,partner,annual,2025-07-18,3,active,2025-07-18,2026-06-30
S03957,C03601,P1,partner,annual,2025-08-19,0,cancelled,2026-03-31,2026-06-30
S03958,C03602,P1,partner,monthly,2024-12-06,19,active,2024-12-06,2026-06-30
S03959,C03603,P1,partner,monthly,2024-08-01,31,active,2024-08-01,2026-06-30
S03960,C03604,P1,partner,annual,2026-03-03,1,active,2026-03-03,2026-06-30
S03961,C03605,P2,partner,monthly,2024-10-08,0,cancelled,2026-04-22,2026-06-30
S03962,C03606,P1,partner,annual,2024-07-17,0,cancelled,2025-12-13,2026-06-30
S03963,C03607,P2,partner,annual,2025-07-24,5,active,2025-07-24,2026-06-30
S03964,C03608,P2,partner,monthly,2025-03-05,1,active,2025-03-05,2026-06-30
S03965,C03609,P1,partner,annual,2024-08-24,40,active,2024-08-24,2026-06-30
S03966,C03610,P3,partner,monthly,2025-03-06,2,active,2025-03-06,2026-06-30
S03967,C03611,P1,partner,annual,2025-11-16,18,active,2025-11-16,2026-06-30
S03968,C03612,P1,partner,monthly,2025-06-25,3,active,2025-06-25,2026-06-30
S03969,C03613,P1,partner,monthly,2026-02-26,4,active,2026-02-26,2026-06-30
S03970,C03614,P3,partner,annual,2025-03-06,0,cancelled,2026-06-09,2026-06-30
S03971,C03615,P1,partner,annual,2025-06-13,9,active,2025-06-13,2026-06-30
S03972,C03616,P1,partner,monthly,2025-12-14,19,active,2025-12-14,2026-06-30
S03973,C03617,P2,partner,annual,2025-12-29,9,active,2025-12-29,2026-06-30
S03974,C03618,P1,partner,monthly,2024-12-05,25,active,2024-12-05,2026-06-30
S03975,C03619,P3,partner,annual,2025-07-17,3,active,2025-07-17,2026-06-30
S03976,C03620,P1,partner,annual,2025-10-24,3,active,2025-10-24,2026-06-30
S03977,C03621,P1,partner,monthly,2025-02-05,0,cancelled,2025-07-30,2026-06-30
S03978,C03621,P1,partner,monthly,2026-06-07,5,active,2026-06-07,2026-06-30
S03979,C03622,DIRECT,direct,annual,2026-01-28,392,active,2026-01-28,2026-06-30
S03980,C03623,P1,partner,monthly,2024-12-14,12,active,2024-12-14,2026-06-30
S03981,C03624,P1,partner,annual,2024-08-03,10,active,2024-08-03,2026-06-30
S03982,C03625,DIRECT,direct,annual,2025-06-18,122,active,2025-06-18,2026-06-30
S03983,C03626,P3,partner,annual,2024-10-04,17,active,2024-10-04,2026-06-30
S03984,C03627,P2,partner,annual,2025-12-04,7,active,2025-12-04,2026-06-30
S03985,C03628,P1,partner,annual,2025-06-18,7,active,2025-06-18,2026-06-30
S03986,C03629,P3,partner,monthly,2026-01-09,18,active,2026-01-09,2026-06-30
S03987,C03630,P1,partner,annual,2024-12-06,7,active,2024-12-06,2026-06-30
S03988,C03631,P3,partner,monthly,2025-02-05,24,active,2025-02-05,2026-06-30
S03989,C03631,P3,partner,monthly,2025-03-28,0,cancelled,2026-01-20,2026-06-30
S03990,C03632,P1,partner,monthly,2026-02-05,8,active,2026-02-05,2026-06-30
S03991,C03633,P1,partner,annual,2025-06-28,32,active,2025-06-28,2026-06-30
S03992,C03634,P2,partner,annual,2026-02-16,6,active,2026-02-16,2026-06-30
S03993,C03635,P1,partner,monthly,2024-10-20,18,active,2024-10-20,2026-06-30
S03994,C03636,P2,partner,monthly,2025-10-24,4,active,2025-10-24,2026-06-30
S03995,C03637,P1,partner,monthly,2026-02-16,8,active,2026-02-16,2026-06-30
S03996,C03638,P1,partner,monthly,2024-08-10,9,active,2024-08-10,2026-06-30
S03997,C03639,P3,partner,monthly,2024-12-22,2,active,2024-12-22,2026-06-30
S03998,C03640,P1,partner,monthly,2024-11-30,4,active,2024-11-30,2026-06-30
S03999,C03641,P3,partner,annual,2024-09-24,7,active,2024-09-24,2026-06-30
S04000,C03642,P1,partner,annual,2024-12-13,7,active,2024-12-13,2026-06-30
S04001,C03643,P2,partner,monthly,2025-06-01,4,active,2025-06-01,2026-06-30
S04002,C03644,P2,partner,monthly,2024-11-13,0,cancelled,2026-06-19,2026-06-30
S04003,C03645,P2,partner,annual,2026-04-27,5,active,2026-04-27,2026-06-30
S04004,C03646,P1,partner,monthly,2026-03-13,2,active,2026-03-13,2026-06-30
S04005,C03647,P1,partner,annual,2025-08-21,3,active,2025-08-21,2026-06-30
S04006,C03648,P3,partner,annual,2026-05-22,15,active,2026-05-22,2026-06-30
S04007,C03649,P2,partner,annual,2026-04-08,6,active,2026-04-08,2026-06-30
S04008,C03650,P1,partner,monthly,2024-09-12,8,active,2024-09-12,2026-06-30
S04009,C03651,P1,partner,annual,2025-08-09,15,active,2025-08-09,2026-06-30
S04010,C03652,P3,partner,annual,2024-07-01,1,active,2024-07-01,2026-06-30
S04011,C03653,P3,partner,monthly,2025-09-10,10,active,2025-09-10,2026-06-30
S04012,C03654,P1,partner,monthly,2025-12-17,25,active,2025-12-17,2026-06-30
S04013,C03655,P1,partner,annual,2024-11-13,1,active,2024-11-13,2026-06-30
S04014,C03656,P3,partner,monthly,2025-03-25,7,active,2025-03-25,2026-06-30
S04015,C03657,P1,partner,annual,2025-11-04,9,active,2025-11-04,2026-06-30
S04016,C03658,P1,partner,annual,2025-03-21,7,active,2025-03-21,2026-06-30
S04017,C03659,P1,partner,annual,2025-05-06,25,active,2025-05-06,2026-06-30
S04018,C03660,P1,partner,monthly,2024-08-05,6,active,2024-08-05,2026-06-30
S04019,C03661,P2,partner,monthly,2024-10-31,2,active,2024-10-31,2026-06-30
S04020,C03662,P2,partner,annual,2025-07-28,6,active,2025-07-28,2026-06-30
S04021,C03663,P2,partner,annual,2024-09-13,11,active,2024-09-13,2026-06-30
S04022,C03664,P3,partner,monthly,2025-06-01,1,active,2025-06-01,2026-06-30
S04023,C03665,P1,partner,annual,2026-03-27,16,active,2026-03-27,2026-06-30
S04024,C03666,P3,partner,monthly,2024-08-13,16,active,2024-08-13,2026-06-30
S04025,C03667,P1,partner,annual,2024-09-11,0,cancelled,2026-04-27,2026-06-30
S04026,C03668,P2,partner,monthly,2025-07-03,11,active,2025-07-03,2026-06-30
S04027,C03668,P2,partner,annual,2026-05-07,9,active,2026-05-07,2026-06-30
S04028,C03669,P3,partner,annual,2024-08-12,3,active,2024-08-12,2026-06-30
S04029,C03670,P1,partner,annual,2024-07-18,0,cancelled,2025-03-24,2026-06-30
S04030,C03671,P1,partner,monthly,2026-04-24,51,active,2026-04-24,2026-06-30
S04031,C03672,P1,partner,annual,2026-03-21,28,active,2026-03-21,2026-06-30
S04032,C03673,P3,partner,monthly,2024-12-07,1,active,2024-12-07,2026-06-30
S04033,C03674,DIRECT,direct,monthly,2025-07-03,0,cancelled,2026-03-02,2026-06-30
S04034,C03675,P3,partner,annual,2025-03-19,16,active,2025-03-19,2026-06-30
S04035,C03676,P1,partner,monthly,2026-06-10,13,active,2026-06-10,2026-06-30
S04036,C03677,P2,partner,monthly,2026-05-25,33,active,2026-05-25,2026-06-30
S04037,C03678,P1,partner,annual,2025-03-15,6,active,2025-03-15,2026-06-30
S04038,C03679,P2,partner,annual,2024-09-11,0,cancelled,2024-10-27,2026-06-30
S04039,C03680,P2,partner,annual,2025-07-24,4,active,2025-07-24,2026-06-30
S04040,C03681,P1,partner,annual,2025-08-27,5,active,2025-08-27,2026-06-30
S04041,C03682,P1,partner,monthly,2026-06-20,19,active,2026-06-20,2026-06-30
S04042,C03683,P2,partner,monthly,2026-02-10,11,active,2026-02-10,2026-06-30
S04043,C03684,DIRECT,direct,annual,2026-02-26,335,active,2026-02-26,2026-06-30
S04044,C03685,P2,partner,annual,2024-11-22,56,active,2024-11-22,2026-06-30
S04045,C03686,DIRECT,direct,monthly,2026-04-05,211,active,2026-04-05,2026-06-30
S04046,C03687,P3,partner,monthly,2026-01-14,22,active,2026-01-14,2026-06-30
S04047,C03688,P1,partner,monthly,2025-10-03,7,active,2025-10-03,2026-06-30
S04048,C03689,P1,partner,monthly,2025-01-12,5,active,2025-01-12,2026-06-30
S04049,C03690,P1,partner,monthly,2025-07-30,4,active,2025-07-30,2026-06-30
S04050,C03691,P1,partner,annual,2026-05-19,6,active,2026-05-19,2026-06-30
S04051,C03692,P1,partner,monthly,2024-08-07,14,active,2024-08-07,2026-06-30
S04052,C03693,DIRECT,direct,annual,2026-03-17,341,active,2026-03-17,2026-06-30
S04053,C03694,P2,partner,annual,2026-03-03,6,active,2026-03-03,2026-06-30
S04054,C03695,DIRECT,direct,monthly,2025-08-06,169,active,2025-08-06,2026-06-30
S04055,C03695,DIRECT,direct,annual,2026-03-10,169,active,2026-03-10,2026-06-30
S04056,C03696,DIRECT,direct,monthly,2025-03-10,307,active,2025-03-10,2026-06-30
S04057,C03697,P2,partner,annual,2024-12-21,22,active,2024-12-21,2026-06-30
S04058,C03698,P2,partner,annual,2025-09-11,5,active,2025-09-11,2026-06-30
S04059,C03699,P1,partner,annual,2025-07-01,12,active,2025-07-01,2026-06-30
S04060,C03700,P1,partner,annual,2025-02-27,5,active,2025-02-27,2026-06-30
S04061,C03701,P2,partner,monthly,2025-03-28,5,active,2025-03-28,2026-06-30
S04062,C03702,P2,partner,annual,2026-01-17,8,active,2026-01-17,2026-06-30
S04063,C03702,P2,partner,annual,2026-05-27,4,active,2026-05-27,2026-06-30
S04064,C03703,P1,partner,annual,2026-02-03,3,active,2026-02-03,2026-06-30
S04065,C03704,P1,partner,annual,2026-05-03,11,active,2026-05-03,2026-06-30
S04066,C03705,P1,partner,monthly,2025-08-27,4,active,2025-08-27,2026-06-30
S04067,C03706,P1,partner,annual,2025-05-09,21,active,2025-05-09,2026-06-30
S04068,C03707,P3,partner,annual,2025-06-29,0,cancelled,2025-10-11,2026-06-30
S04069,C03708,P2,partner,monthly,2024-12-18,2,active,2024-12-18,2026-06-30
S04070,C03709,P1,partner,annual,2026-04-14,9,active,2026-04-14,2026-06-30
S04071,C03710,P1,partner,monthly,2024-10-26,12,active,2024-10-26,2026-06-30
S04072,C03711,P1,partner,monthly,2025-07-21,13,active,2025-07-21,2026-06-30
S04073,C03712,P3,partner,annual,2026-04-21,7,active,2026-04-21,2026-06-30
S04074,C03712,P3,partner,monthly,2026-06-16,5,active,2026-06-16,2026-06-30
S04075,C03713,P2,partner,annual,2025-11-29,65,active,2025-11-29,2026-06-30
S04076,C03713,P2,partner,annual,2026-04-19,13,active,2026-04-19,2026-06-30
S04077,C03714,P1,partner,monthly,2025-07-04,7,active,2025-07-04,2026-06-30
S04078,C03715,P2,partner,annual,2026-05-15,8,active,2026-05-15,2026-06-30
S04079,C03716,P3,partner,annual,2025-03-24,5,active,2025-03-24,2026-06-30
S04080,C03717,P2,partner,annual,2026-02-11,3,active,2026-02-11,2026-06-30
S04081,C03718,P2,partner,annual,2024-10-20,0,cancelled,2025-08-25,2026-06-30
S04082,C03719,P2,partner,monthly,2024-10-18,0,cancelled,2025-05-04,2026-06-30
S04083,C03719,P2,partner,annual,2026-05-25,9,active,2026-05-25,2026-06-30
S04084,C03720,P1,partner,annual,2026-04-18,10,active,2026-04-18,2026-06-30
S04085,C03721,P3,partner,annual,2025-12-28,3,active,2025-12-28,2026-06-30
S04086,C03722,P2,partner,annual,2025-11-23,5,active,2025-11-23,2026-06-30
S04087,C03723,P2,partner,annual,2025-08-27,35,active,2025-08-27,2026-06-30
S04088,C03724,P2,partner,annual,2025-06-15,10,active,2025-06-15,2026-06-30
S04089,C03725,P2,partner,annual,2026-05-15,10,active,2026-05-15,2026-06-30
S04090,C03726,P1,partner,annual,2025-06-24,2,active,2025-06-24,2026-06-30
S04091,C03727,P1,partner,monthly,2025-04-03,0,cancelled,2025-07-23,2026-06-30
S04092,C03728,P3,partner,monthly,2025-07-13,3,active,2025-07-13,2026-06-30
S04093,C03729,P2,partner,annual,2026-02-16,8,active,2026-02-16,2026-06-30
S04094,C03730,P1,partner,annual,2024-12-08,12,active,2024-12-08,2026-06-30
S04095,C03731,P1,partner,monthly,2025-09-07,3,active,2025-09-07,2026-06-30
S04096,C03732,P1,partner,annual,2025-04-20,5,active,2025-04-20,2026-06-30
S04097,C03733,P2,partner,monthly,2024-09-19,20,active,2024-09-19,2026-06-30
S04098,C03734,P1,partner,monthly,2026-04-03,13,active,2026-04-03,2026-06-30
S04099,C03735,P2,partner,monthly,2024-09-04,7,active,2024-09-04,2026-06-30
S04100,C03736,P3,partner,monthly,2024-08-07,2,active,2024-08-07,2026-06-30
S04101,C03737,P1,partner,monthly,2025-07-06,27,active,2025-07-06,2026-06-30
S04102,C03738,P1,partner,annual,2025-05-10,3,active,2025-05-10,2026-06-30
S04103,C03739,P1,partner,monthly,2026-01-20,4,active,2026-01-20,2026-06-30
S04104,C03740,P2,partner,annual,2024-07-06,34,active,2024-07-06,2026-06-30
S04105,C03741,P2,partner,monthly,2024-10-14,2,active,2024-10-14,2026-06-30
S04106,C03742,P2,partner,annual,2026-01-14,4,active,2026-01-14,2026-06-30
S04107,C03743,P1,partner,annual,2025-03-21,0,cancelled,2025-03-28,2026-06-30
S04108,C03744,P2,partner,annual,2024-07-26,11,active,2024-07-26,2026-06-30
S04109,C03745,P1,partner,annual,2025-03-25,14,active,2025-03-25,2026-06-30
S04110,C03746,P3,partner,annual,2024-12-28,55,active,2024-12-28,2026-06-30
S04111,C03746,P3,partner,monthly,2025-02-20,0,cancelled,2026-02-16,2026-06-30
S04112,C03747,P1,partner,monthly,2026-01-07,5,active,2026-01-07,2026-06-30
S04113,C03748,P1,partner,annual,2025-08-15,13,active,2025-08-15,2026-06-30
S04114,C03749,P1,partner,annual,2026-04-15,7,active,2026-04-15,2026-06-30
S04115,C03750,P1,partner,annual,2025-07-11,14,active,2025-07-11,2026-06-30
S04116,C03751,P1,partner,annual,2026-06-29,11,active,2026-06-29,2026-06-30
S04117,C03752,P3,partner,annual,2026-01-24,54,active,2026-01-24,2026-06-30
S04118,C03753,P1,partner,monthly,2026-03-27,6,active,2026-03-27,2026-06-30
S04119,C03753,P1,partner,monthly,2026-05-08,10,active,2026-05-08,2026-06-30
S04120,C03754,P2,partner,monthly,2026-02-07,10,active,2026-02-07,2026-06-30
S04121,C03755,P1,partner,monthly,2024-12-31,0,cancelled,2026-05-13,2026-06-30
S04122,C03756,P2,partner,annual,2025-07-27,7,active,2025-07-27,2026-06-30
S04123,C03757,P2,partner,annual,2025-11-21,31,active,2025-11-21,2026-06-30
S04124,C03758,P1,partner,annual,2024-12-05,9,active,2024-12-05,2026-06-30
S04125,C03759,P2,partner,monthly,2026-06-21,1,active,2026-06-21,2026-06-30
S04126,C03760,P2,partner,monthly,2024-12-01,11,active,2024-12-01,2026-06-30
S04127,C03761,P1,partner,monthly,2024-12-06,29,active,2024-12-06,2026-06-30
S04128,C03762,P1,partner,annual,2025-11-24,2,active,2025-11-24,2026-06-30
S04129,C03763,P2,partner,annual,2026-02-12,2,active,2026-02-12,2026-06-30
S04130,C03764,P1,partner,monthly,2026-03-16,3,active,2026-03-16,2026-06-30
S04131,C03764,P1,partner,annual,2026-06-30,1,active,2026-06-30,2026-06-30
S04132,C03765,P2,partner,monthly,2026-05-19,12,active,2026-05-19,2026-06-30
S04133,C03766,P1,partner,annual,2024-09-23,2,active,2024-09-23,2026-06-30
S04134,C03767,P2,partner,monthly,2025-02-25,0,cancelled,2026-05-28,2026-06-30
S04135,C03768,DIRECT,direct,annual,2025-05-28,1323,active,2025-05-28,2026-06-30
S04136,C03769,P1,partner,monthly,2025-03-04,0,cancelled,2026-02-27,2026-06-30
S04137,C03770,P3,partner,monthly,2026-04-10,7,active,2026-04-10,2026-06-30
S04138,C03771,P1,partner,annual,2026-03-28,2,active,2026-03-28,2026-06-30
S04139,C03772,P1,partner,monthly,2024-12-09,10,active,2024-12-09,2026-06-30
S04140,C03773,P3,partner,monthly,2025-02-06,3,active,2025-02-06,2026-06-30
S04141,C03774,P1,partner,monthly,2025-11-09,0,cancelled,2025-11-17,2026-06-30
S04142,C03775,P3,partner,monthly,2026-02-14,6,active,2026-02-14,2026-06-30
S04143,C03776,P1,partner,monthly,2025-02-08,5,active,2025-02-08,2026-06-30
S04144,C03777,P3,partner,annual,2024-08-19,0,cancelled,2026-04-26,2026-06-30
S04145,C03778,P3,partner,annual,2026-06-18,13,active,2026-06-18,2026-06-30
S04146,C03779,P3,partner,monthly,2025-02-27,27,active,2025-02-27,2026-06-30
S04147,C03780,P2,partner,annual,2026-06-08,6,active,2026-06-08,2026-06-30
S04148,C03781,P1,partner,annual,2025-08-23,13,active,2025-08-23,2026-06-30
S04149,C03782,P1,partner,monthly,2026-02-01,12,active,2026-02-01,2026-06-30
S04150,C03782,P1,partner,monthly,2026-04-08,33,active,2026-04-08,2026-06-30
S04151,C03783,P3,partner,annual,2025-09-24,3,active,2025-09-24,2026-06-30
S04152,C03784,P1,partner,annual,2026-02-23,6,active,2026-02-23,2026-06-30
S04153,C03785,P1,partner,monthly,2024-08-22,11,active,2024-08-22,2026-06-30
S04154,C03786,P3,partner,monthly,2025-01-28,25,active,2025-01-28,2026-06-30
S04155,C03787,P3,partner,annual,2025-05-31,3,active,2025-05-31,2026-06-30
S04156,C03788,P2,partner,annual,2024-07-02,5,active,2024-07-02,2026-06-30
S04157,C03789,P1,partner,monthly,2025-07-28,33,active,2025-07-28,2026-06-30
S04158,C03790,P1,partner,annual,2025-01-02,1,active,2025-01-02,2026-06-30
S04159,C03791,P2,partner,annual,2024-10-06,0,cancelled,2025-02-08,2026-06-30
S04160,C03792,P3,partner,monthly,2026-04-18,16,active,2026-04-18,2026-06-30
S04161,C03793,P1,partner,annual,2026-03-06,6,active,2026-03-06,2026-06-30
S04162,C03794,P1,partner,annual,2025-04-05,9,active,2025-04-05,2026-06-30
S04163,C03794,P1,partner,monthly,2026-03-26,5,active,2026-03-26,2026-06-30
S04164,C03795,P2,partner,annual,2025-10-21,10,active,2025-10-21,2026-06-30
S04165,C03796,P1,partner,annual,2025-07-26,2,active,2025-07-26,2026-06-30
S04166,C03796,P1,partner,monthly,2025-11-24,20,active,2025-11-24,2026-06-30
S04167,C03797,P1,partner,annual,2024-07-28,0,cancelled,2025-12-17,2026-06-30
S04168,C03798,P1,partner,annual,2025-01-02,0,cancelled,2026-06-04,2026-06-30
S04169,C03799,P1,partner,annual,2025-08-13,0,cancelled,2026-06-04,2026-06-30
S04170,C03800,P2,partner,monthly,2025-04-22,5,active,2025-04-22,2026-06-30
S04171,C03800,P2,partner,annual,2025-07-05,2,active,2025-07-05,2026-06-30
S04172,C03801,P2,partner,annual,2024-09-02,22,active,2024-09-02,2026-06-30
S04173,C03802,P2,partner,annual,2024-09-04,16,active,2024-09-04,2026-06-30
S04174,C03803,DIRECT,direct,annual,2025-08-09,442,active,2025-08-09,2026-06-30
S04175,C03804,P2,partner,annual,2024-07-25,14,active,2024-07-25,2026-06-30
S04176,C03805,P1,partner,monthly,2025-11-14,6,active,2025-11-14,2026-06-30
S04177,C03806,P1,partner,annual,2024-10-16,14,active,2024-10-16,2026-06-30
S04178,C03806,P1,partner,annual,2025-09-29,13,active,2025-09-29,2026-06-30
S04179,C03807,P1,partner,annual,2026-05-26,15,active,2026-05-26,2026-06-30
S04180,C03808,P1,partner,monthly,2025-02-02,4,active,2025-02-02,2026-06-30
S04181,C03809,P2,partner,annual,2024-12-12,10,active,2024-12-12,2026-06-30
S04182,C03810,P1,partner,monthly,2025-01-16,5,active,2025-01-16,2026-06-30
S04183,C03811,P1,partner,monthly,2026-01-25,8,active,2026-01-25,2026-06-30
S04184,C03812,P1,partner,monthly,2024-10-10,3,active,2024-10-10,2026-06-30
S04185,C03812,P1,partner,annual,2025-04-14,1,active,2025-04-14,2026-06-30
S04186,C03813,P1,partner,annual,2025-05-31,0,cancelled,2025-06-22,2026-06-30
S04187,C03813,P1,partner,monthly,2025-11-01,19,active,2025-11-01,2026-06-30
S04188,C03814,P1,partner,annual,2025-06-30,9,active,2025-06-30,2026-06-30
S04189,C03815,P1,partner,annual,2024-11-02,4,active,2024-11-02,2026-06-30
S04190,C03816,P1,partner,annual,2024-12-01,0,cancelled,2026-02-02,2026-06-30
S04191,C03816,P1,partner,annual,2025-02-04,8,active,2025-02-04,2026-06-30
S04192,C03817,P3,partner,annual,2026-06-30,11,active,2026-06-30,2026-06-30
S04193,C03818,P3,partner,monthly,2024-11-25,3,active,2024-11-25,2026-06-30
S04194,C03819,P1,partner,annual,2024-11-24,6,active,2024-11-24,2026-06-30
S04195,C03820,P2,partner,annual,2026-03-28,17,active,2026-03-28,2026-06-30
S04196,C03820,P2,partner,monthly,2026-05-14,3,active,2026-05-14,2026-06-30
S04197,C03821,P1,partner,monthly,2025-04-21,22,active,2025-04-21,2026-06-30
S04198,C03822,P1,partner,annual,2024-07-31,4,active,2024-07-31,2026-06-30
S04199,C03823,P1,partner,monthly,2025-12-26,13,active,2025-12-26,2026-06-30
S04200,C03823,P1,partner,annual,2026-05-15,26,active,2026-05-15,2026-06-30
S04201,C03824,P2,partner,annual,2025-09-15,3,active,2025-09-15,2026-06-30
S04202,C03825,P2,partner,monthly,2025-11-03,4,active,2025-11-03,2026-06-30
S04203,C03826,P3,partner,annual,2025-10-31,20,active,2025-10-31,2026-06-30
S04204,C03826,P3,partner,annual,2026-06-30,19,active,2026-06-30,2026-06-30
S04205,C03827,P2,partner,monthly,2024-12-16,10,active,2024-12-16,2026-06-30
S04206,C03828,P1,partner,monthly,2025-01-23,47,active,2025-01-23,2026-06-30
S04207,C03829,P1,partner,annual,2024-07-15,39,active,2024-07-15,2026-06-30
S04208,C03830,P2,partner,annual,2025-12-12,0,cancelled,2026-01-22,2026-06-30
S04209,C03831,P1,partner,monthly,2025-02-19,21,active,2025-02-19,2026-06-30
S04210,C03832,P2,partner,annual,2026-01-05,16,active,2026-01-05,2026-06-30
S04211,C03833,P3,partner,annual,2026-03-01,2,active,2026-03-01,2026-06-30
S04212,C03834,P1,partner,annual,2026-06-29,7,active,2026-06-29,2026-06-30
S04213,C03835,P2,partner,annual,2026-01-31,4,active,2026-01-31,2026-06-30
S04214,C03835,P2,partner,annual,2026-06-02,5,active,2026-06-02,2026-06-30
S04215,C03836,P1,partner,monthly,2025-03-12,16,active,2025-03-12,2026-06-30
S04216,C03836,P1,partner,monthly,2026-04-18,33,active,2026-04-18,2026-06-30
S04217,C03837,P1,partner,monthly,2025-02-27,6,active,2025-02-27,2026-06-30
S04218,C03838,P2,partner,monthly,2026-05-25,16,active,2026-05-25,2026-06-30
S04219,C03839,P1,partner,monthly,2024-09-03,53,active,2024-09-03,2026-06-30
S04220,C03840,P1,partner,annual,2025-04-11,0,cancelled,2026-02-21,2026-06-30
S04221,C03841,P3,partner,annual,2025-10-07,13,active,2025-10-07,2026-06-30
S04222,C03842,P3,partner,annual,2025-02-08,3,active,2025-02-08,2026-06-30
S04223,C03843,P3,partner,annual,2025-03-26,22,active,2025-03-26,2026-06-30
S04224,C03844,P1,partner,monthly,2024-07-17,6,active,2024-07-17,2026-06-30
S04225,C03845,P3,partner,monthly,2025-05-06,3,active,2025-05-06,2026-06-30
S04226,C03846,P2,partner,annual,2025-08-08,3,active,2025-08-08,2026-06-30
S04227,C03847,P1,partner,monthly,2025-06-11,147,active,2025-06-11,2026-06-30
S04228,C03848,P1,partner,monthly,2025-11-07,2,active,2025-11-07,2026-06-30
S04229,C03848,P1,partner,annual,2026-05-23,43,active,2026-05-23,2026-06-30
S04230,C03849,P1,partner,annual,2025-06-25,45,active,2025-06-25,2026-06-30
S04231,C03850,P2,partner,annual,2025-03-07,21,active,2025-03-07,2026-06-30
S04232,C03851,P1,partner,monthly,2024-09-24,0,cancelled,2024-12-28,2026-06-30
S04233,C03852,P1,partner,annual,2025-05-24,11,active,2025-05-24,2026-06-30
S04234,C03853,P2,partner,annual,2025-04-02,3,active,2025-04-02,2026-06-30
S04235,C03854,P2,partner,annual,2025-06-26,16,active,2025-06-26,2026-06-30
S04236,C03855,P1,partner,monthly,2026-05-20,3,active,2026-05-20,2026-06-30
S04237,C03856,P3,partner,annual,2026-05-07,9,active,2026-05-07,2026-06-30
S04238,C03857,P1,partner,monthly,2025-02-10,2,active,2025-02-10,2026-06-30
S04239,C03858,P3,partner,monthly,2025-01-01,4,active,2025-01-01,2026-06-30
S04240,C03859,P2,partner,annual,2024-09-11,164,active,2024-09-11,2026-06-30
S04241,C03860,P1,partner,monthly,2024-07-02,10,active,2024-07-02,2026-06-30
S04242,C03861,P1,partner,monthly,2024-12-20,3,active,2024-12-20,2026-06-30
S04243,C03862,P2,partner,annual,2025-01-28,11,active,2025-01-28,2026-06-30
S04244,C03863,DIRECT,direct,annual,2025-05-05,129,active,2025-05-05,2026-06-30
S04245,C03864,P1,partner,monthly,2025-05-27,24,active,2025-05-27,2026-06-30
S04246,C03865,P2,partner,monthly,2024-09-24,3,active,2024-09-24,2026-06-30
S04247,C03866,P2,partner,monthly,2026-04-20,3,active,2026-04-20,2026-06-30
S04248,C03867,P2,partner,monthly,2025-01-14,11,active,2025-01-14,2026-06-30
S04249,C03868,P1,partner,annual,2026-05-19,28,active,2026-05-19,2026-06-30
S04250,C03868,P1,partner,annual,2026-06-27,24,active,2026-06-27,2026-06-30
S04251,C03869,P2,partner,annual,2025-10-25,0,cancelled,2026-03-15,2026-06-30
S04252,C03870,P2,partner,annual,2024-12-04,9,active,2024-12-04,2026-06-30
S04253,C03871,P2,partner,annual,2025-02-05,4,active,2025-02-05,2026-06-30
S04254,C03872,P1,partner,monthly,2025-07-04,0,cancelled,2025-07-26,2026-06-30
S04255,C03873,P2,partner,monthly,2025-04-26,27,active,2025-04-26,2026-06-30
S04256,C03874,P2,partner,annual,2025-08-27,7,active,2025-08-27,2026-06-30
S04257,C03875,P1,partner,monthly,2025-05-31,9,active,2025-05-31,2026-06-30
S04258,C03875,P1,partner,annual,2025-12-12,0,cancelled,2026-04-08,2026-06-30
S04259,C03876,P1,partner,monthly,2025-09-14,2,active,2025-09-14,2026-06-30
S04260,C03877,P1,partner,monthly,2026-03-25,1,active,2026-03-25,2026-06-30
S04261,C03878,P1,partner,annual,2025-03-05,10,active,2025-03-05,2026-06-30
S04262,C03879,P2,partner,annual,2024-07-24,0,cancelled,2025-10-19,2026-06-30
S04263,C03880,P1,partner,monthly,2025-12-14,9,active,2025-12-14,2026-06-30
S04264,C03881,P1,partner,monthly,2026-01-29,8,active,2026-01-29,2026-06-30
S04265,C03882,P1,partner,monthly,2025-04-22,0,cancelled,2025-05-24,2026-06-30
S04266,C03883,P1,partner,monthly,2026-04-19,3,active,2026-04-19,2026-06-30
S04267,C03884,P1,partner,monthly,2025-04-06,2,active,2025-04-06,2026-06-30
S04268,C03884,P1,partner,monthly,2025-10-01,10,active,2025-10-01,2026-06-30
S04269,C03885,P2,partner,monthly,2025-09-24,0,cancelled,2026-01-04,2026-06-30
S04270,C03886,P1,partner,monthly,2026-04-06,43,active,2026-04-06,2026-06-30
S04271,C03887,P1,partner,annual,2025-11-03,10,active,2025-11-03,2026-06-30
S04272,C03888,P2,partner,annual,2024-10-25,5,active,2024-10-25,2026-06-30
S04273,C03888,P2,partner,annual,2026-05-12,33,active,2026-05-12,2026-06-30
S04274,C03889,P1,partner,monthly,2025-09-08,4,active,2025-09-08,2026-06-30
S04275,C03889,P1,partner,monthly,2026-05-10,1,active,2026-05-10,2026-06-30
S04276,C03890,P1,partner,annual,2024-12-12,5,active,2024-12-12,2026-06-30
S04277,C03891,P1,partner,annual,2024-09-07,3,active,2024-09-07,2026-06-30
S04278,C03892,P2,partner,monthly,2024-08-29,20,active,2024-08-29,2026-06-30
S04279,C03893,P3,partner,annual,2026-05-04,26,active,2026-05-04,2026-06-30
S04280,C03893,P3,partner,annual,2026-06-11,7,active,2026-06-11,2026-06-30
S04281,C03894,P2,partner,monthly,2025-08-08,0,cancelled,2026-06-20,2026-06-30
S04282,C03895,P2,partner,monthly,2025-12-13,1,active,2025-12-13,2026-06-30
S04283,C03896,P2,partner,monthly,2024-09-10,24,active,2024-09-10,2026-06-30
S04284,C03897,P3,partner,monthly,2024-11-07,51,active,2024-11-07,2026-06-30
S04285,C03898,P1,partner,annual,2025-07-03,8,active,2025-07-03,2026-06-30
S04286,C03899,P3,partner,monthly,2026-05-17,10,active,2026-05-17,2026-06-30
S04287,C03900,P1,partner,monthly,2026-01-02,7,active,2026-01-02,2026-06-30
S04288,C03901,P1,partner,annual,2026-02-08,11,active,2026-02-08,2026-06-30
S04289,C03902,P1,partner,annual,2025-07-27,3,active,2025-07-27,2026-06-30
S04290,C03903,P2,partner,monthly,2025-02-24,10,active,2025-02-24,2026-06-30
S04291,C03904,P2,partner,annual,2025-06-22,13,active,2025-06-22,2026-06-30
S04292,C03905,P2,partner,monthly,2025-11-17,23,active,2025-11-17,2026-06-30
S04293,C03906,P1,partner,annual,2024-12-29,12,active,2024-12-29,2026-06-30
S04294,C03906,P1,partner,annual,2025-07-23,6,active,2025-07-23,2026-06-30
S04295,C03907,P3,partner,annual,2026-03-21,3,active,2026-03-21,2026-06-30
S04296,C03907,P3,partner,annual,2026-04-23,9,active,2026-04-23,2026-06-30
S04297,C03908,P2,partner,monthly,2025-12-17,8,active,2025-12-17,2026-06-30
S04298,C03909,P1,partner,monthly,2025-04-22,9,active,2025-04-22,2026-06-30
S04299,C03910,P2,partner,monthly,2025-04-03,3,active,2025-04-03,2026-06-30
S04300,C03911,P3,partner,annual,2026-05-18,4,active,2026-05-18,2026-06-30
S04301,C03912,P1,partner,annual,2025-10-31,9,active,2025-10-31,2026-06-30
S04302,C03913,P2,partner,monthly,2026-03-13,15,active,2026-03-13,2026-06-30
S04303,C03914,P2,partner,annual,2026-01-29,12,active,2026-01-29,2026-06-30
S04304,C03915,P1,partner,annual,2026-02-24,26,active,2026-02-24,2026-06-30
S04305,C03916,P2,partner,annual,2024-10-24,1,active,2024-10-24,2026-06-30
S04306,C03916,P2,partner,annual,2025-01-13,6,active,2025-01-13,2026-06-30
S04307,C03917,P2,partner,monthly,2026-03-10,8,active,2026-03-10,2026-06-30
S04308,C03918,P2,partner,annual,2026-03-17,3,active,2026-03-17,2026-06-30
S04309,C03919,P2,partner,monthly,2026-04-19,1,active,2026-04-19,2026-06-30
S04310,C03920,P2,partner,monthly,2024-11-30,5,active,2024-11-30,2026-06-30
S04311,C03921,P1,partner,annual,2026-05-18,6,active,2026-05-18,2026-06-30
S04312,C03922,P1,partner,annual,2025-01-01,13,active,2025-01-01,2026-06-30
S04313,C03923,P3,partner,annual,2026-03-19,37,active,2026-03-19,2026-06-30
S04314,C03924,P2,partner,monthly,2026-06-17,2,active,2026-06-17,2026-06-30
S04315,C03925,P1,partner,annual,2024-11-22,2,active,2024-11-22,2026-06-30
S04316,C03926,P2,partner,annual,2025-04-18,2,active,2025-04-18,2026-06-30
S04317,C03927,P1,partner,monthly,2025-07-28,0,cancelled,2025-08-25,2026-06-30
S04318,C03928,P1,partner,annual,2025-08-11,5,active,2025-08-11,2026-06-30
S04319,C03929,P2,partner,monthly,2025-07-08,0,cancelled,2026-06-24,2026-06-30
S04320,C03930,P2,partner,monthly,2026-05-22,11,active,2026-05-22,2026-06-30
S04321,C03931,P1,partner,monthly,2025-02-08,13,active,2025-02-08,2026-06-30
S04322,C03932,P1,partner,annual,2026-05-12,5,active,2026-05-12,2026-06-30
S04323,C03932,P1,partner,annual,2026-06-20,0,cancelled,2026-06-22,2026-06-30
S04324,C03933,P1,partner,annual,2024-09-14,44,active,2024-09-14,2026-06-30
S04325,C03934,P2,partner,annual,2025-05-25,30,active,2025-05-25,2026-06-30
S04326,C03935,P2,partner,annual,2026-03-31,5,active,2026-03-31,2026-06-30
S04327,C03936,P1,partner,monthly,2024-08-30,14,active,2024-08-30,2026-06-30
S04328,C03937,P2,partner,annual,2025-05-10,0,cancelled,2026-02-08,2026-06-30
S04329,C03938,P1,partner,monthly,2025-10-26,38,active,2025-10-26,2026-06-30
S04330,C03939,P2,partner,annual,2025-10-10,7,active,2025-10-10,2026-06-30
S04331,C03940,P3,partner,monthly,2026-01-02,1,active,2026-01-02,2026-06-30
S04332,C03941,P3,partner,annual,2024-08-28,1,active,2024-08-28,2026-06-30
S04333,C03942,P2,partner,monthly,2024-12-08,2,active,2024-12-08,2026-06-30
S04334,C03943,P1,partner,annual,2026-03-10,2,active,2026-03-10,2026-06-30
S04335,C03943,P1,partner,annual,2026-06-05,2,active,2026-06-05,2026-06-30
S04336,C03944,P1,partner,annual,2025-01-02,14,active,2025-01-02,2026-06-30
S04337,C03945,P1,partner,annual,2024-10-15,1,active,2024-10-15,2026-06-30
S04338,C03946,P2,partner,annual,2024-11-23,11,active,2024-11-23,2026-06-30
S04339,C03947,P3,partner,monthly,2025-04-12,4,active,2025-04-12,2026-06-30
S04340,C03948,P1,partner,monthly,2025-09-25,9,active,2025-09-25,2026-06-30
S04341,C03949,DIRECT,direct,annual,2024-12-14,112,active,2024-12-14,2026-06-30
S04342,C03950,P3,partner,annual,2024-11-04,5,active,2024-11-04,2026-06-30
S04343,C03951,P1,partner,monthly,2025-07-06,4,active,2025-07-06,2026-06-30
S04344,C03952,P1,partner,monthly,2026-05-16,50,active,2026-05-16,2026-06-30
S04345,C03953,P2,partner,annual,2025-03-20,4,active,2025-03-20,2026-06-30
S04346,C03954,P3,partner,annual,2024-12-03,10,active,2024-12-03,2026-06-30
S04347,C03954,P3,partner,annual,2026-02-04,8,active,2026-02-04,2026-06-30
S04348,C03955,P2,partner,monthly,2025-06-24,0,cancelled,2026-05-24,2026-06-30
S04349,C03956,P2,partner,annual,2025-07-11,0,cancelled,2026-03-11,2026-06-30
S04350,C03957,P1,partner,annual,2025-01-14,4,active,2025-01-14,2026-06-30
S04351,C03958,DIRECT,direct,annual,2024-07-07,0,cancelled,2025-08-14,2026-06-30
S04352,C03959,P1,partner,annual,2025-05-23,6,active,2025-05-23,2026-06-30
S04353,C03960,P1,partner,monthly,2024-08-27,5,active,2024-08-27,2026-06-30
S04354,C03961,P1,partner,annual,2026-04-09,5,active,2026-04-09,2026-06-30
S04355,C03962,P2,partner,annual,2024-09-13,0,cancelled,2025-07-25,2026-06-30
S04356,C03963,P2,partner,annual,2024-10-09,0,cancelled,2025-03-07,2026-06-30
S04357,C03964,P2,partner,monthly,2025-10-17,17,active,2025-10-17,2026-06-30
S04358,C03965,P2,partner,monthly,2025-07-03,0,cancelled,2025-11-03,2026-06-30
S04359,C03966,P2,partner,monthly,2026-04-23,25,active,2026-04-23,2026-06-30
S04360,C03967,P2,partner,monthly,2025-01-13,4,active,2025-01-13,2026-06-30
S04361,C03968,P1,partner,annual,2024-07-17,1,active,2024-07-17,2026-06-30
S04362,C03969,P1,partner,annual,2024-12-14,0,cancelled,2025-03-23,2026-06-30
S04363,C03970,DIRECT,direct,annual,2025-01-28,125,active,2025-01-28,2026-06-30
S04364,C03971,P3,partner,annual,2024-12-09,0,cancelled,2025-05-28,2026-06-30
S04365,C03971,P3,partner,annual,2026-01-31,9,active,2026-01-31,2026-06-30
S04366,C03972,P2,partner,annual,2024-08-31,10,active,2024-08-31,2026-06-30
S04367,C03973,P2,partner,annual,2026-04-03,4,active,2026-04-03,2026-06-30
S04368,C03974,P2,partner,annual,2025-08-06,15,active,2025-08-06,2026-06-30
S04369,C03975,P1,partner,annual,2026-04-28,3,active,2026-04-28,2026-06-30
S04370,C03975,P1,partner,monthly,2026-06-26,5,active,2026-06-26,2026-06-30
S04371,C03976,P1,partner,annual,2024-12-31,12,active,2024-12-31,2026-06-30
S04372,C03977,P1,partner,annual,2025-12-16,7,active,2025-12-16,2026-06-30
S04373,C03978,P1,partner,annual,2024-12-26,15,active,2024-12-26,2026-06-30
S04374,C03979,P1,partner,annual,2025-11-27,1,active,2025-11-27,2026-06-30
S04375,C03980,P2,partner,annual,2025-03-09,59,active,2025-03-09,2026-06-30
S04376,C03981,P1,partner,annual,2025-11-22,10,active,2025-11-22,2026-06-30
S04377,C03982,P2,partner,annual,2026-03-07,3,active,2026-03-07,2026-06-30
S04378,C03983,P2,partner,annual,2025-06-25,14,active,2025-06-25,2026-06-30
S04379,C03984,P1,partner,monthly,2025-11-15,3,active,2025-11-15,2026-06-30
S04380,C03985,P1,partner,annual,2024-11-27,112,active,2024-11-27,2026-06-30
S04381,C03985,P1,partner,annual,2026-03-14,31,active,2026-03-14,2026-06-30
S04382,C03986,P1,partner,annual,2025-06-10,28,active,2025-06-10,2026-06-30
S04383,C03987,P1,partner,annual,2025-12-04,6,active,2025-12-04,2026-06-30
S04384,C03988,P1,partner,annual,2026-05-30,3,active,2026-05-30,2026-06-30
S04385,C03989,P3,partner,monthly,2024-07-26,14,active,2024-07-26,2026-06-30
S04386,C03990,P1,partner,annual,2024-07-09,27,active,2024-07-09,2026-06-30
S04387,C03991,P1,partner,monthly,2024-11-01,18,active,2024-11-01,2026-06-30
S04388,C03992,P3,partner,monthly,2026-05-25,1,active,2026-05-25,2026-06-30
S04389,C03993,P2,partner,monthly,2025-01-19,21,active,2025-01-19,2026-06-30
S04390,C03994,P1,partner,monthly,2024-09-04,19,active,2024-09-04,2026-06-30
S04391,C03995,P3,partner,monthly,2024-10-09,15,active,2024-10-09,2026-06-30
S04392,C03996,P1,partner,monthly,2025-07-17,0,cancelled,2026-03-02,2026-06-30
S04393,C03996,P1,partner,annual,2025-11-26,43,active,2025-11-26,2026-06-30
S04394,C03997,P1,partner,monthly,2026-04-25,22,active,2026-04-25,2026-06-30
S04395,C03998,P1,partner,annual,2024-11-19,0,cancelled,2025-09-27,2026-06-30
S04396,C03999,P2,partner,annual,2025-11-18,11,active,2025-11-18,2026-06-30
S04397,C04000,P3,partner,monthly,2025-07-28,34,active,2025-07-28,2026-06-30
