invoice_line_key,month_key,channel,partner_id,customer_key,invoice_amount_cents,constituent_count,constituent_sum_cents,tie_out_difference_cents
2024-07|DIRECT|C00050,2024-07,direct,DIRECT,C00050,207000,1,207000,0
2024-07|DIRECT|C00315,2024-07,direct,DIRECT,C00315,57806,1,57806,0
2024-07|DIRECT|C01786,2024-07,direct,DIRECT,C01786,12774,1,12774,0
2024-07|DIRECT|C02448,2024-07,direct,DIRECT,C02448,48581,1,48581,0
2024-07|DIRECT|C02506,2024-07,direct,DIRECT,C02506,414581,1,414581,0
2024-07|DIRECT|C02786,2024-07,direct,DIRECT,C02786,9419,1,9419,0
2024-07|DIRECT|C03228,2024-07,direct,DIRECT,C03228,146097,1,146097,0
2024-07|DIRECT|C03958,2024-07,direct,DIRECT,C03958,156452,1,156452,0
2024-07|P1|,2024-07,partner,P1,,687913,87,687913,0
2024-07|P2|,2024-07,partner,P2,,239412,35,239412,0
2024-07|P3|,2024-07,partner,P3,,131155,22,131155,0
2024-08|DIRECT|C00050,2024-08,direct,DIRECT,C00050,207000,1,207000,0
2024-08|DIRECT|C00315,2024-08,direct,DIRECT,C00315,256000,1,256000,0
2024-08|DIRECT|C00491,2024-08,direct,DIRECT,C00491,29516,1,29516,0
2024-08|DIRECT|C00791,2024-08,direct,DIRECT,C00791,283355,1,283355,0
2024-08|DIRECT|C01786,2024-08,direct,DIRECT,C01786,132000,1,132000,0
2024-08|DIRECT|C02448,2024-08,direct,DIRECT,C02448,174000,1,174000,0
2024-08|DIRECT|C02506,2024-08,direct,DIRECT,C02506,612000,1,612000,0
2024-08|DIRECT|C02783,2024-08,direct,DIRECT,C02783,37258,1,37258,0
2024-08|DIRECT|C02786,2024-08,direct,DIRECT,C02786,73000,1,73000,0
2024-08|DIRECT|C03065,2024-08,direct,DIRECT,C03065,62419,1,62419,0
2024-08|DIRECT|C03228,2024-08,direct,DIRECT,C03228,169000,1,169000,0
2024-08|DIRECT|C03958,2024-08,direct,DIRECT,C03958,194000,1,194000,0
2024-08|P1|,2024-08,partner,P1,,1779364,162,1779364,0
2024-08|P2|,2024-08,partner,P2,,788406,71,788406,0
2024-08|P3|,2024-08,partner,P3,,468122,49,468122,0
2024-09|DIRECT|C00050,2024-09,direct,DIRECT,C00050,207000,1,207000,0
2024-09|DIRECT|C00315,2024-09,direct,DIRECT,C00315,256000,1,256000,0
2024-09|DIRECT|C00464,2024-09,direct,DIRECT,C00464,184000,1,184000,0
2024-09|DIRECT|C00491,2024-09,direct,DIRECT,C00491,183000,1,183000,0
2024-09|DIRECT|C00791,2024-09,direct,DIRECT,C00791,549000,1,549000,0
2024-09|DIRECT|C01786,2024-09,direct,DIRECT,C01786,132000,1,132000,0
2024-09|DIRECT|C01796,2024-09,direct,DIRECT,C01796,328500,1,328500,0
2024-09|DIRECT|C01899,2024-09,direct,DIRECT,C01899,233133,1,233133,0
2024-09|DIRECT|C02183,2024-09,direct,DIRECT,C02183,1283040,1,1283040,0
2024-09|DIRECT|C02348,2024-09,direct,DIRECT,C02348,40040,1,40040,0
2024-09|DIRECT|C02448,2024-09,direct,DIRECT,C02448,174000,1,174000,0
2024-09|DIRECT|C02506,2024-09,direct,DIRECT,C02506,612000,1,612000,0
2024-09|DIRECT|C02783,2024-09,direct,DIRECT,C02783,105000,1,105000,0
2024-09|DIRECT|C02786,2024-09,direct,DIRECT,C02786,73000,1,73000,0
2024-09|DIRECT|C03024,2024-09,direct,DIRECT,C03024,148800,1,148800,0
2024-09|DIRECT|C03065,2024-09,direct,DIRECT,C03065,387000,1,387000,0
2024-09|DIRECT|C03228,2024-09,direct,DIRECT,C03228,169000,1,169000,0
2024-09|DIRECT|C03331,2024-09,direct,DIRECT,C03331,8133,1,8133,0
2024-09|DIRECT|C03575,2024-09,direct,DIRECT,C03575,35200,1,35200,0
2024-09|DIRECT|C03958,2024-09,direct,DIRECT,C03958,194000,1,194000,0
2024-09|P1|,2024-09,partner,P1,,2823148,254,2823148,0
2024-09|P2|,2024-09,partner,P2,,1661011,138,1661011,0
2024-09|P3|,2024-09,partner,P3,,875568,72,875568,0
2024-10|DIRECT|C00050,2024-10,direct,DIRECT,C00050,207000,1,207000,0
2024-10|DIRECT|C00315,2024-10,direct,DIRECT,C00315,256000,1,256000,0
2024-10|DIRECT|C00464,2024-10,direct,DIRECT,C00464,220800,1,220800,0
2024-10|DIRECT|C00491,2024-10,direct,DIRECT,C00491,183000,1,183000,0
2024-10|DIRECT|C00791,2024-10,direct,DIRECT,C00791,549000,1,549000,0
2024-10|DIRECT|C01136,2024-10,direct,DIRECT,C01136,135000,1,135000,0
2024-10|DIRECT|C01613,2024-10,direct,DIRECT,C01613,279600,1,279600,0
2024-10|DIRECT|C01786,2024-10,direct,DIRECT,C01786,132000,1,132000,0
2024-10|DIRECT|C01791,2024-10,direct,DIRECT,C01791,20516,1,20516,0
2024-10|DIRECT|C01796,2024-10,direct,DIRECT,C01796,365000,1,365000,0
2024-10|DIRECT|C01899,2024-10,direct,DIRECT,C01899,538000,1,538000,0
2024-10|DIRECT|C02183,2024-10,direct,DIRECT,C02183,2138400,1,2138400,0
2024-10|DIRECT|C02348,2024-10,direct,DIRECT,C02348,109200,1,109200,0
2024-10|DIRECT|C02448,2024-10,direct,DIRECT,C02448,174000,1,174000,0
2024-10|DIRECT|C02506,2024-10,direct,DIRECT,C02506,612000,1,612000,0
2024-10|DIRECT|C02783,2024-10,direct,DIRECT,C02783,105000,1,105000,0
2024-10|DIRECT|C02786,2024-10,direct,DIRECT,C02786,73000,1,73000,0
2024-10|DIRECT|C03024,2024-10,direct,DIRECT,C03024,744000,1,744000,0
2024-10|DIRECT|C03065,2024-10,direct,DIRECT,C03065,387000,1,387000,0
2024-10|DIRECT|C03155,2024-10,direct,DIRECT,C03155,7316,1,7316,0
2024-10|DIRECT|C03228,2024-10,direct,DIRECT,C03228,169000,1,169000,0
2024-10|DIRECT|C03260,2024-10,direct,DIRECT,C03260,36290,1,36290,0
2024-10|DIRECT|C03331,2024-10,direct,DIRECT,C03331,122000,1,122000,0
2024-10|DIRECT|C03575,2024-10,direct,DIRECT,C03575,528000,1,528000,0
2024-10|DIRECT|C03958,2024-10,direct,DIRECT,C03958,194000,1,194000,0
2024-10|P1|,2024-10,partner,P1,,3931177,340,3931177,0
2024-10|P2|,2024-10,partner,P2,,2325388,193,2325388,0
2024-10|P3|,2024-10,partner,P3,,1057005,92,1057005,0
2024-11|DIRECT|C00050,2024-11,direct,DIRECT,C00050,207000,1,207000,0
2024-11|DIRECT|C00235,2024-11,direct,DIRECT,C00235,62700,1,62700,0
2024-11|DIRECT|C00304,2024-11,direct,DIRECT,C00304,95200,1,95200,0
2024-11|DIRECT|C00315,2024-11,direct,DIRECT,C00315,256000,1,256000,0
2024-11|DIRECT|C00464,2024-11,direct,DIRECT,C00464,220800,1,220800,0
2024-11|DIRECT|C00491,2024-11,direct,DIRECT,C00491,183000,1,183000,0
2024-11|DIRECT|C00791,2024-11,direct,DIRECT,C00791,549000,1,549000,0
2024-11|DIRECT|C00874,2024-11,direct,DIRECT,C00874,20333,1,20333,0
2024-11|DIRECT|C01054,2024-11,direct,DIRECT,C01054,340480,1,340480,0
2024-11|DIRECT|C01136,2024-11,direct,DIRECT,C01136,135000,1,135000,0
2024-11|DIRECT|C01613,2024-11,direct,DIRECT,C01613,279600,1,279600,0
2024-11|DIRECT|C01697,2024-11,direct,DIRECT,C01697,47000,1,47000,0
2024-11|DIRECT|C01786,2024-11,direct,DIRECT,C01786,132000,1,132000,0
2024-11|DIRECT|C01791,2024-11,direct,DIRECT,C01791,318000,1,318000,0
2024-11|DIRECT|C01796,2024-11,direct,DIRECT,C01796,365000,1,365000,0
2024-11|DIRECT|C01828,2024-11,direct,DIRECT,C01828,252300,1,252300,0
2024-11|DIRECT|C01899,2024-11,direct,DIRECT,C01899,538000,1,538000,0
2024-11|DIRECT|C02183,2024-11,direct,DIRECT,C02183,2138400,1,2138400,0
2024-11|DIRECT|C02288,2024-11,direct,DIRECT,C02288,423200,1,423200,0
2024-11|DIRECT|C02341,2024-11,direct,DIRECT,C02341,46240,1,46240,0
2024-11|DIRECT|C02348,2024-11,direct,DIRECT,C02348,109200,1,109200,0
2024-11|DIRECT|C02448,2024-11,direct,DIRECT,C02448,174000,1,174000,0
2024-11|DIRECT|C02506,2024-11,direct,DIRECT,C02506,612000,1,612000,0
2024-11|DIRECT|C02547,2024-11,direct,DIRECT,C02547,21400,1,21400,0
2024-11|DIRECT|C02647,2024-11,direct,DIRECT,C02647,48033,1,48033,0
2024-11|DIRECT|C02746,2024-11,direct,DIRECT,C02746,60900,1,60900,0
2024-11|DIRECT|C02783,2024-11,direct,DIRECT,C02783,105000,1,105000,0
2024-11|DIRECT|C02786,2024-11,direct,DIRECT,C02786,73000,1,73000,0
2024-11|DIRECT|C03024,2024-11,direct,DIRECT,C03024,744000,1,744000,0
2024-11|DIRECT|C03065,2024-11,direct,DIRECT,C03065,387000,1,387000,0
2024-11|DIRECT|C03155,2024-11,direct,DIRECT,C03155,226800,1,226800,0
2024-11|DIRECT|C03228,2024-11,direct,DIRECT,C03228,171500,1,171500,0
2024-11|DIRECT|C03260,2024-11,direct,DIRECT,C03260,75000,1,75000,0
2024-11|DIRECT|C03331,2024-11,direct,DIRECT,C03331,122000,1,122000,0
2024-11|DIRECT|C03353,2024-11,direct,DIRECT,C03353,232400,1,232400,0
2024-11|DIRECT|C03575,2024-11,direct,DIRECT,C03575,528000,1,528000,0
2024-11|DIRECT|C03958,2024-11,direct,DIRECT,C03958,194000,1,194000,0
2024-11|P1|,2024-11,partner,P1,,5200223,439,5200223,0
2024-11|P2|,2024-11,partner,P2,,2978479,246,2978479,0
2024-11|P3|,2024-11,partner,P3,,1280721,114,1280721,0
2024-12|DIRECT|C00050,2024-12,direct,DIRECT,C00050,207000,1,207000,0
2024-12|DIRECT|C00235,2024-12,direct,DIRECT,C00235,209000,1,209000,0
2024-12|DIRECT|C00304,2024-12,direct,DIRECT,C00304,102000,1,102000,0
2024-12|DIRECT|C00315,2024-12,direct,DIRECT,C00315,256000,1,256000,0
2024-12|DIRECT|C00464,2024-12,direct,DIRECT,C00464,263381,1,263381,0
2024-12|DIRECT|C00491,2024-12,direct,DIRECT,C00491,183000,1,183000,0
2024-12|DIRECT|C00791,2024-12,direct,DIRECT,C00791,549000,1,549000,0
2024-12|DIRECT|C00874,2024-12,direct,DIRECT,C00874,122000,1,122000,0
2024-12|DIRECT|C01054,2024-12,direct,DIRECT,C01054,638400,1,638400,0
2024-12|DIRECT|C01136,2024-12,direct,DIRECT,C01136,135000,1,135000,0
2024-12|DIRECT|C01613,2024-12,direct,DIRECT,C01613,279600,1,279600,0
2024-12|DIRECT|C01697,2024-12,direct,DIRECT,C01697,235000,1,235000,0
2024-12|DIRECT|C01786,2024-12,direct,DIRECT,C01786,132000,1,132000,0
2024-12|DIRECT|C01791,2024-12,direct,DIRECT,C01791,318000,1,318000,0
2024-12|DIRECT|C01796,2024-12,direct,DIRECT,C01796,365000,1,365000,0
2024-12|DIRECT|C01828,2024-12,direct,DIRECT,C01828,261000,1,261000,0
2024-12|DIRECT|C01899,2024-12,direct,DIRECT,C01899,538000,1,538000,0
2024-12|DIRECT|C02183,2024-12,direct,DIRECT,C02183,1700052,1,1700052,0
2024-12|DIRECT|C02283,2024-12,direct,DIRECT,C02283,217548,1,217548,0
2024-12|DIRECT|C02288,2024-12,direct,DIRECT,C02288,552000,1,552000,0
2024-12|DIRECT|C02341,2024-12,direct,DIRECT,C02341,101187,1,101187,0
2024-12|DIRECT|C02348,2024-12,direct,DIRECT,C02348,109200,1,109200,0
2024-12|DIRECT|C02448,2024-12,direct,DIRECT,C02448,174000,1,174000,0
2024-12|DIRECT|C02506,2024-12,direct,DIRECT,C02506,612000,1,612000,0
2024-12|DIRECT|C02547,2024-12,direct,DIRECT,C02547,128400,1,128400,0
2024-12|DIRECT|C02647,2024-12,direct,DIRECT,C02647,131000,1,131000,0
2024-12|DIRECT|C02746,2024-12,direct,DIRECT,C02746,63000,1,63000,0
2024-12|DIRECT|C02783,2024-12,direct,DIRECT,C02783,118613,2,118613,0
2024-12|DIRECT|C02786,2024-12,direct,DIRECT,C02786,73000,1,73000,0
2024-12|DIRECT|C02861,2024-12,direct,DIRECT,C02861,142581,1,142581,0
2024-12|DIRECT|C03024,2024-12,direct,DIRECT,C03024,744000,1,744000,0
2024-12|DIRECT|C03065,2024-12,direct,DIRECT,C03065,387000,1,387000,0
2024-12|DIRECT|C03155,2024-12,direct,DIRECT,C03155,226800,1,226800,0
2024-12|DIRECT|C03228,2024-12,direct,DIRECT,C03228,244000,1,244000,0
2024-12|DIRECT|C03260,2024-12,direct,DIRECT,C03260,75000,1,75000,0
2024-12|DIRECT|C03316,2024-12,direct,DIRECT,C03316,16677,1,16677,0
2024-12|DIRECT|C03331,2024-12,direct,DIRECT,C03331,122000,1,122000,0
2024-12|DIRECT|C03353,2024-12,direct,DIRECT,C03353,649548,1,649548,0
2024-12|DIRECT|C03575,2024-12,direct,DIRECT,C03575,528000,1,528000,0
2024-12|DIRECT|C03949,2024-12,direct,DIRECT,C03949,65032,1,65032,0
2024-12|DIRECT|C03958,2024-12,direct,DIRECT,C03958,194000,1,194000,0
2024-12|P1|,2024-12,partner,P1,,6637426,540,6637426,0
2024-12|P2|,2024-12,partner,P2,,3582171,292,3582171,0
2024-12|P3|,2024-12,partner,P3,,1483546,136,1483546,0
2025-01|DIRECT|C00050,2025-01,direct,DIRECT,C00050,207000,1,207000,0
2025-01|DIRECT|C00129,2025-01,direct,DIRECT,C00129,26323,1,26323,0
2025-01|DIRECT|C00235,2025-01,direct,DIRECT,C00235,209000,1,209000,0
2025-01|DIRECT|C00304,2025-01,direct,DIRECT,C00304,127258,1,127258,0
2025-01|DIRECT|C00315,2025-01,direct,DIRECT,C00315,256000,1,256000,0
2025-01|DIRECT|C00373,2025-01,direct,DIRECT,C00373,377032,1,377032,0
2025-01|DIRECT|C00464,2025-01,direct,DIRECT,C00464,273600,1,273600,0
2025-01|DIRECT|C00491,2025-01,direct,DIRECT,C00491,183000,1,183000,0
2025-01|DIRECT|C00791,2025-01,direct,DIRECT,C00791,549000,1,549000,0
2025-01|DIRECT|C00874,2025-01,direct,DIRECT,C00874,122000,1,122000,0
2025-01|DIRECT|C01054,2025-01,direct,DIRECT,C01054,638400,1,638400,0
2025-01|DIRECT|C01136,2025-01,direct,DIRECT,C01136,135000,1,135000,0
2025-01|DIRECT|C01613,2025-01,direct,DIRECT,C01613,279600,1,279600,0
2025-01|DIRECT|C01697,2025-01,direct,DIRECT,C01697,235000,1,235000,0
2025-01|DIRECT|C01786,2025-01,direct,DIRECT,C01786,132000,1,132000,0
2025-01|DIRECT|C01791,2025-01,direct,DIRECT,C01791,318000,1,318000,0
2025-01|DIRECT|C01796,2025-01,direct,DIRECT,C01796,365000,1,365000,0
2025-01|DIRECT|C01828,2025-01,direct,DIRECT,C01828,261000,1,261000,0
2025-01|DIRECT|C01899,2025-01,direct,DIRECT,C01899,538000,1,538000,0
2025-01|DIRECT|C02183,2025-01,direct,DIRECT,C02183,1631187,1,1631187,0
2025-01|DIRECT|C02283,2025-01,direct,DIRECT,C02283,337200,1,337200,0
2025-01|DIRECT|C02288,2025-01,direct,DIRECT,C02288,552000,1,552000,0
2025-01|DIRECT|C02341,2025-01,direct,DIRECT,C02341,108000,1,108000,0
2025-01|DIRECT|C02348,2025-01,direct,DIRECT,C02348,109200,1,109200,0
2025-01|DIRECT|C02448,2025-01,direct,DIRECT,C02448,174000,1,174000,0
2025-01|DIRECT|C02506,2025-01,direct,DIRECT,C02506,612000,1,612000,0
2025-01|DIRECT|C02547,2025-01,direct,DIRECT,C02547,128400,1,128400,0
2025-01|DIRECT|C02647,2025-01,direct,DIRECT,C02647,131000,1,131000,0
2025-01|DIRECT|C02746,2025-01,direct,DIRECT,C02746,63000,1,63000,0
2025-01|DIRECT|C02783,2025-01,direct,DIRECT,C02783,316000,2,316000,0
2025-01|DIRECT|C02786,2025-01,direct,DIRECT,C02786,73000,1,73000,0
2025-01|DIRECT|C02861,2025-01,direct,DIRECT,C02861,340000,1,340000,0
2025-01|DIRECT|C03024,2025-01,direct,DIRECT,C03024,744000,1,744000,0
2025-01|DIRECT|C03065,2025-01,direct,DIRECT,C03065,387000,1,387000,0
2025-01|DIRECT|C03155,2025-01,direct,DIRECT,C03155,226800,1,226800,0
2025-01|DIRECT|C03228,2025-01,direct,DIRECT,C03228,244000,1,244000,0
2025-01|DIRECT|C03260,2025-01,direct,DIRECT,C03260,75000,1,75000,0
2025-01|DIRECT|C03316,2025-01,direct,DIRECT,C03316,47000,1,47000,0
2025-01|DIRECT|C03331,2025-01,direct,DIRECT,C03331,122000,1,122000,0
2025-01|DIRECT|C03353,2025-01,direct,DIRECT,C03353,660000,1,660000,0
2025-01|DIRECT|C03423,2025-01,direct,DIRECT,C03423,173613,1,173613,0
2025-01|DIRECT|C03575,2025-01,direct,DIRECT,C03575,528000,1,528000,0
2025-01|DIRECT|C03949,2025-01,direct,DIRECT,C03949,112000,1,112000,0
2025-01|DIRECT|C03958,2025-01,direct,DIRECT,C03958,194000,1,194000,0
2025-01|DIRECT|C03970,2025-01,direct,DIRECT,C03970,11871,1,11871,0
2025-01|P1|,2025-01,partner,P1,,7676910,613,7676910,0
2025-01|P2|,2025-01,partner,P2,,4092248,339,4092248,0
2025-01|P3|,2025-01,partner,P3,,1969041,162,1969041,0
2025-02|DIRECT|C00050,2025-02,direct,DIRECT,C00050,207000,1,207000,0
2025-02|DIRECT|C00129,2025-02,direct,DIRECT,C00129,102000,1,102000,0
2025-02|DIRECT|C00235,2025-02,direct,DIRECT,C00235,212000,1,212000,0
2025-02|DIRECT|C00304,2025-02,direct,DIRECT,C00304,129000,1,129000,0
2025-02|DIRECT|C00315,2025-02,direct,DIRECT,C00315,256000,1,256000,0
2025-02|DIRECT|C00373,2025-02,direct,DIRECT,C00373,626057,1,626057,0
2025-02|DIRECT|C00464,2025-02,direct,DIRECT,C00464,273600,1,273600,0
2025-02|DIRECT|C00491,2025-02,direct,DIRECT,C00491,183000,1,183000,0
2025-02|DIRECT|C00791,2025-02,direct,DIRECT,C00791,549000,1,549000,0
2025-02|DIRECT|C00874,2025-02,direct,DIRECT,C00874,122000,1,122000,0
2025-02|DIRECT|C00891,2025-02,direct,DIRECT,C00891,200571,1,200571,0
2025-02|DIRECT|C01054,2025-02,direct,DIRECT,C01054,638400,1,638400,0
2025-02|DIRECT|C01074,2025-02,direct,DIRECT,C01074,42000,1,42000,0
2025-02|DIRECT|C01136,2025-02,direct,DIRECT,C01136,135000,1,135000,0
2025-02|DIRECT|C01613,2025-02,direct,DIRECT,C01613,279600,1,279600,0
2025-02|DIRECT|C01697,2025-02,direct,DIRECT,C01697,235000,1,235000,0
2025-02|DIRECT|C01786,2025-02,direct,DIRECT,C01786,132000,1,132000,0
2025-02|DIRECT|C01791,2025-02,direct,DIRECT,C01791,318000,1,318000,0
2025-02|DIRECT|C01796,2025-02,direct,DIRECT,C01796,365000,1,365000,0
2025-02|DIRECT|C01828,2025-02,direct,DIRECT,C01828,261000,1,261000,0
2025-02|DIRECT|C01899,2025-02,direct,DIRECT,C01899,538000,1,538000,0
2025-02|DIRECT|C02183,2025-02,direct,DIRECT,C02183,1662000,1,1662000,0
2025-02|DIRECT|C02283,2025-02,direct,DIRECT,C02283,337200,1,337200,0
2025-02|DIRECT|C02288,2025-02,direct,DIRECT,C02288,552000,1,552000,0
2025-02|DIRECT|C02341,2025-02,direct,DIRECT,C02341,108000,1,108000,0
2025-02|DIRECT|C02348,2025-02,direct,DIRECT,C02348,109200,1,109200,0
2025-02|DIRECT|C02448,2025-02,direct,DIRECT,C02448,174000,1,174000,0
2025-02|DIRECT|C02506,2025-02,direct,DIRECT,C02506,612000,1,612000,0
2025-02|DIRECT|C02547,2025-02,direct,DIRECT,C02547,128400,1,128400,0
2025-02|DIRECT|C02647,2025-02,direct,DIRECT,C02647,131000,1,131000,0
2025-02|DIRECT|C02746,2025-02,direct,DIRECT,C02746,63000,1,63000,0
2025-02|DIRECT|C02783,2025-02,direct,DIRECT,C02783,344393,2,344393,0
2025-02|DIRECT|C02786,2025-02,direct,DIRECT,C02786,73000,1,73000,0
2025-02|DIRECT|C02861,2025-02,direct,DIRECT,C02861,340000,1,340000,0
2025-02|DIRECT|C03024,2025-02,direct,DIRECT,C03024,744000,1,744000,0
2025-02|DIRECT|C03065,2025-02,direct,DIRECT,C03065,387000,1,387000,0
2025-02|DIRECT|C03155,2025-02,direct,DIRECT,C03155,226800,1,226800,0
2025-02|DIRECT|C03228,2025-02,direct,DIRECT,C03228,244000,1,244000,0
2025-02|DIRECT|C03260,2025-02,direct,DIRECT,C03260,75000,1,75000,0
2025-02|DIRECT|C03316,2025-02,direct,DIRECT,C03316,47000,1,47000,0
2025-02|DIRECT|C03331,2025-02,direct,DIRECT,C03331,122000,1,122000,0
2025-02|DIRECT|C03353,2025-02,direct,DIRECT,C03353,660000,1,660000,0
2025-02|DIRECT|C03423,2025-02,direct,DIRECT,C03423,207000,1,207000,0
2025-02|DIRECT|C03444,2025-02,direct,DIRECT,C03444,23286,1,23286,0
2025-02|DIRECT|C03575,2025-02,direct,DIRECT,C03575,528000,1,528000,0
2025-02|DIRECT|C03949,2025-02,direct,DIRECT,C03949,112000,1,112000,0
2025-02|DIRECT|C03958,2025-02,direct,DIRECT,C03958,194000,1,194000,0
2025-02|DIRECT|C03970,2025-02,direct,DIRECT,C03970,92000,1,92000,0
2025-02|P1|,2025-02,partner,P1,,8816853,698,8816853,0
2025-02|P2|,2025-02,partner,P2,,4686471,382,4686471,0
2025-02|P3|,2025-02,partner,P3,,2254131,192,2254131,0
2025-03|DIRECT|C00050,2025-03,direct,DIRECT,C00050,207000,1,207000,0
2025-03|DIRECT|C00129,2025-03,direct,DIRECT,C00129,102000,1,102000,0
2025-03|DIRECT|C00235,2025-03,direct,DIRECT,C00235,315516,1,315516,0
2025-03|DIRECT|C00304,2025-03,direct,DIRECT,C00304,129000,1,129000,0
2025-03|DIRECT|C00315,2025-03,direct,DIRECT,C00315,256000,1,256000,0
2025-03|DIRECT|C00360,2025-03,direct,DIRECT,C00360,216774,1,216774,0
2025-03|DIRECT|C00373,2025-03,direct,DIRECT,C00373,681600,1,681600,0
2025-03|DIRECT|C00464,2025-03,direct,DIRECT,C00464,273600,1,273600,0
2025-03|DIRECT|C00491,2025-03,direct,DIRECT,C00491,183000,1,183000,0
2025-03|DIRECT|C00494,2025-03,direct,DIRECT,C00494,73161,1,73161,0
2025-03|DIRECT|C00696,2025-03,direct,DIRECT,C00696,173419,1,173419,0
2025-03|DIRECT|C00791,2025-03,direct,DIRECT,C00791,549000,1,549000,0
2025-03|DIRECT|C00874,2025-03,direct,DIRECT,C00874,122000,1,122000,0
2025-03|DIRECT|C00891,2025-03,direct,DIRECT,C00891,312000,1,312000,0
2025-03|DIRECT|C01054,2025-03,direct,DIRECT,C01054,638400,1,638400,0
2025-03|DIRECT|C01074,2025-03,direct,DIRECT,C01074,588000,1,588000,0
2025-03|DIRECT|C01136,2025-03,direct,DIRECT,C01136,135000,1,135000,0
2025-03|DIRECT|C01335,2025-03,direct,DIRECT,C01335,117419,1,117419,0
2025-03|DIRECT|C01613,2025-03,direct,DIRECT,C01613,279600,1,279600,0
2025-03|DIRECT|C01675,2025-03,direct,DIRECT,C01675,156000,1,156000,0
2025-03|DIRECT|C01697,2025-03,direct,DIRECT,C01697,235000,1,235000,0
2025-03|DIRECT|C01786,2025-03,direct,DIRECT,C01786,132000,1,132000,0
2025-03|DIRECT|C01791,2025-03,direct,DIRECT,C01791,318000,1,318000,0
2025-03|DIRECT|C01796,2025-03,direct,DIRECT,C01796,365000,1,365000,0
2025-03|DIRECT|C01828,2025-03,direct,DIRECT,C01828,261000,1,261000,0
2025-03|DIRECT|C01899,2025-03,direct,DIRECT,C01899,538000,1,538000,0
2025-03|DIRECT|C02022,2025-03,direct,DIRECT,C02022,257303,1,257303,0
2025-03|DIRECT|C02183,2025-03,direct,DIRECT,C02183,1662000,1,1662000,0
2025-03|DIRECT|C02283,2025-03,direct,DIRECT,C02283,337200,1,337200,0
2025-03|DIRECT|C02288,2025-03,direct,DIRECT,C02288,552000,1,552000,0
2025-03|DIRECT|C02341,2025-03,direct,DIRECT,C02341,108000,1,108000,0
2025-03|DIRECT|C02348,2025-03,direct,DIRECT,C02348,109200,1,109200,0
2025-03|DIRECT|C02448,2025-03,direct,DIRECT,C02448,174000,1,174000,0
2025-03|DIRECT|C02506,2025-03,direct,DIRECT,C02506,403897,1,403897,0
2025-03|DIRECT|C02547,2025-03,direct,DIRECT,C02547,128400,1,128400,0
2025-03|DIRECT|C02647,2025-03,direct,DIRECT,C02647,131000,1,131000,0
2025-03|DIRECT|C02746,2025-03,direct,DIRECT,C02746,63000,1,63000,0
2025-03|DIRECT|C02783,2025-03,direct,DIRECT,C02783,387452,2,387452,0
2025-03|DIRECT|C02786,2025-03,direct,DIRECT,C02786,73000,1,73000,0
2025-03|DIRECT|C02861,2025-03,direct,DIRECT,C02861,340000,1,340000,0
2025-03|DIRECT|C03024,2025-03,direct,DIRECT,C03024,744000,1,744000,0
2025-03|DIRECT|C03065,2025-03,direct,DIRECT,C03065,387000,1,387000,0
2025-03|DIRECT|C03155,2025-03,direct,DIRECT,C03155,226800,1,226800,0
2025-03|DIRECT|C03228,2025-03,direct,DIRECT,C03228,244000,1,244000,0
2025-03|DIRECT|C03260,2025-03,direct,DIRECT,C03260,75000,1,75000,0
2025-03|DIRECT|C03316,2025-03,direct,DIRECT,C03316,47000,1,47000,0
2025-03|DIRECT|C03331,2025-03,direct,DIRECT,C03331,122000,1,122000,0
2025-03|DIRECT|C03353,2025-03,direct,DIRECT,C03353,660000,1,660000,0
2025-03|DIRECT|C03418,2025-03,direct,DIRECT,C03418,117290,1,117290,0
2025-03|DIRECT|C03423,2025-03,direct,DIRECT,C03423,207000,1,207000,0
2025-03|DIRECT|C03444,2025-03,direct,DIRECT,C03444,163000,1,163000,0
2025-03|DIRECT|C03501,2025-03,direct,DIRECT,C03501,105000,1,105000,0
2025-03|DIRECT|C03575,2025-03,direct,DIRECT,C03575,528000,1,528000,0
2025-03|DIRECT|C03696,2025-03,direct,DIRECT,C03696,148181,1,148181,0
2025-03|DIRECT|C03949,2025-03,direct,DIRECT,C03949,112000,1,112000,0
2025-03|DIRECT|C03958,2025-03,direct,DIRECT,C03958,194000,1,194000,0
2025-03|DIRECT|C03970,2025-03,direct,DIRECT,C03970,92000,1,92000,0
2025-03|P1|,2025-03,partner,P1,,9878575,788,9878575,0
2025-03|P2|,2025-03,partner,P2,,5261015,427,5261015,0
2025-03|P3|,2025-03,partner,P3,,2677458,221,2677458,0
2025-04|DIRECT|C00050,2025-04,direct,DIRECT,C00050,207000,1,207000,0
2025-04|DIRECT|C00129,2025-04,direct,DIRECT,C00129,136833,1,136833,0
2025-04|DIRECT|C00235,2025-04,direct,DIRECT,C00235,376000,1,376000,0
2025-04|DIRECT|C00304,2025-04,direct,DIRECT,C00304,129000,1,129000,0
2025-04|DIRECT|C00315,2025-04,direct,DIRECT,C00315,256000,1,256000,0
2025-04|DIRECT|C00347,2025-04,direct,DIRECT,C00347,125600,1,125600,0
2025-04|DIRECT|C00360,2025-04,direct,DIRECT,C00360,240000,1,240000,0
2025-04|DIRECT|C00373,2025-04,direct,DIRECT,C00373,681600,1,681600,0
2025-04|DIRECT|C00464,2025-04,direct,DIRECT,C00464,273600,1,273600,0
2025-04|DIRECT|C00491,2025-04,direct,DIRECT,C00491,220500,1,220500,0
2025-04|DIRECT|C00494,2025-04,direct,DIRECT,C00494,189000,1,189000,0
2025-04|DIRECT|C00614,2025-04,direct,DIRECT,C00614,61600,1,61600,0
2025-04|DIRECT|C00696,2025-04,direct,DIRECT,C00696,192000,1,192000,0
2025-04|DIRECT|C00791,2025-04,direct,DIRECT,C00791,549000,1,549000,0
2025-04|DIRECT|C00874,2025-04,direct,DIRECT,C00874,122000,1,122000,0
2025-04|DIRECT|C00891,2025-04,direct,DIRECT,C00891,312000,1,312000,0
2025-04|DIRECT|C00931,2025-04,direct,DIRECT,C00931,697600,1,697600,0
2025-04|DIRECT|C01054,2025-04,direct,DIRECT,C01054,638400,1,638400,0
2025-04|DIRECT|C01074,2025-04,direct,DIRECT,C01074,588000,1,588000,0
2025-04|DIRECT|C01136,2025-04,direct,DIRECT,C01136,135000,1,135000,0
2025-04|DIRECT|C01335,2025-04,direct,DIRECT,C01335,140000,1,140000,0
2025-04|DIRECT|C01439,2025-04,direct,DIRECT,C01439,189520,1,189520,0
2025-04|DIRECT|C01613,2025-04,direct,DIRECT,C01613,279600,1,279600,0
2025-04|DIRECT|C01675,2025-04,direct,DIRECT,C01675,403000,1,403000,0
2025-04|DIRECT|C01697,2025-04,direct,DIRECT,C01697,235000,1,235000,0
2025-04|DIRECT|C01786,2025-04,direct,DIRECT,C01786,132000,1,132000,0
2025-04|DIRECT|C01791,2025-04,direct,DIRECT,C01791,318000,1,318000,0
2025-04|DIRECT|C01796,2025-04,direct,DIRECT,C01796,365000,1,365000,0
2025-04|DIRECT|C01828,2025-04,direct,DIRECT,C01828,261000,1,261000,0
2025-04|DIRECT|C01899,2025-04,direct,DIRECT,C01899,538000,1,538000,0
2025-04|DIRECT|C01997,2025-04,direct,DIRECT,C01997,240000,1,240000,0
2025-04|DIRECT|C02022,2025-04,direct,DIRECT,C02022,346800,1,346800,0
2025-04|DIRECT|C02091,2025-04,direct,DIRECT,C02091,100800,1,100800,0
2025-04|DIRECT|C02154,2025-04,direct,DIRECT,C02154,357840,1,357840,0
2025-04|DIRECT|C02183,2025-04,direct,DIRECT,C02183,1662000,1,1662000,0
2025-04|DIRECT|C02283,2025-04,direct,DIRECT,C02283,439800,2,439800,0
2025-04|DIRECT|C02288,2025-04,direct,DIRECT,C02288,552000,1,552000,0
2025-04|DIRECT|C02341,2025-04,direct,DIRECT,C02341,108000,1,108000,0
2025-04|DIRECT|C02348,2025-04,direct,DIRECT,C02348,109200,1,109200,0
2025-04|DIRECT|C02360,2025-04,direct,DIRECT,C02360,51833,1,51833,0
2025-04|DIRECT|C02429,2025-04,direct,DIRECT,C02429,105280,1,105280,0
2025-04|DIRECT|C02448,2025-04,direct,DIRECT,C02448,174000,1,174000,0
2025-04|DIRECT|C02506,2025-04,direct,DIRECT,C02506,304800,1,304800,0
2025-04|DIRECT|C02547,2025-04,direct,DIRECT,C02547,128400,1,128400,0
2025-04|DIRECT|C02555,2025-04,direct,DIRECT,C02555,57240,1,57240,0
2025-04|DIRECT|C02647,2025-04,direct,DIRECT,C02647,131000,1,131000,0
2025-04|DIRECT|C02746,2025-04,direct,DIRECT,C02746,63000,1,63000,0
2025-04|DIRECT|C02783,2025-04,direct,DIRECT,C02783,391000,2,391000,0
2025-04|DIRECT|C02786,2025-04,direct,DIRECT,C02786,73000,1,73000,0
2025-04|DIRECT|C02861,2025-04,direct,DIRECT,C02861,340000,1,340000,0
2025-04|DIRECT|C02972,2025-04,direct,DIRECT,C02972,33333,1,33333,0
2025-04|DIRECT|C03024,2025-04,direct,DIRECT,C03024,744000,1,744000,0
2025-04|DIRECT|C03065,2025-04,direct,DIRECT,C03065,387000,1,387000,0
2025-04|DIRECT|C03155,2025-04,direct,DIRECT,C03155,226800,1,226800,0
2025-04|DIRECT|C03228,2025-04,direct,DIRECT,C03228,244000,1,244000,0
2025-04|DIRECT|C03260,2025-04,direct,DIRECT,C03260,75000,1,75000,0
2025-04|DIRECT|C03316,2025-04,direct,DIRECT,C03316,47000,1,47000,0
2025-04|DIRECT|C03331,2025-04,direct,DIRECT,C03331,122000,1,122000,0
2025-04|DIRECT|C03342,2025-04,direct,DIRECT,C03342,23100,1,23100,0
2025-04|DIRECT|C03353,2025-04,direct,DIRECT,C03353,660000,1,660000,0
2025-04|DIRECT|C03418,2025-04,direct,DIRECT,C03418,202000,1,202000,0
2025-04|DIRECT|C03423,2025-04,direct,DIRECT,C03423,207000,1,207000,0
2025-04|DIRECT|C03444,2025-04,direct,DIRECT,C03444,163000,1,163000,0
2025-04|DIRECT|C03501,2025-04,direct,DIRECT,C03501,105000,1,105000,0
2025-04|DIRECT|C03575,2025-04,direct,DIRECT,C03575,528000,1,528000,0
2025-04|DIRECT|C03696,2025-04,direct,DIRECT,C03696,208800,1,208800,0
2025-04|DIRECT|C03949,2025-04,direct,DIRECT,C03949,112000,1,112000,0
2025-04|DIRECT|C03958,2025-04,direct,DIRECT,C03958,194000,1,194000,0
2025-04|DIRECT|C03970,2025-04,direct,DIRECT,C03970,92000,1,92000,0
2025-04|P1|,2025-04,partner,P1,,11168048,891,11168048,0
2025-04|P2|,2025-04,partner,P2,,5902802,485,5902802,0
2025-04|P3|,2025-04,partner,P3,,2937047,237,2937047,0
2025-05|DIRECT|C00050,2025-05,direct,DIRECT,C00050,207000,1,207000,0
2025-05|DIRECT|C00129,2025-05,direct,DIRECT,C00129,157000,1,157000,0
2025-05|DIRECT|C00235,2025-05,direct,DIRECT,C00235,376000,1,376000,0
2025-05|DIRECT|C00304,2025-05,direct,DIRECT,C00304,129000,1,129000,0
2025-05|DIRECT|C00309,2025-05,direct,DIRECT,C00309,41129,1,41129,0
2025-05|DIRECT|C00315,2025-05,direct,DIRECT,C00315,256000,1,256000,0
2025-05|DIRECT|C00347,2025-05,direct,DIRECT,C00347,157000,1,157000,0
2025-05|DIRECT|C00360,2025-05,direct,DIRECT,C00360,240000,1,240000,0
2025-05|DIRECT|C00373,2025-05,direct,DIRECT,C00373,681600,1,681600,0
2025-05|DIRECT|C00464,2025-05,direct,DIRECT,C00464,273600,1,273600,0
2025-05|DIRECT|C00491,2025-05,direct,DIRECT,C00491,228000,1,228000,0
2025-05|DIRECT|C00494,2025-05,direct,DIRECT,C00494,189000,1,189000,0
2025-05|DIRECT|C00570,2025-05,direct,DIRECT,C00570,40645,1,40645,0
2025-05|DIRECT|C00614,2025-05,direct,DIRECT,C00614,88000,1,88000,0
2025-05|DIRECT|C00647,2025-05,direct,DIRECT,C00647,15097,1,15097,0
2025-05|DIRECT|C00696,2025-05,direct,DIRECT,C00696,192000,1,192000,0
2025-05|DIRECT|C00733,2025-05,direct,DIRECT,C00733,55548,1,55548,0
2025-05|DIRECT|C00791,2025-05,direct,DIRECT,C00791,549000,1,549000,0
2025-05|DIRECT|C00874,2025-05,direct,DIRECT,C00874,122000,1,122000,0
2025-05|DIRECT|C00891,2025-05,direct,DIRECT,C00891,312000,1,312000,0
2025-05|DIRECT|C00931,2025-05,direct,DIRECT,C00931,872000,1,872000,0
2025-05|DIRECT|C01027,2025-05,direct,DIRECT,C01027,27742,1,27742,0
2025-05|DIRECT|C01054,2025-05,direct,DIRECT,C01054,638400,1,638400,0
2025-05|DIRECT|C01074,2025-05,direct,DIRECT,C01074,588000,1,588000,0
2025-05|DIRECT|C01136,2025-05,direct,DIRECT,C01136,135000,1,135000,0
2025-05|DIRECT|C01204,2025-05,direct,DIRECT,C01204,113129,1,113129,0
2025-05|DIRECT|C01335,2025-05,direct,DIRECT,C01335,140000,1,140000,0
2025-05|DIRECT|C01439,2025-05,direct,DIRECT,C01439,247200,1,247200,0
2025-05|DIRECT|C01517,2025-05,direct,DIRECT,C01517,153581,1,153581,0
2025-05|DIRECT|C01613,2025-05,direct,DIRECT,C01613,279600,1,279600,0
2025-05|DIRECT|C01675,2025-05,direct,DIRECT,C01675,403000,1,403000,0
2025-05|DIRECT|C01697,2025-05,direct,DIRECT,C01697,235000,1,235000,0
2025-05|DIRECT|C01786,2025-05,direct,DIRECT,C01786,132000,1,132000,0
2025-05|DIRECT|C01791,2025-05,direct,DIRECT,C01791,318000,1,318000,0
2025-05|DIRECT|C01796,2025-05,direct,DIRECT,C01796,365000,1,365000,0
2025-05|DIRECT|C01828,2025-05,direct,DIRECT,C01828,261000,1,261000,0
2025-05|DIRECT|C01899,2025-05,direct,DIRECT,C01899,538000,1,538000,0
2025-05|DIRECT|C01997,2025-05,direct,DIRECT,C01997,288000,1,288000,0
2025-05|DIRECT|C02003,2025-05,direct,DIRECT,C02003,52839,1,52839,0
2025-05|DIRECT|C02022,2025-05,direct,DIRECT,C02022,346800,1,346800,0
2025-05|DIRECT|C02091,2025-05,direct,DIRECT,C02091,126000,1,126000,0
2025-05|DIRECT|C02154,2025-05,direct,DIRECT,C02154,766800,1,766800,0
2025-05|DIRECT|C02183,2025-05,direct,DIRECT,C02183,2296065,1,2296065,0
2025-05|DIRECT|C02184,2025-05,direct,DIRECT,C02184,66581,1,66581,0
2025-05|DIRECT|C02283,2025-05,direct,DIRECT,C02283,508200,2,508200,0
2025-05|DIRECT|C02288,2025-05,direct,DIRECT,C02288,552000,1,552000,0
2025-05|DIRECT|C02341,2025-05,direct,DIRECT,C02341,108000,1,108000,0
2025-05|DIRECT|C02348,2025-05,direct,DIRECT,C02348,109200,1,109200,0
2025-05|DIRECT|C02360,2025-05,direct,DIRECT,C02360,311000,1,311000,0
2025-05|DIRECT|C02429,2025-05,direct,DIRECT,C02429,225600,1,225600,0
2025-05|DIRECT|C02448,2025-05,direct,DIRECT,C02448,174000,1,174000,0
2025-05|DIRECT|C02506,2025-05,direct,DIRECT,C02506,304800,1,304800,0
2025-05|DIRECT|C02547,2025-05,direct,DIRECT,C02547,149265,1,149265,0
2025-05|DIRECT|C02555,2025-05,direct,DIRECT,C02555,63600,1,63600,0
2025-05|DIRECT|C02625,2025-05,direct,DIRECT,C02625,302903,1,302903,0
2025-05|DIRECT|C02647,2025-05,direct,DIRECT,C02647,131000,1,131000,0
2025-05|DIRECT|C02746,2025-05,direct,DIRECT,C02746,63000,1,63000,0
2025-05|DIRECT|C02783,2025-05,direct,DIRECT,C02783,391000,2,391000,0
2025-05|DIRECT|C02786,2025-05,direct,DIRECT,C02786,73000,1,73000,0
2025-05|DIRECT|C02861,2025-05,direct,DIRECT,C02861,340000,1,340000,0
2025-05|DIRECT|C02920,2025-05,direct,DIRECT,C02920,139006,1,139006,0
2025-05|DIRECT|C02972,2025-05,direct,DIRECT,C02972,100000,1,100000,0
2025-05|DIRECT|C03024,2025-05,direct,DIRECT,C03024,744000,1,744000,0
2025-05|DIRECT|C03065,2025-05,direct,DIRECT,C03065,387000,1,387000,0
2025-05|DIRECT|C03155,2025-05,direct,DIRECT,C03155,226800,1,226800,0
2025-05|DIRECT|C03228,2025-05,direct,DIRECT,C03228,244000,1,244000,0
2025-05|DIRECT|C03256,2025-05,direct,DIRECT,C03256,15329,1,15329,0
2025-05|DIRECT|C03260,2025-05,direct,DIRECT,C03260,75000,1,75000,0
2025-05|DIRECT|C03316,2025-05,direct,DIRECT,C03316,47000,1,47000,0
2025-05|DIRECT|C03331,2025-05,direct,DIRECT,C03331,122000,1,122000,0
2025-05|DIRECT|C03342,2025-05,direct,DIRECT,C03342,231000,1,231000,0
2025-05|DIRECT|C03353,2025-05,direct,DIRECT,C03353,660000,1,660000,0
2025-05|DIRECT|C03401,2025-05,direct,DIRECT,C03401,34839,1,34839,0
2025-05|DIRECT|C03418,2025-05,direct,DIRECT,C03418,202000,1,202000,0
2025-05|DIRECT|C03423,2025-05,direct,DIRECT,C03423,207000,1,207000,0
2025-05|DIRECT|C03444,2025-05,direct,DIRECT,C03444,163000,1,163000,0
2025-05|DIRECT|C03501,2025-05,direct,DIRECT,C03501,105000,1,105000,0
2025-05|DIRECT|C03575,2025-05,direct,DIRECT,C03575,528000,1,528000,0
2025-05|DIRECT|C03696,2025-05,direct,DIRECT,C03696,208800,1,208800,0
2025-05|DIRECT|C03768,2025-05,direct,DIRECT,C03768,98710,1,98710,0
2025-05|DIRECT|C03863,2025-05,direct,DIRECT,C03863,74903,1,74903,0
2025-05|DIRECT|C03949,2025-05,direct,DIRECT,C03949,112000,1,112000,0
2025-05|DIRECT|C03958,2025-05,direct,DIRECT,C03958,194000,1,194000,0
2025-05|DIRECT|C03970,2025-05,direct,DIRECT,C03970,92000,1,92000,0
2025-05|P1|,2025-05,partner,P1,,12470321,975,12470321,0
2025-05|P2|,2025-05,partner,P2,,6420201,518,6420201,0
2025-05|P3|,2025-05,partner,P3,,3122743,252,3122743,0
2025-06|DIRECT|C00050,2025-06,direct,DIRECT,C00050,207000,1,207000,0
2025-06|DIRECT|C00060,2025-06,direct,DIRECT,C00060,46900,1,46900,0
2025-06|DIRECT|C00129,2025-06,direct,DIRECT,C00129,157000,1,157000,0
2025-06|DIRECT|C00235,2025-06,direct,DIRECT,C00235,380400,1,380400,0
2025-06|DIRECT|C00304,2025-06,direct,DIRECT,C00304,129000,1,129000,0
2025-06|DIRECT|C00309,2025-06,direct,DIRECT,C00309,75000,1,75000,0
2025-06|DIRECT|C00315,2025-06,direct,DIRECT,C00315,256000,1,256000,0
2025-06|DIRECT|C00347,2025-06,direct,DIRECT,C00347,157000,1,157000,0
2025-06|DIRECT|C00360,2025-06,direct,DIRECT,C00360,240000,1,240000,0
2025-06|DIRECT|C00373,2025-06,direct,DIRECT,C00373,681600,1,681600,0
2025-06|DIRECT|C00464,2025-06,direct,DIRECT,C00464,273600,1,273600,0
2025-06|DIRECT|C00491,2025-06,direct,DIRECT,C00491,228000,1,228000,0
2025-06|DIRECT|C00494,2025-06,direct,DIRECT,C00494,189000,1,189000,0
2025-06|DIRECT|C00570,2025-06,direct,DIRECT,C00570,169440,1,169440,0
2025-06|DIRECT|C00614,2025-06,direct,DIRECT,C00614,103200,1,103200,0
2025-06|DIRECT|C00647,2025-06,direct,DIRECT,C00647,156000,1,156000,0
2025-06|DIRECT|C00696,2025-06,direct,DIRECT,C00696,192000,1,192000,0
2025-06|DIRECT|C00733,2025-06,direct,DIRECT,C00733,82000,1,82000,0
2025-06|DIRECT|C00791,2025-06,direct,DIRECT,C00791,549000,1,549000,0
2025-06|DIRECT|C00874,2025-06,direct,DIRECT,C00874,122000,1,122000,0
2025-06|DIRECT|C00891,2025-06,direct,DIRECT,C00891,312000,1,312000,0
2025-06|DIRECT|C00931,2025-06,direct,DIRECT,C00931,872000,1,872000,0
2025-06|DIRECT|C01027,2025-06,direct,DIRECT,C01027,86000,1,86000,0
2025-06|DIRECT|C01054,2025-06,direct,DIRECT,C01054,638400,1,638400,0
2025-06|DIRECT|C01074,2025-06,direct,DIRECT,C01074,588000,1,588000,0
2025-06|DIRECT|C01136,2025-06,direct,DIRECT,C01136,135000,1,135000,0
2025-06|DIRECT|C01204,2025-06,direct,DIRECT,C01204,167000,1,167000,0
2025-06|DIRECT|C01335,2025-06,direct,DIRECT,C01335,140000,1,140000,0
2025-06|DIRECT|C01352,2025-06,direct,DIRECT,C01352,19440,1,19440,0
2025-06|DIRECT|C01439,2025-06,direct,DIRECT,C01439,247200,1,247200,0
2025-06|DIRECT|C01517,2025-06,direct,DIRECT,C01517,207000,1,207000,0
2025-06|DIRECT|C01613,2025-06,direct,DIRECT,C01613,279600,1,279600,0
2025-06|DIRECT|C01675,2025-06,direct,DIRECT,C01675,403000,1,403000,0
2025-06|DIRECT|C01697,2025-06,direct,DIRECT,C01697,235000,1,235000,0
2025-06|DIRECT|C01786,2025-06,direct,DIRECT,C01786,132000,1,132000,0
2025-06|DIRECT|C01791,2025-06,direct,DIRECT,C01791,318000,1,318000,0
2025-06|DIRECT|C01796,2025-06,direct,DIRECT,C01796,365000,1,365000,0
2025-06|DIRECT|C01828,2025-06,direct,DIRECT,C01828,261000,1,261000,0
2025-06|DIRECT|C01899,2025-06,direct,DIRECT,C01899,538000,1,538000,0
2025-06|DIRECT|C01943,2025-06,direct,DIRECT,C01943,680400,1,680400,0
2025-06|DIRECT|C01974,2025-06,direct,DIRECT,C01974,136800,1,136800,0
2025-06|DIRECT|C01997,2025-06,direct,DIRECT,C01997,288000,1,288000,0
2025-06|DIRECT|C02003,2025-06,direct,DIRECT,C02003,234000,1,234000,0
2025-06|DIRECT|C02019,2025-06,direct,DIRECT,C02019,34400,1,34400,0
2025-06|DIRECT|C02022,2025-06,direct,DIRECT,C02022,346800,1,346800,0
2025-06|DIRECT|C02091,2025-06,direct,DIRECT,C02091,126000,1,126000,0
2025-06|DIRECT|C02154,2025-06,direct,DIRECT,C02154,766800,1,766800,0
2025-06|DIRECT|C02183,2025-06,direct,DIRECT,C02183,2364000,1,2364000,0
2025-06|DIRECT|C02184,2025-06,direct,DIRECT,C02184,129000,1,129000,0
2025-06|DIRECT|C02210,2025-06,direct,DIRECT,C02210,67200,1,67200,0
2025-06|DIRECT|C02283,2025-06,direct,DIRECT,C02283,508200,2,508200,0
2025-06|DIRECT|C02288,2025-06,direct,DIRECT,C02288,552000,1,552000,0
2025-06|DIRECT|C02341,2025-06,direct,DIRECT,C02341,108000,1,108000,0
2025-06|DIRECT|C02348,2025-06,direct,DIRECT,C02348,109200,1,109200,0
2025-06|DIRECT|C02360,2025-06,direct,DIRECT,C02360,311000,1,311000,0
2025-06|DIRECT|C02429,2025-06,direct,DIRECT,C02429,225600,1,225600,0
2025-06|DIRECT|C02448,2025-06,direct,DIRECT,C02448,174000,1,174000,0
2025-06|DIRECT|C02506,2025-06,direct,DIRECT,C02506,304800,1,304800,0
2025-06|DIRECT|C02547,2025-06,direct,DIRECT,C02547,187200,1,187200,0
2025-06|DIRECT|C02555,2025-06,direct,DIRECT,C02555,63600,1,63600,0
2025-06|DIRECT|C02625,2025-06,direct,DIRECT,C02625,356333,1,356333,0
2025-06|DIRECT|C02647,2025-06,direct,DIRECT,C02647,131000,1,131000,0
2025-06|DIRECT|C02746,2025-06,direct,DIRECT,C02746,63000,1,63000,0
2025-06|DIRECT|C02783,2025-06,direct,DIRECT,C02783,391000,2,391000,0
2025-06|DIRECT|C02786,2025-06,direct,DIRECT,C02786,73000,1,73000,0
2025-06|DIRECT|C02837,2025-06,direct,DIRECT,C02837,110400,1,110400,0
2025-06|DIRECT|C02861,2025-06,direct,DIRECT,C02861,340000,1,340000,0
2025-06|DIRECT|C02920,2025-06,direct,DIRECT,C02920,205200,1,205200,0
2025-06|DIRECT|C02937,2025-06,direct,DIRECT,C02937,196000,1,196000,0
2025-06|DIRECT|C02972,2025-06,direct,DIRECT,C02972,100000,1,100000,0
2025-06|DIRECT|C03024,2025-06,direct,DIRECT,C03024,744000,1,744000,0
2025-06|DIRECT|C03065,2025-06,direct,DIRECT,C03065,387000,1,387000,0
2025-06|DIRECT|C03155,2025-06,direct,DIRECT,C03155,226800,1,226800,0
2025-06|DIRECT|C03227,2025-06,direct,DIRECT,C03227,94480,1,94480,0
2025-06|DIRECT|C03228,2025-06,direct,DIRECT,C03228,244000,1,244000,0
2025-06|DIRECT|C03256,2025-06,direct,DIRECT,C03256,237600,1,237600,0
2025-06|DIRECT|C03260,2025-06,direct,DIRECT,C03260,75000,1,75000,0
2025-06|DIRECT|C03316,2025-06,direct,DIRECT,C03316,47000,1,47000,0
2025-06|DIRECT|C03331,2025-06,direct,DIRECT,C03331,122000,1,122000,0
2025-06|DIRECT|C03342,2025-06,direct,DIRECT,C03342,231000,1,231000,0
2025-06|DIRECT|C03353,2025-06,direct,DIRECT,C03353,660000,1,660000,0
2025-06|DIRECT|C03401,2025-06,direct,DIRECT,C03401,120000,1,120000,0
2025-06|DIRECT|C03418,2025-06,direct,DIRECT,C03418,202000,1,202000,0
2025-06|DIRECT|C03423,2025-06,direct,DIRECT,C03423,207000,1,207000,0
2025-06|DIRECT|C03444,2025-06,direct,DIRECT,C03444,163000,1,163000,0
2025-06|DIRECT|C03501,2025-06,direct,DIRECT,C03501,105000,1,105000,0
2025-06|DIRECT|C03575,2025-06,direct,DIRECT,C03575,528000,1,528000,0
2025-06|DIRECT|C03625,2025-06,direct,DIRECT,C03625,52867,1,52867,0
2025-06|DIRECT|C03696,2025-06,direct,DIRECT,C03696,208800,1,208800,0
2025-06|DIRECT|C03768,2025-06,direct,DIRECT,C03768,765000,1,765000,0
2025-06|DIRECT|C03863,2025-06,direct,DIRECT,C03863,86000,1,86000,0
2025-06|DIRECT|C03949,2025-06,direct,DIRECT,C03949,112000,1,112000,0
2025-06|DIRECT|C03958,2025-06,direct,DIRECT,C03958,194000,1,194000,0
2025-06|DIRECT|C03970,2025-06,direct,DIRECT,C03970,92000,1,92000,0
2025-06|P1|,2025-06,partner,P1,,13568831,1075,13568831,0
2025-06|P2|,2025-06,partner,P2,,7067534,568,7067534,0
2025-06|P3|,2025-06,partner,P3,,3291954,276,3291954,0
2025-07|DIRECT|C00050,2025-07,direct,DIRECT,C00050,207000,1,207000,0
2025-07|DIRECT|C00060,2025-07,direct,DIRECT,C00060,469000,1,469000,0
2025-07|DIRECT|C00129,2025-07,direct,DIRECT,C00129,157000,1,157000,0
2025-07|DIRECT|C00235,2025-07,direct,DIRECT,C00235,387000,1,387000,0
2025-07|DIRECT|C00304,2025-07,direct,DIRECT,C00304,129000,1,129000,0
2025-07|DIRECT|C00309,2025-07,direct,DIRECT,C00309,75000,1,75000,0
2025-07|DIRECT|C00315,2025-07,direct,DIRECT,C00315,256000,1,256000,0
2025-07|DIRECT|C00347,2025-07,direct,DIRECT,C00347,157000,1,157000,0
2025-07|DIRECT|C00360,2025-07,direct,DIRECT,C00360,240000,1,240000,0
2025-07|DIRECT|C00373,2025-07,direct,DIRECT,C00373,681600,1,681600,0
2025-07|DIRECT|C00464,2025-07,direct,DIRECT,C00464,273600,1,273600,0
2025-07|DIRECT|C00491,2025-07,direct,DIRECT,C00491,228000,1,228000,0
2025-07|DIRECT|C00494,2025-07,direct,DIRECT,C00494,189000,1,189000,0
2025-07|DIRECT|C00570,2025-07,direct,DIRECT,C00570,127200,1,127200,0
2025-07|DIRECT|C00614,2025-07,direct,DIRECT,C00614,112000,1,112000,0
2025-07|DIRECT|C00647,2025-07,direct,DIRECT,C00647,156000,1,156000,0
2025-07|DIRECT|C00696,2025-07,direct,DIRECT,C00696,192000,1,192000,0
2025-07|DIRECT|C00733,2025-07,direct,DIRECT,C00733,82000,1,82000,0
2025-07|DIRECT|C00788,2025-07,direct,DIRECT,C00788,46968,1,46968,0
2025-07|DIRECT|C00791,2025-07,direct,DIRECT,C00791,549000,1,549000,0
2025-07|DIRECT|C00874,2025-07,direct,DIRECT,C00874,122000,1,122000,0
2025-07|DIRECT|C00891,2025-07,direct,DIRECT,C00891,312000,1,312000,0
2025-07|DIRECT|C00931,2025-07,direct,DIRECT,C00931,872000,1,872000,0
2025-07|DIRECT|C01027,2025-07,direct,DIRECT,C01027,86000,1,86000,0
2025-07|DIRECT|C01054,2025-07,direct,DIRECT,C01054,638400,1,638400,0
2025-07|DIRECT|C01074,2025-07,direct,DIRECT,C01074,588000,1,588000,0
2025-07|DIRECT|C01136,2025-07,direct,DIRECT,C01136,135000,1,135000,0
2025-07|DIRECT|C01204,2025-07,direct,DIRECT,C01204,167000,1,167000,0
2025-07|DIRECT|C01335,2025-07,direct,DIRECT,C01335,140000,1,140000,0
2025-07|DIRECT|C01352,2025-07,direct,DIRECT,C01352,583200,1,583200,0
2025-07|DIRECT|C01439,2025-07,direct,DIRECT,C01439,247200,1,247200,0
2025-07|DIRECT|C01517,2025-07,direct,DIRECT,C01517,207000,1,207000,0
2025-07|DIRECT|C01613,2025-07,direct,DIRECT,C01613,279600,1,279600,0
2025-07|DIRECT|C01675,2025-07,direct,DIRECT,C01675,403000,1,403000,0
2025-07|DIRECT|C01697,2025-07,direct,DIRECT,C01697,235000,1,235000,0
2025-07|DIRECT|C01786,2025-07,direct,DIRECT,C01786,132000,1,132000,0
2025-07|DIRECT|C01791,2025-07,direct,DIRECT,C01791,318000,1,318000,0
2025-07|DIRECT|C01796,2025-07,direct,DIRECT,C01796,365000,1,365000,0
2025-07|DIRECT|C01828,2025-07,direct,DIRECT,C01828,261000,1,261000,0
2025-07|DIRECT|C01872,2025-07,direct,DIRECT,C01872,34219,1,34219,0
2025-07|DIRECT|C01899,2025-07,direct,DIRECT,C01899,538000,1,538000,0
2025-07|DIRECT|C01943,2025-07,direct,DIRECT,C01943,972000,1,972000,0
2025-07|DIRECT|C01952,2025-07,direct,DIRECT,C01952,69355,1,69355,0
2025-07|DIRECT|C01974,2025-07,direct,DIRECT,C01974,171000,1,171000,0
2025-07|DIRECT|C01997,2025-07,direct,DIRECT,C01997,288000,1,288000,0
2025-07|DIRECT|C02003,2025-07,direct,DIRECT,C02003,234000,1,234000,0
2025-07|DIRECT|C02019,2025-07,direct,DIRECT,C02019,258000,1,258000,0
2025-07|DIRECT|C02022,2025-07,direct,DIRECT,C02022,346800,1,346800,0
2025-07|DIRECT|C02051,2025-07,direct,DIRECT,C02051,16032,1,16032,0
2025-07|DIRECT|C02091,2025-07,direct,DIRECT,C02091,126000,1,126000,0
2025-07|DIRECT|C02154,2025-07,direct,DIRECT,C02154,766800,1,766800,0
2025-07|DIRECT|C02183,2025-07,direct,DIRECT,C02183,2364000,1,2364000,0
2025-07|DIRECT|C02184,2025-07,direct,DIRECT,C02184,129000,1,129000,0
2025-07|DIRECT|C02210,2025-07,direct,DIRECT,C02210,168000,1,168000,0
2025-07|DIRECT|C02233,2025-07,direct,DIRECT,C02233,23613,1,23613,0
2025-07|DIRECT|C02283,2025-07,direct,DIRECT,C02283,508200,2,508200,0
2025-07|DIRECT|C02288,2025-07,direct,DIRECT,C02288,552000,1,552000,0
2025-07|DIRECT|C02341,2025-07,direct,DIRECT,C02341,108000,1,108000,0
2025-07|DIRECT|C02348,2025-07,direct,DIRECT,C02348,109200,1,109200,0
2025-07|DIRECT|C02360,2025-07,direct,DIRECT,C02360,311000,1,311000,0
2025-07|DIRECT|C02429,2025-07,direct,DIRECT,C02429,225600,1,225600,0
2025-07|DIRECT|C02448,2025-07,direct,DIRECT,C02448,164129,1,164129,0
2025-07|DIRECT|C02492,2025-07,direct,DIRECT,C02492,234194,1,234194,0
2025-07|DIRECT|C02506,2025-07,direct,DIRECT,C02506,304800,1,304800,0
2025-07|DIRECT|C02547,2025-07,direct,DIRECT,C02547,187200,1,187200,0
2025-07|DIRECT|C02555,2025-07,direct,DIRECT,C02555,63600,1,63600,0
2025-07|DIRECT|C02625,2025-07,direct,DIRECT,C02625,363000,1,363000,0
2025-07|DIRECT|C02647,2025-07,direct,DIRECT,C02647,131000,1,131000,0
2025-07|DIRECT|C02746,2025-07,direct,DIRECT,C02746,64258,1,64258,0
2025-07|DIRECT|C02783,2025-07,direct,DIRECT,C02783,391000,2,391000,0
2025-07|DIRECT|C02786,2025-07,direct,DIRECT,C02786,63581,1,63581,0
2025-07|DIRECT|C02837,2025-07,direct,DIRECT,C02837,359265,2,359265,0
2025-07|DIRECT|C02861,2025-07,direct,DIRECT,C02861,340000,1,340000,0
2025-07|DIRECT|C02920,2025-07,direct,DIRECT,C02920,205200,1,205200,0
2025-07|DIRECT|C02937,2025-07,direct,DIRECT,C02937,196000,1,196000,0
2025-07|DIRECT|C02972,2025-07,direct,DIRECT,C02972,100000,1,100000,0
2025-07|DIRECT|C03024,2025-07,direct,DIRECT,C03024,744000,1,744000,0
2025-07|DIRECT|C03065,2025-07,direct,DIRECT,C03065,387000,1,387000,0
2025-07|DIRECT|C03155,2025-07,direct,DIRECT,C03155,226800,1,226800,0
2025-07|DIRECT|C03209,2025-07,direct,DIRECT,C03209,185000,1,185000,0
2025-07|DIRECT|C03227,2025-07,direct,DIRECT,C03227,124800,1,124800,0
2025-07|DIRECT|C03228,2025-07,direct,DIRECT,C03228,244000,1,244000,0
2025-07|DIRECT|C03256,2025-07,direct,DIRECT,C03256,237600,1,237600,0
2025-07|DIRECT|C03260,2025-07,direct,DIRECT,C03260,75000,1,75000,0
2025-07|DIRECT|C03316,2025-07,direct,DIRECT,C03316,47000,1,47000,0
2025-07|DIRECT|C03331,2025-07,direct,DIRECT,C03331,122000,1,122000,0
2025-07|DIRECT|C03342,2025-07,direct,DIRECT,C03342,231000,1,231000,0
2025-07|DIRECT|C03353,2025-07,direct,DIRECT,C03353,660000,1,660000,0
2025-07|DIRECT|C03401,2025-07,direct,DIRECT,C03401,120000,1,120000,0
2025-07|DIRECT|C03418,2025-07,direct,DIRECT,C03418,202000,1,202000,0
2025-07|DIRECT|C03423,2025-07,direct,DIRECT,C03423,207000,1,207000,0
2025-07|DIRECT|C03444,2025-07,direct,DIRECT,C03444,163000,1,163000,0
2025-07|DIRECT|C03501,2025-07,direct,DIRECT,C03501,105000,1,105000,0
2025-07|DIRECT|C03575,2025-07,direct,DIRECT,C03575,534032,1,534032,0
2025-07|DIRECT|C03625,2025-07,direct,DIRECT,C03625,122000,1,122000,0
2025-07|DIRECT|C03674,2025-07,direct,DIRECT,C03674,193084,1,193084,0
2025-07|DIRECT|C03696,2025-07,direct,DIRECT,C03696,208800,1,208800,0
2025-07|DIRECT|C03768,2025-07,direct,DIRECT,C03768,765000,1,765000,0
2025-07|DIRECT|C03863,2025-07,direct,DIRECT,C03863,86000,1,86000,0
2025-07|DIRECT|C03949,2025-07,direct,DIRECT,C03949,112000,1,112000,0
2025-07|DIRECT|C03958,2025-07,direct,DIRECT,C03958,194000,1,194000,0
2025-07|DIRECT|C03970,2025-07,direct,DIRECT,C03970,92000,1,92000,0
2025-07|P1|,2025-07,partner,P1,,14965128,1176,14965128,0
2025-07|P2|,2025-07,partner,P2,,7599758,608,7599758,0
2025-07|P3|,2025-07,partner,P3,,3593596,300,3593596,0
2025-08|DIRECT|C00050,2025-08,direct,DIRECT,C00050,207000,1,207000,0
2025-08|DIRECT|C00060,2025-08,direct,DIRECT,C00060,469000,1,469000,0
2025-08|DIRECT|C00129,2025-08,direct,DIRECT,C00129,157000,1,157000,0
2025-08|DIRECT|C00222,2025-08,direct,DIRECT,C00222,168677,1,168677,0
2025-08|DIRECT|C00235,2025-08,direct,DIRECT,C00235,387000,1,387000,0
2025-08|DIRECT|C00304,2025-08,direct,DIRECT,C00304,129000,1,129000,0
2025-08|DIRECT|C00309,2025-08,direct,DIRECT,C00309,75000,1,75000,0
2025-08|DIRECT|C00315,2025-08,direct,DIRECT,C00315,256000,1,256000,0
2025-08|DIRECT|C00347,2025-08,direct,DIRECT,C00347,157000,1,157000,0
2025-08|DIRECT|C00360,2025-08,direct,DIRECT,C00360,240000,1,240000,0
2025-08|DIRECT|C00373,2025-08,direct,DIRECT,C00373,681600,1,681600,0
2025-08|DIRECT|C00464,2025-08,direct,DIRECT,C00464,209187,1,209187,0
2025-08|DIRECT|C00491,2025-08,direct,DIRECT,C00491,228000,1,228000,0
2025-08|DIRECT|C00494,2025-08,direct,DIRECT,C00494,189000,1,189000,0
2025-08|DIRECT|C00570,2025-08,direct,DIRECT,C00570,127200,1,127200,0
2025-08|DIRECT|C00614,2025-08,direct,DIRECT,C00614,120129,1,120129,0
2025-08|DIRECT|C00647,2025-08,direct,DIRECT,C00647,156000,1,156000,0
2025-08|DIRECT|C00696,2025-08,direct,DIRECT,C00696,192000,1,192000,0
2025-08|DIRECT|C00733,2025-08,direct,DIRECT,C00733,82000,1,82000,0
2025-08|DIRECT|C00751,2025-08,direct,DIRECT,C00751,303484,1,303484,0
2025-08|DIRECT|C00788,2025-08,direct,DIRECT,C00788,112000,1,112000,0
2025-08|DIRECT|C00791,2025-08,direct,DIRECT,C00791,549000,1,549000,0
2025-08|DIRECT|C00874,2025-08,direct,DIRECT,C00874,122000,1,122000,0
2025-08|DIRECT|C00891,2025-08,direct,DIRECT,C00891,312000,1,312000,0
2025-08|DIRECT|C00931,2025-08,direct,DIRECT,C00931,872000,1,872000,0
2025-08|DIRECT|C01027,2025-08,direct,DIRECT,C01027,86000,1,86000,0
2025-08|DIRECT|C01054,2025-08,direct,DIRECT,C01054,638400,1,638400,0
2025-08|DIRECT|C01074,2025-08,direct,DIRECT,C01074,588000,1,588000,0
2025-08|DIRECT|C01136,2025-08,direct,DIRECT,C01136,135000,1,135000,0
2025-08|DIRECT|C01204,2025-08,direct,DIRECT,C01204,167000,1,167000,0
2025-08|DIRECT|C01264,2025-08,direct,DIRECT,C01264,94297,1,94297,0
2025-08|DIRECT|C01335,2025-08,direct,DIRECT,C01335,140000,1,140000,0
2025-08|DIRECT|C01352,2025-08,direct,DIRECT,C01352,583200,1,583200,0
2025-08|DIRECT|C01439,2025-08,direct,DIRECT,C01439,145006,1,145006,0
2025-08|DIRECT|C01517,2025-08,direct,DIRECT,C01517,207000,1,207000,0
2025-08|DIRECT|C01613,2025-08,direct,DIRECT,C01613,279600,1,279600,0
2025-08|DIRECT|C01675,2025-08,direct,DIRECT,C01675,403000,1,403000,0
2025-08|DIRECT|C01697,2025-08,direct,DIRECT,C01697,235000,1,235000,0
2025-08|DIRECT|C01786,2025-08,direct,DIRECT,C01786,132000,1,132000,0
2025-08|DIRECT|C01791,2025-08,direct,DIRECT,C01791,318000,1,318000,0
2025-08|DIRECT|C01796,2025-08,direct,DIRECT,C01796,365000,1,365000,0
2025-08|DIRECT|C01828,2025-08,direct,DIRECT,C01828,261000,1,261000,0
2025-08|DIRECT|C01872,2025-08,direct,DIRECT,C01872,40800,1,40800,0
2025-08|DIRECT|C01899,2025-08,direct,DIRECT,C01899,538000,1,538000,0
2025-08|DIRECT|C01943,2025-08,direct,DIRECT,C01943,972000,1,972000,0
2025-08|DIRECT|C01952,2025-08,direct,DIRECT,C01952,86000,1,86000,0
2025-08|DIRECT|C01954,2025-08,direct,DIRECT,C01954,210581,1,210581,0
2025-08|DIRECT|C01974,2025-08,direct,DIRECT,C01974,171000,1,171000,0
2025-08|DIRECT|C01997,2025-08,direct,DIRECT,C01997,288000,1,288000,0
2025-08|DIRECT|C02003,2025-08,direct,DIRECT,C02003,234000,1,234000,0
2025-08|DIRECT|C02019,2025-08,direct,DIRECT,C02019,258000,1,258000,0
2025-08|DIRECT|C02022,2025-08,direct,DIRECT,C02022,346800,1,346800,0
2025-08|DIRECT|C02051,2025-08,direct,DIRECT,C02051,497000,1,497000,0
2025-08|DIRECT|C02091,2025-08,direct,DIRECT,C02091,126000,1,126000,0
2025-08|DIRECT|C02154,2025-08,direct,DIRECT,C02154,766800,1,766800,0
2025-08|DIRECT|C02183,2025-08,direct,DIRECT,C02183,2364000,1,2364000,0
2025-08|DIRECT|C02184,2025-08,direct,DIRECT,C02184,129000,1,129000,0
2025-08|DIRECT|C02210,2025-08,direct,DIRECT,C02210,168000,1,168000,0
2025-08|DIRECT|C02233,2025-08,direct,DIRECT,C02233,183000,1,183000,0
2025-08|DIRECT|C02283,2025-08,direct,DIRECT,C02283,508200,2,508200,0
2025-08|DIRECT|C02288,2025-08,direct,DIRECT,C02288,552000,1,552000,0
2025-08|DIRECT|C02341,2025-08,direct,DIRECT,C02341,108000,1,108000,0
2025-08|DIRECT|C02348,2025-08,direct,DIRECT,C02348,109200,1,109200,0
2025-08|DIRECT|C02360,2025-08,direct,DIRECT,C02360,311000,1,311000,0
2025-08|DIRECT|C02391,2025-08,direct,DIRECT,C02391,57600,1,57600,0
2025-08|DIRECT|C02429,2025-08,direct,DIRECT,C02429,225600,1,225600,0
2025-08|DIRECT|C02448,2025-08,direct,DIRECT,C02448,140000,1,140000,0
2025-08|DIRECT|C02492,2025-08,direct,DIRECT,C02492,290400,1,290400,0
2025-08|DIRECT|C02506,2025-08,direct,DIRECT,C02506,304800,1,304800,0
2025-08|DIRECT|C02547,2025-08,direct,DIRECT,C02547,187200,1,187200,0
2025-08|DIRECT|C02555,2025-08,direct,DIRECT,C02555,63600,1,63600,0
2025-08|DIRECT|C02580,2025-08,direct,DIRECT,C02580,52839,1,52839,0
2025-08|DIRECT|C02625,2025-08,direct,DIRECT,C02625,363000,1,363000,0
2025-08|DIRECT|C02647,2025-08,direct,DIRECT,C02647,131000,1,131000,0
2025-08|DIRECT|C02746,2025-08,direct,DIRECT,C02746,76000,1,76000,0
2025-08|DIRECT|C02783,2025-08,direct,DIRECT,C02783,391000,2,391000,0
2025-08|DIRECT|C02837,2025-08,direct,DIRECT,C02837,505200,2,505200,0
2025-08|DIRECT|C02861,2025-08,direct,DIRECT,C02861,340000,1,340000,0
2025-08|DIRECT|C02920,2025-08,direct,DIRECT,C02920,205200,1,205200,0
2025-08|DIRECT|C02937,2025-08,direct,DIRECT,C02937,196000,1,196000,0
2025-08|DIRECT|C02972,2025-08,direct,DIRECT,C02972,100000,1,100000,0
2025-08|DIRECT|C03007,2025-08,direct,DIRECT,C03007,51935,1,51935,0
2025-08|DIRECT|C03024,2025-08,direct,DIRECT,C03024,744000,1,744000,0
2025-08|DIRECT|C03065,2025-08,direct,DIRECT,C03065,387000,1,387000,0
2025-08|DIRECT|C03155,2025-08,direct,DIRECT,C03155,220452,1,220452,0
2025-08|DIRECT|C03209,2025-08,direct,DIRECT,C03209,185000,1,185000,0
2025-08|DIRECT|C03227,2025-08,direct,DIRECT,C03227,124800,1,124800,0
2025-08|DIRECT|C03228,2025-08,direct,DIRECT,C03228,244000,1,244000,0
2025-08|DIRECT|C03256,2025-08,direct,DIRECT,C03256,237600,1,237600,0
2025-08|DIRECT|C03260,2025-08,direct,DIRECT,C03260,75000,1,75000,0
2025-08|DIRECT|C03316,2025-08,direct,DIRECT,C03316,47000,1,47000,0
2025-08|DIRECT|C03331,2025-08,direct,DIRECT,C03331,122000,1,122000,0
2025-08|DIRECT|C03342,2025-08,direct,DIRECT,C03342,231000,1,231000,0
2025-08|DIRECT|C03353,2025-08,direct,DIRECT,C03353,660000,1,660000,0
2025-08|DIRECT|C03401,2025-08,direct,DIRECT,C03401,120000,1,120000,0
2025-08|DIRECT|C03418,2025-08,direct,DIRECT,C03418,202000,1,202000,0
2025-08|DIRECT|C03423,2025-08,direct,DIRECT,C03423,207000,1,207000,0
2025-08|DIRECT|C03444,2025-08,direct,DIRECT,C03444,163000,1,163000,0
2025-08|DIRECT|C03471,2025-08,direct,DIRECT,C03471,52742,1,52742,0
2025-08|DIRECT|C03501,2025-08,direct,DIRECT,C03501,105000,1,105000,0
2025-08|DIRECT|C03575,2025-08,direct,DIRECT,C03575,715000,1,715000,0
2025-08|DIRECT|C03625,2025-08,direct,DIRECT,C03625,122000,1,122000,0
2025-08|DIRECT|C03674,2025-08,direct,DIRECT,C03674,206400,1,206400,0
2025-08|DIRECT|C03695,2025-08,direct,DIRECT,C03695,170090,1,170090,0
2025-08|DIRECT|C03696,2025-08,direct,DIRECT,C03696,208800,1,208800,0
2025-08|DIRECT|C03768,2025-08,direct,DIRECT,C03768,765000,1,765000,0
2025-08|DIRECT|C03803,2025-08,direct,DIRECT,C03803,327935,1,327935,0
2025-08|DIRECT|C03863,2025-08,direct,DIRECT,C03863,86000,1,86000,0
2025-08|DIRECT|C03949,2025-08,direct,DIRECT,C03949,112000,1,112000,0
2025-08|DIRECT|C03958,2025-08,direct,DIRECT,C03958,194000,1,194000,0
2025-08|DIRECT|C03970,2025-08,direct,DIRECT,C03970,92000,1,92000,0
2025-08|P1|,2025-08,partner,P1,,15857748,1251,15857748,0
2025-08|P2|,2025-08,partner,P2,,8348690,671,8348690,0
2025-08|P3|,2025-08,partner,P3,,3987866,322,3987866,0
2025-09|DIRECT|C00050,2025-09,direct,DIRECT,C00050,207000,1,207000,0
2025-09|DIRECT|C00060,2025-09,direct,DIRECT,C00060,469000,1,469000,0
2025-09|DIRECT|C00129,2025-09,direct,DIRECT,C00129,157000,1,157000,0
2025-09|DIRECT|C00222,2025-09,direct,DIRECT,C00222,249000,1,249000,0
2025-09|DIRECT|C00235,2025-09,direct,DIRECT,C00235,387000,1,387000,0
2025-09|DIRECT|C00304,2025-09,direct,DIRECT,C00304,129000,1,129000,0
2025-09|DIRECT|C00309,2025-09,direct,DIRECT,C00309,75000,1,75000,0
2025-09|DIRECT|C00315,2025-09,direct,DIRECT,C00315,256000,1,256000,0
2025-09|DIRECT|C00347,2025-09,direct,DIRECT,C00347,157000,1,157000,0
2025-09|DIRECT|C00360,2025-09,direct,DIRECT,C00360,240000,1,240000,0
2025-09|DIRECT|C00373,2025-09,direct,DIRECT,C00373,681600,1,681600,0
2025-09|DIRECT|C00423,2025-09,direct,DIRECT,C00423,134500,1,134500,0
2025-09|DIRECT|C00464,2025-09,direct,DIRECT,C00464,196800,1,196800,0
2025-09|DIRECT|C00491,2025-09,direct,DIRECT,C00491,228000,1,228000,0
2025-09|DIRECT|C00494,2025-09,direct,DIRECT,C00494,189000,1,189000,0
2025-09|DIRECT|C00570,2025-09,direct,DIRECT,C00570,127200,1,127200,0
2025-09|DIRECT|C00614,2025-09,direct,DIRECT,C00614,140000,1,140000,0
2025-09|DIRECT|C00647,2025-09,direct,DIRECT,C00647,156000,1,156000,0
2025-09|DIRECT|C00696,2025-09,direct,DIRECT,C00696,192000,1,192000,0
2025-09|DIRECT|C00733,2025-09,direct,DIRECT,C00733,82000,1,82000,0
2025-09|DIRECT|C00751,2025-09,direct,DIRECT,C00751,866400,1,866400,0
2025-09|DIRECT|C00788,2025-09,direct,DIRECT,C00788,112000,1,112000,0
2025-09|DIRECT|C00791,2025-09,direct,DIRECT,C00791,549000,1,549000,0
2025-09|DIRECT|C00874,2025-09,direct,DIRECT,C00874,122000,1,122000,0
2025-09|DIRECT|C00891,2025-09,direct,DIRECT,C00891,312000,1,312000,0
2025-09|DIRECT|C00931,2025-09,direct,DIRECT,C00931,872000,1,872000,0
2025-09|DIRECT|C01027,2025-09,direct,DIRECT,C01027,86000,1,86000,0
2025-09|DIRECT|C01054,2025-09,direct,DIRECT,C01054,638400,1,638400,0
2025-09|DIRECT|C01074,2025-09,direct,DIRECT,C01074,588000,1,588000,0
2025-09|DIRECT|C01136,2025-09,direct,DIRECT,C01136,135000,1,135000,0
2025-09|DIRECT|C01137,2025-09,direct,DIRECT,C01137,95333,1,95333,0
2025-09|DIRECT|C01204,2025-09,direct,DIRECT,C01204,167000,1,167000,0
2025-09|DIRECT|C01264,2025-09,direct,DIRECT,C01264,104400,1,104400,0
2025-09|DIRECT|C01335,2025-09,direct,DIRECT,C01335,140000,1,140000,0
2025-09|DIRECT|C01352,2025-09,direct,DIRECT,C01352,583200,1,583200,0
2025-09|DIRECT|C01439,2025-09,direct,DIRECT,C01439,115200,1,115200,0
2025-09|DIRECT|C01517,2025-09,direct,DIRECT,C01517,207000,1,207000,0
2025-09|DIRECT|C01613,2025-09,direct,DIRECT,C01613,279600,1,279600,0
2025-09|DIRECT|C01675,2025-09,direct,DIRECT,C01675,403000,1,403000,0
2025-09|DIRECT|C01697,2025-09,direct,DIRECT,C01697,235000,1,235000,0
2025-09|DIRECT|C01786,2025-09,direct,DIRECT,C01786,132000,1,132000,0
2025-09|DIRECT|C01791,2025-09,direct,DIRECT,C01791,318000,1,318000,0
2025-09|DIRECT|C01796,2025-09,direct,DIRECT,C01796,365000,1,365000,0
2025-09|DIRECT|C01828,2025-09,direct,DIRECT,C01828,261000,1,261000,0
2025-09|DIRECT|C01872,2025-09,direct,DIRECT,C01872,32800,1,32800,0
2025-09|DIRECT|C01899,2025-09,direct,DIRECT,C01899,538000,1,538000,0
2025-09|DIRECT|C01943,2025-09,direct,DIRECT,C01943,972000,1,972000,0
2025-09|DIRECT|C01952,2025-09,direct,DIRECT,C01952,86000,1,86000,0
2025-09|DIRECT|C01954,2025-09,direct,DIRECT,C01954,312100,2,312100,0
2025-09|DIRECT|C01974,2025-09,direct,DIRECT,C01974,171000,1,171000,0
2025-09|DIRECT|C01997,2025-09,direct,DIRECT,C01997,288000,1,288000,0
2025-09|DIRECT|C02003,2025-09,direct,DIRECT,C02003,234000,1,234000,0
2025-09|DIRECT|C02019,2025-09,direct,DIRECT,C02019,258000,1,258000,0
2025-09|DIRECT|C02022,2025-09,direct,DIRECT,C02022,346800,1,346800,0
2025-09|DIRECT|C02051,2025-09,direct,DIRECT,C02051,497000,1,497000,0
2025-09|DIRECT|C02091,2025-09,direct,DIRECT,C02091,126000,1,126000,0
2025-09|DIRECT|C02154,2025-09,direct,DIRECT,C02154,766800,1,766800,0
2025-09|DIRECT|C02183,2025-09,direct,DIRECT,C02183,2364000,1,2364000,0
2025-09|DIRECT|C02184,2025-09,direct,DIRECT,C02184,129000,1,129000,0
2025-09|DIRECT|C02210,2025-09,direct,DIRECT,C02210,168000,1,168000,0
2025-09|DIRECT|C02222,2025-09,direct,DIRECT,C02222,105400,1,105400,0
2025-09|DIRECT|C02233,2025-09,direct,DIRECT,C02233,183000,1,183000,0
2025-09|DIRECT|C02260,2025-09,direct,DIRECT,C02260,175200,1,175200,0
2025-09|DIRECT|C02283,2025-09,direct,DIRECT,C02283,508200,2,508200,0
2025-09|DIRECT|C02288,2025-09,direct,DIRECT,C02288,552000,1,552000,0
2025-09|DIRECT|C02341,2025-09,direct,DIRECT,C02341,91680,1,91680,0
2025-09|DIRECT|C02348,2025-09,direct,DIRECT,C02348,128640,1,128640,0
2025-09|DIRECT|C02360,2025-09,direct,DIRECT,C02360,311000,1,311000,0
2025-09|DIRECT|C02391,2025-09,direct,DIRECT,C02391,57600,1,57600,0
2025-09|DIRECT|C02429,2025-09,direct,DIRECT,C02429,225600,1,225600,0
2025-09|DIRECT|C02448,2025-09,direct,DIRECT,C02448,153400,1,153400,0
2025-09|DIRECT|C02492,2025-09,direct,DIRECT,C02492,290400,1,290400,0
2025-09|DIRECT|C02502,2025-09,direct,DIRECT,C02502,15000,1,15000,0
2025-09|DIRECT|C02506,2025-09,direct,DIRECT,C02506,304800,1,304800,0
2025-09|DIRECT|C02547,2025-09,direct,DIRECT,C02547,187200,1,187200,0
2025-09|DIRECT|C02555,2025-09,direct,DIRECT,C02555,63600,1,63600,0
2025-09|DIRECT|C02580,2025-09,direct,DIRECT,C02580,126000,1,126000,0
2025-09|DIRECT|C02585,2025-09,direct,DIRECT,C02585,109120,1,109120,0
2025-09|DIRECT|C02592,2025-09,direct,DIRECT,C02592,178533,1,178533,0
2025-09|DIRECT|C02625,2025-09,direct,DIRECT,C02625,363000,1,363000,0
2025-09|DIRECT|C02647,2025-09,direct,DIRECT,C02647,131000,1,131000,0
2025-09|DIRECT|C02671,2025-09,direct,DIRECT,C02671,62920,1,62920,0
2025-09|DIRECT|C02746,2025-09,direct,DIRECT,C02746,76000,1,76000,0
2025-09|DIRECT|C02783,2025-09,direct,DIRECT,C02783,391000,2,391000,0
2025-09|DIRECT|C02837,2025-09,direct,DIRECT,C02837,505200,2,505200,0
2025-09|DIRECT|C02861,2025-09,direct,DIRECT,C02861,340000,1,340000,0
2025-09|DIRECT|C02920,2025-09,direct,DIRECT,C02920,205200,1,205200,0
2025-09|DIRECT|C02937,2025-09,direct,DIRECT,C02937,196000,1,196000,0
2025-09|DIRECT|C02957,2025-09,direct,DIRECT,C02957,68000,1,68000,0
2025-09|DIRECT|C02972,2025-09,direct,DIRECT,C02972,100000,1,100000,0
2025-09|DIRECT|C03007,2025-09,direct,DIRECT,C03007,115000,1,115000,0
2025-09|DIRECT|C03024,2025-09,direct,DIRECT,C03024,744000,1,744000,0
2025-09|DIRECT|C03065,2025-09,direct,DIRECT,C03065,387000,1,387000,0
2025-09|DIRECT|C03155,2025-09,direct,DIRECT,C03155,177600,1,177600,0
2025-09|DIRECT|C03209,2025-09,direct,DIRECT,C03209,185000,1,185000,0
2025-09|DIRECT|C03227,2025-09,direct,DIRECT,C03227,134320,1,134320,0
2025-09|DIRECT|C03228,2025-09,direct,DIRECT,C03228,244000,1,244000,0
2025-09|DIRECT|C03233,2025-09,direct,DIRECT,C03233,162720,1,162720,0
2025-09|DIRECT|C03256,2025-09,direct,DIRECT,C03256,237600,1,237600,0
2025-09|DIRECT|C03260,2025-09,direct,DIRECT,C03260,75000,1,75000,0
2025-09|DIRECT|C03316,2025-09,direct,DIRECT,C03316,47000,1,47000,0
2025-09|DIRECT|C03331,2025-09,direct,DIRECT,C03331,117667,1,117667,0
2025-09|DIRECT|C03342,2025-09,direct,DIRECT,C03342,231000,1,231000,0
2025-09|DIRECT|C03353,2025-09,direct,DIRECT,C03353,660000,1,660000,0
2025-09|DIRECT|C03401,2025-09,direct,DIRECT,C03401,120000,1,120000,0
2025-09|DIRECT|C03418,2025-09,direct,DIRECT,C03418,202000,1,202000,0
2025-09|DIRECT|C03423,2025-09,direct,DIRECT,C03423,207000,1,207000,0
2025-09|DIRECT|C03444,2025-09,direct,DIRECT,C03444,163000,1,163000,0
2025-09|DIRECT|C03471,2025-09,direct,DIRECT,C03471,109000,1,109000,0
2025-09|DIRECT|C03501,2025-09,direct,DIRECT,C03501,105000,1,105000,0
2025-09|DIRECT|C03575,2025-09,direct,DIRECT,C03575,715000,1,715000,0
2025-09|DIRECT|C03625,2025-09,direct,DIRECT,C03625,122000,1,122000,0
2025-09|DIRECT|C03674,2025-09,direct,DIRECT,C03674,206400,1,206400,0
2025-09|DIRECT|C03695,2025-09,direct,DIRECT,C03695,202800,1,202800,0
2025-09|DIRECT|C03696,2025-09,direct,DIRECT,C03696,208800,1,208800,0
2025-09|DIRECT|C03768,2025-09,direct,DIRECT,C03768,765000,1,765000,0
2025-09|DIRECT|C03803,2025-09,direct,DIRECT,C03803,442000,1,442000,0
2025-09|DIRECT|C03863,2025-09,direct,DIRECT,C03863,86000,1,86000,0
2025-09|DIRECT|C03949,2025-09,direct,DIRECT,C03949,112000,1,112000,0
2025-09|DIRECT|C03958,2025-09,direct,DIRECT,C03958,194000,1,194000,0
2025-09|DIRECT|C03970,2025-09,direct,DIRECT,C03970,92000,1,92000,0
2025-09|P1|,2025-09,partner,P1,,16904953,1328,16904953,0
2025-09|P2|,2025-09,partner,P2,,9075381,712,9075381,0
2025-09|P3|,2025-09,partner,P3,,4391058,340,4391058,0
2025-10|DIRECT|C00050,2025-10,direct,DIRECT,C00050,207000,1,207000,0
2025-10|DIRECT|C00060,2025-10,direct,DIRECT,C00060,469000,1,469000,0
2025-10|DIRECT|C00129,2025-10,direct,DIRECT,C00129,157000,1,157000,0
2025-10|DIRECT|C00222,2025-10,direct,DIRECT,C00222,249000,1,249000,0
2025-10|DIRECT|C00235,2025-10,direct,DIRECT,C00235,387000,1,387000,0
2025-10|DIRECT|C00241,2025-10,direct,DIRECT,C00241,173000,1,173000,0
2025-10|DIRECT|C00304,2025-10,direct,DIRECT,C00304,129000,1,129000,0
2025-10|DIRECT|C00309,2025-10,direct,DIRECT,C00309,75000,1,75000,0
2025-10|DIRECT|C00315,2025-10,direct,DIRECT,C00315,256000,1,256000,0
2025-10|DIRECT|C00347,2025-10,direct,DIRECT,C00347,157000,1,157000,0
2025-10|DIRECT|C00360,2025-10,direct,DIRECT,C00360,240000,1,240000,0
2025-10|DIRECT|C00373,2025-10,direct,DIRECT,C00373,681600,1,681600,0
2025-10|DIRECT|C00423,2025-10,direct,DIRECT,C00423,269000,1,269000,0
2025-10|DIRECT|C00464,2025-10,direct,DIRECT,C00464,196800,1,196800,0
2025-10|DIRECT|C00491,2025-10,direct,DIRECT,C00491,228000,1,228000,0
2025-10|DIRECT|C00494,2025-10,direct,DIRECT,C00494,189000,1,189000,0
2025-10|DIRECT|C00570,2025-10,direct,DIRECT,C00570,127200,1,127200,0
2025-10|DIRECT|C00593,2025-10,direct,DIRECT,C00593,12929,1,12929,0
2025-10|DIRECT|C00614,2025-10,direct,DIRECT,C00614,140000,1,140000,0
2025-10|DIRECT|C00647,2025-10,direct,DIRECT,C00647,156000,1,156000,0
2025-10|DIRECT|C00696,2025-10,direct,DIRECT,C00696,192000,1,192000,0
2025-10|DIRECT|C00733,2025-10,direct,DIRECT,C00733,82000,1,82000,0
2025-10|DIRECT|C00751,2025-10,direct,DIRECT,C00751,866400,1,866400,0
2025-10|DIRECT|C00788,2025-10,direct,DIRECT,C00788,112000,1,112000,0
2025-10|DIRECT|C00791,2025-10,direct,DIRECT,C00791,549000,1,549000,0
2025-10|DIRECT|C00874,2025-10,direct,DIRECT,C00874,122000,1,122000,0
2025-10|DIRECT|C00891,2025-10,direct,DIRECT,C00891,312000,1,312000,0
2025-10|DIRECT|C00931,2025-10,direct,DIRECT,C00931,872000,1,872000,0
2025-10|DIRECT|C01027,2025-10,direct,DIRECT,C01027,86000,1,86000,0
2025-10|DIRECT|C01054,2025-10,direct,DIRECT,C01054,638400,1,638400,0
2025-10|DIRECT|C01074,2025-10,direct,DIRECT,C01074,588000,1,588000,0
2025-10|DIRECT|C01136,2025-10,direct,DIRECT,C01136,135000,1,135000,0
2025-10|DIRECT|C01137,2025-10,direct,DIRECT,C01137,110000,1,110000,0
2025-10|DIRECT|C01204,2025-10,direct,DIRECT,C01204,167000,1,167000,0
2025-10|DIRECT|C01207,2025-10,direct,DIRECT,C01207,8000,1,8000,0
2025-10|DIRECT|C01264,2025-10,direct,DIRECT,C01264,104400,1,104400,0
2025-10|DIRECT|C01335,2025-10,direct,DIRECT,C01335,140000,1,140000,0
2025-10|DIRECT|C01352,2025-10,direct,DIRECT,C01352,604568,1,604568,0
2025-10|DIRECT|C01439,2025-10,direct,DIRECT,C01439,115200,1,115200,0
2025-10|DIRECT|C01517,2025-10,direct,DIRECT,C01517,207000,1,207000,0
2025-10|DIRECT|C01548,2025-10,direct,DIRECT,C01548,229355,1,229355,0
2025-10|DIRECT|C01613,2025-10,direct,DIRECT,C01613,279600,1,279600,0
2025-10|DIRECT|C01675,2025-10,direct,DIRECT,C01675,403000,1,403000,0
2025-10|DIRECT|C01697,2025-10,direct,DIRECT,C01697,235000,1,235000,0
2025-10|DIRECT|C01786,2025-10,direct,DIRECT,C01786,132000,1,132000,0
2025-10|DIRECT|C01791,2025-10,direct,DIRECT,C01791,318000,1,318000,0
2025-10|DIRECT|C01796,2025-10,direct,DIRECT,C01796,365000,1,365000,0
2025-10|DIRECT|C01828,2025-10,direct,DIRECT,C01828,261000,1,261000,0
2025-10|DIRECT|C01865,2025-10,direct,DIRECT,C01865,14516,1,14516,0
2025-10|DIRECT|C01872,2025-10,direct,DIRECT,C01872,31200,1,31200,0
2025-10|DIRECT|C01899,2025-10,direct,DIRECT,C01899,538000,1,538000,0
2025-10|DIRECT|C01943,2025-10,direct,DIRECT,C01943,972000,1,972000,0
2025-10|DIRECT|C01952,2025-10,direct,DIRECT,C01952,86000,1,86000,0
2025-10|DIRECT|C01954,2025-10,direct,DIRECT,C01954,467000,2,467000,0
2025-10|DIRECT|C01974,2025-10,direct,DIRECT,C01974,171000,1,171000,0
2025-10|DIRECT|C01997,2025-10,direct,DIRECT,C01997,288000,1,288000,0
2025-10|DIRECT|C02003,2025-10,direct,DIRECT,C02003,234000,1,234000,0
2025-10|DIRECT|C02019,2025-10,direct,DIRECT,C02019,258000,1,258000,0
2025-10|DIRECT|C02022,2025-10,direct,DIRECT,C02022,346800,1,346800,0
2025-10|DIRECT|C02051,2025-10,direct,DIRECT,C02051,497000,1,497000,0
2025-10|DIRECT|C02091,2025-10,direct,DIRECT,C02091,126000,1,126000,0
2025-10|DIRECT|C02141,2025-10,direct,DIRECT,C02141,65323,1,65323,0
2025-10|DIRECT|C02154,2025-10,direct,DIRECT,C02154,766800,1,766800,0
2025-10|DIRECT|C02183,2025-10,direct,DIRECT,C02183,2364000,1,2364000,0
2025-10|DIRECT|C02184,2025-10,direct,DIRECT,C02184,129000,1,129000,0
2025-10|DIRECT|C02210,2025-10,direct,DIRECT,C02210,168000,1,168000,0
2025-10|DIRECT|C02222,2025-10,direct,DIRECT,C02222,186000,1,186000,0
2025-10|DIRECT|C02233,2025-10,direct,DIRECT,C02233,183000,1,183000,0
2025-10|DIRECT|C02260,2025-10,direct,DIRECT,C02260,262800,1,262800,0
2025-10|DIRECT|C02283,2025-10,direct,DIRECT,C02283,508200,2,508200,0
2025-10|DIRECT|C02285,2025-10,direct,DIRECT,C02285,78581,1,78581,0
2025-10|DIRECT|C02288,2025-10,direct,DIRECT,C02288,552000,1,552000,0
2025-10|DIRECT|C02341,2025-10,direct,DIRECT,C02341,79200,1,79200,0
2025-10|DIRECT|C02346,2025-10,direct,DIRECT,C02346,162581,1,162581,0
2025-10|DIRECT|C02348,2025-10,direct,DIRECT,C02348,174000,1,174000,0
2025-10|DIRECT|C02360,2025-10,direct,DIRECT,C02360,311000,1,311000,0
2025-10|DIRECT|C02391,2025-10,direct,DIRECT,C02391,57600,1,57600,0
2025-10|DIRECT|C02429,2025-10,direct,DIRECT,C02429,225600,1,225600,0
2025-10|DIRECT|C02448,2025-10,direct,DIRECT,C02448,207000,1,207000,0
2025-10|DIRECT|C02492,2025-10,direct,DIRECT,C02492,290400,1,290400,0
2025-10|DIRECT|C02502,2025-10,direct,DIRECT,C02502,225000,1,225000,0
2025-10|DIRECT|C02506,2025-10,direct,DIRECT,C02506,304800,1,304800,0
2025-10|DIRECT|C02547,2025-10,direct,DIRECT,C02547,187200,1,187200,0
2025-10|DIRECT|C02555,2025-10,direct,DIRECT,C02555,63600,1,63600,0
2025-10|DIRECT|C02580,2025-10,direct,DIRECT,C02580,126000,1,126000,0
2025-10|DIRECT|C02585,2025-10,direct,DIRECT,C02585,297600,1,297600,0
2025-10|DIRECT|C02592,2025-10,direct,DIRECT,C02592,206000,1,206000,0
2025-10|DIRECT|C02625,2025-10,direct,DIRECT,C02625,363000,1,363000,0
2025-10|DIRECT|C02647,2025-10,direct,DIRECT,C02647,131000,1,131000,0
2025-10|DIRECT|C02671,2025-10,direct,DIRECT,C02671,171600,1,171600,0
2025-10|DIRECT|C02746,2025-10,direct,DIRECT,C02746,76000,1,76000,0
2025-10|DIRECT|C02783,2025-10,direct,DIRECT,C02783,391000,2,391000,0
2025-10|DIRECT|C02837,2025-10,direct,DIRECT,C02837,505200,2,505200,0
2025-10|DIRECT|C02852,2025-10,direct,DIRECT,C02852,254516,1,254516,0
2025-10|DIRECT|C02861,2025-10,direct,DIRECT,C02861,340000,1,340000,0
2025-10|DIRECT|C02920,2025-10,direct,DIRECT,C02920,205200,1,205200,0
2025-10|DIRECT|C02937,2025-10,direct,DIRECT,C02937,196000,1,196000,0
2025-10|DIRECT|C02957,2025-10,direct,DIRECT,C02957,510000,1,510000,0
2025-10|DIRECT|C02972,2025-10,direct,DIRECT,C02972,100000,1,100000,0
2025-10|DIRECT|C03007,2025-10,direct,DIRECT,C03007,115000,1,115000,0
2025-10|DIRECT|C03024,2025-10,direct,DIRECT,C03024,744000,1,744000,0
2025-10|DIRECT|C03065,2025-10,direct,DIRECT,C03065,387000,1,387000,0
2025-10|DIRECT|C03155,2025-10,direct,DIRECT,C03155,177600,1,177600,0
2025-10|DIRECT|C03209,2025-10,direct,DIRECT,C03209,185000,1,185000,0
2025-10|DIRECT|C03227,2025-10,direct,DIRECT,C03227,141600,1,141600,0
2025-10|DIRECT|C03228,2025-10,direct,DIRECT,C03228,244000,1,244000,0
2025-10|DIRECT|C03233,2025-10,direct,DIRECT,C03233,542400,1,542400,0
2025-10|DIRECT|C03256,2025-10,direct,DIRECT,C03256,237600,1,237600,0
2025-10|DIRECT|C03260,2025-10,direct,DIRECT,C03260,75000,1,75000,0
2025-10|DIRECT|C03277,2025-10,direct,DIRECT,C03277,93935,1,93935,0
2025-10|DIRECT|C03294,2025-10,direct,DIRECT,C03294,218581,1,218581,0
2025-10|DIRECT|C03316,2025-10,direct,DIRECT,C03316,47000,1,47000,0
2025-10|DIRECT|C03331,2025-10,direct,DIRECT,C03331,57000,1,57000,0
2025-10|DIRECT|C03342,2025-10,direct,DIRECT,C03342,231000,1,231000,0
2025-10|DIRECT|C03353,2025-10,direct,DIRECT,C03353,660000,1,660000,0
2025-10|DIRECT|C03401,2025-10,direct,DIRECT,C03401,120000,1,120000,0
2025-10|DIRECT|C03418,2025-10,direct,DIRECT,C03418,202000,1,202000,0
2025-10|DIRECT|C03423,2025-10,direct,DIRECT,C03423,207710,1,207710,0
2025-10|DIRECT|C03444,2025-10,direct,DIRECT,C03444,163000,1,163000,0
2025-10|DIRECT|C03471,2025-10,direct,DIRECT,C03471,109000,1,109000,0
2025-10|DIRECT|C03501,2025-10,direct,DIRECT,C03501,105000,1,105000,0
2025-10|DIRECT|C03575,2025-10,direct,DIRECT,C03575,734161,1,734161,0
2025-10|DIRECT|C03625,2025-10,direct,DIRECT,C03625,122000,1,122000,0
2025-10|DIRECT|C03674,2025-10,direct,DIRECT,C03674,206400,1,206400,0
2025-10|DIRECT|C03695,2025-10,direct,DIRECT,C03695,202800,1,202800,0
2025-10|DIRECT|C03696,2025-10,direct,DIRECT,C03696,208800,1,208800,0
2025-10|DIRECT|C03768,2025-10,direct,DIRECT,C03768,765000,1,765000,0
2025-10|DIRECT|C03803,2025-10,direct,DIRECT,C03803,442000,1,442000,0
2025-10|DIRECT|C03863,2025-10,direct,DIRECT,C03863,86000,1,86000,0
2025-10|DIRECT|C03949,2025-10,direct,DIRECT,C03949,112000,1,112000,0
2025-10|DIRECT|C03958,2025-10,direct,DIRECT,C03958,194000,1,194000,0
2025-10|DIRECT|C03970,2025-10,direct,DIRECT,C03970,92000,1,92000,0
2025-10|P1|,2025-10,partner,P1,,18015318,1411,18015318,0
2025-10|P2|,2025-10,partner,P2,,9603625,750,9603625,0
2025-10|P3|,2025-10,partner,P3,,4684953,369,4684953,0
2025-11|DIRECT|C00050,2025-11,direct,DIRECT,C00050,207000,1,207000,0
2025-11|DIRECT|C00060,2025-11,direct,DIRECT,C00060,469000,1,469000,0
2025-11|DIRECT|C00129,2025-11,direct,DIRECT,C00129,157000,1,157000,0
2025-11|DIRECT|C00172,2025-11,direct,DIRECT,C00172,236800,1,236800,0
2025-11|DIRECT|C00222,2025-11,direct,DIRECT,C00222,249000,1,249000,0
2025-11|DIRECT|C00235,2025-11,direct,DIRECT,C00235,387000,1,387000,0
2025-11|DIRECT|C00241,2025-11,direct,DIRECT,C00241,173000,1,173000,0
2025-11|DIRECT|C00304,2025-11,direct,DIRECT,C00304,129000,1,129000,0
2025-11|DIRECT|C00309,2025-11,direct,DIRECT,C00309,75000,1,75000,0
2025-11|DIRECT|C00315,2025-11,direct,DIRECT,C00315,256000,1,256000,0
2025-11|DIRECT|C00347,2025-11,direct,DIRECT,C00347,190600,1,190600,0
2025-11|DIRECT|C00360,2025-11,direct,DIRECT,C00360,240000,1,240000,0
2025-11|DIRECT|C00373,2025-11,direct,DIRECT,C00373,681600,1,681600,0
2025-11|DIRECT|C00423,2025-11,direct,DIRECT,C00423,269000,1,269000,0
2025-11|DIRECT|C00464,2025-11,direct,DIRECT,C00464,196800,1,196800,0
2025-11|DIRECT|C00491,2025-11,direct,DIRECT,C00491,228000,1,228000,0
2025-11|DIRECT|C00494,2025-11,direct,DIRECT,C00494,189000,1,189000,0
2025-11|DIRECT|C00570,2025-11,direct,DIRECT,C00570,127200,1,127200,0
2025-11|DIRECT|C00593,2025-11,direct,DIRECT,C00593,200400,1,200400,0
2025-11|DIRECT|C00614,2025-11,direct,DIRECT,C00614,140000,1,140000,0
2025-11|DIRECT|C00642,2025-11,direct,DIRECT,C00642,111000,1,111000,0
2025-11|DIRECT|C00647,2025-11,direct,DIRECT,C00647,156000,1,156000,0
2025-11|DIRECT|C00696,2025-11,direct,DIRECT,C00696,192000,1,192000,0
2025-11|DIRECT|C00707,2025-11,direct,DIRECT,C00707,143400,1,143400,0
2025-11|DIRECT|C00733,2025-11,direct,DIRECT,C00733,82000,1,82000,0
2025-11|DIRECT|C00751,2025-11,direct,DIRECT,C00751,866400,1,866400,0
2025-11|DIRECT|C00788,2025-11,direct,DIRECT,C00788,112000,1,112000,0
2025-11|DIRECT|C00791,2025-11,direct,DIRECT,C00791,549000,1,549000,0
2025-11|DIRECT|C00874,2025-11,direct,DIRECT,C00874,122000,1,122000,0
2025-11|DIRECT|C00891,2025-11,direct,DIRECT,C00891,312000,1,312000,0
2025-11|DIRECT|C00931,2025-11,direct,DIRECT,C00931,872000,1,872000,0
2025-11|DIRECT|C00979,2025-11,direct,DIRECT,C00979,98400,1,98400,0
2025-11|DIRECT|C01027,2025-11,direct,DIRECT,C01027,86000,1,86000,0
2025-11|DIRECT|C01054,2025-11,direct,DIRECT,C01054,638400,1,638400,0
2025-11|DIRECT|C01074,2025-11,direct,DIRECT,C01074,588000,1,588000,0
2025-11|DIRECT|C01136,2025-11,direct,DIRECT,C01136,135000,1,135000,0
2025-11|DIRECT|C01137,2025-11,direct,DIRECT,C01137,110000,1,110000,0
2025-11|DIRECT|C01204,2025-11,direct,DIRECT,C01204,167000,1,167000,0
2025-11|DIRECT|C01207,2025-11,direct,DIRECT,C01207,124000,1,124000,0
2025-11|DIRECT|C01264,2025-11,direct,DIRECT,C01264,104400,1,104400,0
2025-11|DIRECT|C01335,2025-11,direct,DIRECT,C01335,140000,1,140000,0
2025-11|DIRECT|C01352,2025-11,direct,DIRECT,C01352,748800,1,748800,0
2025-11|DIRECT|C01439,2025-11,direct,DIRECT,C01439,115200,1,115200,0
2025-11|DIRECT|C01517,2025-11,direct,DIRECT,C01517,207000,1,207000,0
2025-11|DIRECT|C01548,2025-11,direct,DIRECT,C01548,238320,1,238320,0
2025-11|DIRECT|C01582,2025-11,direct,DIRECT,C01582,20600,1,20600,0
2025-11|DIRECT|C01613,2025-11,direct,DIRECT,C01613,279600,1,279600,0
2025-11|DIRECT|C01675,2025-11,direct,DIRECT,C01675,403000,1,403000,0
2025-11|DIRECT|C01697,2025-11,direct,DIRECT,C01697,235000,1,235000,0
2025-11|DIRECT|C01786,2025-11,direct,DIRECT,C01786,132000,1,132000,0
2025-11|DIRECT|C01791,2025-11,direct,DIRECT,C01791,318000,1,318000,0
2025-11|DIRECT|C01796,2025-11,direct,DIRECT,C01796,365000,1,365000,0
2025-11|DIRECT|C01828,2025-11,direct,DIRECT,C01828,183667,1,183667,0
2025-11|DIRECT|C01865,2025-11,direct,DIRECT,C01865,75000,1,75000,0
2025-11|DIRECT|C01872,2025-11,direct,DIRECT,C01872,31200,1,31200,0
2025-11|DIRECT|C01899,2025-11,direct,DIRECT,C01899,538000,1,538000,0
2025-11|DIRECT|C01943,2025-11,direct,DIRECT,C01943,972000,1,972000,0
2025-11|DIRECT|C01952,2025-11,direct,DIRECT,C01952,86000,1,86000,0
2025-11|DIRECT|C01954,2025-11,direct,DIRECT,C01954,467000,2,467000,0
2025-11|DIRECT|C01974,2025-11,direct,DIRECT,C01974,171000,1,171000,0
2025-11|DIRECT|C01997,2025-11,direct,DIRECT,C01997,314200,1,314200,0
2025-11|DIRECT|C02003,2025-11,direct,DIRECT,C02003,234000,1,234000,0
2025-11|DIRECT|C02019,2025-11,direct,DIRECT,C02019,258000,1,258000,0
2025-11|DIRECT|C02022,2025-11,direct,DIRECT,C02022,346800,1,346800,0
2025-11|DIRECT|C02051,2025-11,direct,DIRECT,C02051,497000,1,497000,0
2025-11|DIRECT|C02091,2025-11,direct,DIRECT,C02091,126000,1,126000,0
2025-11|DIRECT|C02141,2025-11,direct,DIRECT,C02141,135000,1,135000,0
2025-11|DIRECT|C02154,2025-11,direct,DIRECT,C02154,766800,1,766800,0
2025-11|DIRECT|C02183,2025-11,direct,DIRECT,C02183,2364000,1,2364000,0
2025-11|DIRECT|C02184,2025-11,direct,DIRECT,C02184,129000,1,129000,0
2025-11|DIRECT|C02192,2025-11,direct,DIRECT,C02192,58000,1,58000,0
2025-11|DIRECT|C02210,2025-11,direct,DIRECT,C02210,168000,1,168000,0
2025-11|DIRECT|C02222,2025-11,direct,DIRECT,C02222,186000,1,186000,0
2025-11|DIRECT|C02233,2025-11,direct,DIRECT,C02233,183000,1,183000,0
2025-11|DIRECT|C02260,2025-11,direct,DIRECT,C02260,262800,1,262800,0
2025-11|DIRECT|C02283,2025-11,direct,DIRECT,C02283,508200,2,508200,0
2025-11|DIRECT|C02285,2025-11,direct,DIRECT,C02285,203000,1,203000,0
2025-11|DIRECT|C02288,2025-11,direct,DIRECT,C02288,556320,1,556320,0
2025-11|DIRECT|C02341,2025-11,direct,DIRECT,C02341,79200,1,79200,0
2025-11|DIRECT|C02346,2025-11,direct,DIRECT,C02346,168000,1,168000,0
2025-11|DIRECT|C02348,2025-11,direct,DIRECT,C02348,174000,1,174000,0
2025-11|DIRECT|C02360,2025-11,direct,DIRECT,C02360,311000,1,311000,0
2025-11|DIRECT|C02391,2025-11,direct,DIRECT,C02391,57600,1,57600,0
2025-11|DIRECT|C02429,2025-11,direct,DIRECT,C02429,225600,1,225600,0
2025-11|DIRECT|C02448,2025-11,direct,DIRECT,C02448,207000,1,207000,0
2025-11|DIRECT|C02492,2025-11,direct,DIRECT,C02492,290400,1,290400,0
2025-11|DIRECT|C02502,2025-11,direct,DIRECT,C02502,225000,1,225000,0
2025-11|DIRECT|C02506,2025-11,direct,DIRECT,C02506,304800,1,304800,0
2025-11|DIRECT|C02547,2025-11,direct,DIRECT,C02547,187200,1,187200,0
2025-11|DIRECT|C02555,2025-11,direct,DIRECT,C02555,63600,1,63600,0
2025-11|DIRECT|C02580,2025-11,direct,DIRECT,C02580,126000,1,126000,0
2025-11|DIRECT|C02585,2025-11,direct,DIRECT,C02585,297600,1,297600,0
2025-11|DIRECT|C02589,2025-11,direct,DIRECT,C02589,124320,1,124320,0
2025-11|DIRECT|C02592,2025-11,direct,DIRECT,C02592,206000,1,206000,0
2025-11|DIRECT|C02625,2025-11,direct,DIRECT,C02625,363000,1,363000,0
2025-11|DIRECT|C02647,2025-11,direct,DIRECT,C02647,131000,1,131000,0
2025-11|DIRECT|C02671,2025-11,direct,DIRECT,C02671,171600,1,171600,0
2025-11|DIRECT|C02746,2025-11,direct,DIRECT,C02746,76000,1,76000,0
2025-11|DIRECT|C02783,2025-11,direct,DIRECT,C02783,391000,2,391000,0
2025-11|DIRECT|C02798,2025-11,direct,DIRECT,C02798,107100,1,107100,0
2025-11|DIRECT|C02804,2025-11,direct,DIRECT,C02804,132300,1,132300,0
2025-11|DIRECT|C02837,2025-11,direct,DIRECT,C02837,505200,2,505200,0
2025-11|DIRECT|C02852,2025-11,direct,DIRECT,C02852,315600,1,315600,0
2025-11|DIRECT|C02861,2025-11,direct,DIRECT,C02861,340000,1,340000,0
2025-11|DIRECT|C02920,2025-11,direct,DIRECT,C02920,205200,1,205200,0
2025-11|DIRECT|C02937,2025-11,direct,DIRECT,C02937,196000,1,196000,0
2025-11|DIRECT|C02941,2025-11,direct,DIRECT,C02941,26160,1,26160,0
2025-11|DIRECT|C02957,2025-11,direct,DIRECT,C02957,510000,1,510000,0
2025-11|DIRECT|C02972,2025-11,direct,DIRECT,C02972,100000,1,100000,0
2025-11|DIRECT|C03007,2025-11,direct,DIRECT,C03007,115000,1,115000,0
2025-11|DIRECT|C03021,2025-11,direct,DIRECT,C03021,372320,1,372320,0
2025-11|DIRECT|C03024,2025-11,direct,DIRECT,C03024,744000,1,744000,0
2025-11|DIRECT|C03065,2025-11,direct,DIRECT,C03065,387000,1,387000,0
2025-11|DIRECT|C03155,2025-11,direct,DIRECT,C03155,177600,1,177600,0
2025-11|DIRECT|C03209,2025-11,direct,DIRECT,C03209,185000,1,185000,0
2025-11|DIRECT|C03227,2025-11,direct,DIRECT,C03227,141600,1,141600,0
2025-11|DIRECT|C03228,2025-11,direct,DIRECT,C03228,244000,1,244000,0
2025-11|DIRECT|C03233,2025-11,direct,DIRECT,C03233,542400,1,542400,0
2025-11|DIRECT|C03242,2025-11,direct,DIRECT,C03242,145633,1,145633,0
2025-11|DIRECT|C03256,2025-11,direct,DIRECT,C03256,237600,1,237600,0
2025-11|DIRECT|C03260,2025-11,direct,DIRECT,C03260,75000,1,75000,0
2025-11|DIRECT|C03277,2025-11,direct,DIRECT,C03277,364000,1,364000,0
2025-11|DIRECT|C03294,2025-11,direct,DIRECT,C03294,242000,1,242000,0
2025-11|DIRECT|C03316,2025-11,direct,DIRECT,C03316,47000,1,47000,0
2025-11|DIRECT|C03331,2025-11,direct,DIRECT,C03331,57000,1,57000,0
2025-11|DIRECT|C03342,2025-11,direct,DIRECT,C03342,231000,1,231000,0
2025-11|DIRECT|C03353,2025-11,direct,DIRECT,C03353,660000,1,660000,0
2025-11|DIRECT|C03401,2025-11,direct,DIRECT,C03401,120000,1,120000,0
2025-11|DIRECT|C03418,2025-11,direct,DIRECT,C03418,202000,1,202000,0
2025-11|DIRECT|C03423,2025-11,direct,DIRECT,C03423,305367,2,305367,0
2025-11|DIRECT|C03444,2025-11,direct,DIRECT,C03444,163000,1,163000,0
2025-11|DIRECT|C03471,2025-11,direct,DIRECT,C03471,109000,1,109000,0
2025-11|DIRECT|C03501,2025-11,direct,DIRECT,C03501,105000,1,105000,0
2025-11|DIRECT|C03575,2025-11,direct,DIRECT,C03575,913000,1,913000,0
2025-11|DIRECT|C03625,2025-11,direct,DIRECT,C03625,122000,1,122000,0
2025-11|DIRECT|C03674,2025-11,direct,DIRECT,C03674,206400,1,206400,0
2025-11|DIRECT|C03695,2025-11,direct,DIRECT,C03695,202800,1,202800,0
2025-11|DIRECT|C03696,2025-11,direct,DIRECT,C03696,208800,1,208800,0
2025-11|DIRECT|C03768,2025-11,direct,DIRECT,C03768,765000,1,765000,0
2025-11|DIRECT|C03803,2025-11,direct,DIRECT,C03803,442000,1,442000,0
2025-11|DIRECT|C03863,2025-11,direct,DIRECT,C03863,86000,1,86000,0
2025-11|DIRECT|C03949,2025-11,direct,DIRECT,C03949,112000,1,112000,0
2025-11|DIRECT|C03958,2025-11,direct,DIRECT,C03958,194000,1,194000,0
2025-11|DIRECT|C03970,2025-11,direct,DIRECT,C03970,100800,1,100800,0
2025-11|P1|,2025-11,partner,P1,,19177499,1502,19177499,0
2025-11|P2|,2025-11,partner,P2,,10000346,785,10000346,0
2025-11|P3|,2025-11,partner,P3,,5084406,387,5084406,0
2025-12|DIRECT|C00050,2025-12,direct,DIRECT,C00050,207000,1,207000,0
2025-12|DIRECT|C00060,2025-12,direct,DIRECT,C00060,469000,1,469000,0
2025-12|DIRECT|C00070,2025-12,direct,DIRECT,C00070,46032,1,46032,0
2025-12|DIRECT|C00129,2025-12,direct,DIRECT,C00129,157000,1,157000,0
2025-12|DIRECT|C00172,2025-12,direct,DIRECT,C00172,350968,1,350968,0
2025-12|DIRECT|C00222,2025-12,direct,DIRECT,C00222,249000,1,249000,0
2025-12|DIRECT|C00235,2025-12,direct,DIRECT,C00235,387000,1,387000,0
2025-12|DIRECT|C00241,2025-12,direct,DIRECT,C00241,173000,1,173000,0
2025-12|DIRECT|C00304,2025-12,direct,DIRECT,C00304,129000,1,129000,0
2025-12|DIRECT|C00309,2025-12,direct,DIRECT,C00309,75000,1,75000,0
2025-12|DIRECT|C00315,2025-12,direct,DIRECT,C00315,256000,1,256000,0
2025-12|DIRECT|C00347,2025-12,direct,DIRECT,C00347,193000,1,193000,0
2025-12|DIRECT|C00360,2025-12,direct,DIRECT,C00360,240000,1,240000,0
2025-12|DIRECT|C00373,2025-12,direct,DIRECT,C00373,681600,1,681600,0
2025-12|DIRECT|C00423,2025-12,direct,DIRECT,C00423,269000,1,269000,0
2025-12|DIRECT|C00464,2025-12,direct,DIRECT,C00464,196800,1,196800,0
2025-12|DIRECT|C00491,2025-12,direct,DIRECT,C00491,228000,1,228000,0
2025-12|DIRECT|C00494,2025-12,direct,DIRECT,C00494,189000,1,189000,0
2025-12|DIRECT|C00562,2025-12,direct,DIRECT,C00562,16877,1,16877,0
2025-12|DIRECT|C00570,2025-12,direct,DIRECT,C00570,127200,1,127200,0
2025-12|DIRECT|C00593,2025-12,direct,DIRECT,C00593,201639,1,201639,0
2025-12|DIRECT|C00614,2025-12,direct,DIRECT,C00614,140000,1,140000,0
2025-12|DIRECT|C00642,2025-12,direct,DIRECT,C00642,222000,1,222000,0
2025-12|DIRECT|C00647,2025-12,direct,DIRECT,C00647,156000,1,156000,0
2025-12|DIRECT|C00696,2025-12,direct,DIRECT,C00696,192000,1,192000,0
2025-12|DIRECT|C00707,2025-12,direct,DIRECT,C00707,239000,1,239000,0
2025-12|DIRECT|C00733,2025-12,direct,DIRECT,C00733,93516,1,93516,0
2025-12|DIRECT|C00751,2025-12,direct,DIRECT,C00751,866400,1,866400,0
2025-12|DIRECT|C00788,2025-12,direct,DIRECT,C00788,112000,1,112000,0
2025-12|DIRECT|C00791,2025-12,direct,DIRECT,C00791,549000,1,549000,0
2025-12|DIRECT|C00874,2025-12,direct,DIRECT,C00874,122000,1,122000,0
2025-12|DIRECT|C00891,2025-12,direct,DIRECT,C00891,312000,1,312000,0
2025-12|DIRECT|C00931,2025-12,direct,DIRECT,C00931,872000,1,872000,0
2025-12|DIRECT|C00979,2025-12,direct,DIRECT,C00979,379839,1,379839,0
2025-12|DIRECT|C01027,2025-12,direct,DIRECT,C01027,86000,1,86000,0
2025-12|DIRECT|C01054,2025-12,direct,DIRECT,C01054,638400,1,638400,0
2025-12|DIRECT|C01074,2025-12,direct,DIRECT,C01074,588000,1,588000,0
2025-12|DIRECT|C01136,2025-12,direct,DIRECT,C01136,135000,1,135000,0
2025-12|DIRECT|C01137,2025-12,direct,DIRECT,C01137,110000,1,110000,0
2025-12|DIRECT|C01173,2025-12,direct,DIRECT,C01173,40645,1,40645,0
2025-12|DIRECT|C01204,2025-12,direct,DIRECT,C01204,167000,1,167000,0
2025-12|DIRECT|C01207,2025-12,direct,DIRECT,C01207,124000,1,124000,0
2025-12|DIRECT|C01264,2025-12,direct,DIRECT,C01264,104400,1,104400,0
2025-12|DIRECT|C01335,2025-12,direct,DIRECT,C01335,140000,1,140000,0
2025-12|DIRECT|C01352,2025-12,direct,DIRECT,C01352,700490,1,700490,0
2025-12|DIRECT|C01439,2025-12,direct,DIRECT,C01439,115200,1,115200,0
2025-12|DIRECT|C01517,2025-12,direct,DIRECT,C01517,207000,1,207000,0
2025-12|DIRECT|C01548,2025-12,direct,DIRECT,C01548,226800,1,226800,0
2025-12|DIRECT|C01582,2025-12,direct,DIRECT,C01582,206000,1,206000,0
2025-12|DIRECT|C01613,2025-12,direct,DIRECT,C01613,279600,1,279600,0
2025-12|DIRECT|C01675,2025-12,direct,DIRECT,C01675,403000,1,403000,0
2025-12|DIRECT|C01697,2025-12,direct,DIRECT,C01697,235000,1,235000,0
2025-12|DIRECT|C01786,2025-12,direct,DIRECT,C01786,132000,1,132000,0
2025-12|DIRECT|C01791,2025-12,direct,DIRECT,C01791,318000,1,318000,0
2025-12|DIRECT|C01796,2025-12,direct,DIRECT,C01796,365000,1,365000,0
2025-12|DIRECT|C01828,2025-12,direct,DIRECT,C01828,181000,1,181000,0
2025-12|DIRECT|C01865,2025-12,direct,DIRECT,C01865,75000,1,75000,0
2025-12|DIRECT|C01872,2025-12,direct,DIRECT,C01872,31200,1,31200,0
2025-12|DIRECT|C01899,2025-12,direct,DIRECT,C01899,538000,1,538000,0
2025-12|DIRECT|C01943,2025-12,direct,DIRECT,C01943,972000,1,972000,0
2025-12|DIRECT|C01952,2025-12,direct,DIRECT,C01952,86000,1,86000,0
2025-12|DIRECT|C01954,2025-12,direct,DIRECT,C01954,467000,2,467000,0
2025-12|DIRECT|C01974,2025-12,direct,DIRECT,C01974,171000,1,171000,0
2025-12|DIRECT|C01997,2025-12,direct,DIRECT,C01997,419000,1,419000,0
2025-12|DIRECT|C02003,2025-12,direct,DIRECT,C02003,234000,1,234000,0
2025-12|DIRECT|C02019,2025-12,direct,DIRECT,C02019,258000,1,258000,0
2025-12|DIRECT|C02022,2025-12,direct,DIRECT,C02022,346800,1,346800,0
2025-12|DIRECT|C02051,2025-12,direct,DIRECT,C02051,497000,1,497000,0
2025-12|DIRECT|C02091,2025-12,direct,DIRECT,C02091,126000,1,126000,0
2025-12|DIRECT|C02141,2025-12,direct,DIRECT,C02141,135000,1,135000,0
2025-12|DIRECT|C02154,2025-12,direct,DIRECT,C02154,775587,1,775587,0
2025-12|DIRECT|C02183,2025-12,direct,DIRECT,C02183,2364000,1,2364000,0
2025-12|DIRECT|C02184,2025-12,direct,DIRECT,C02184,129000,1,129000,0
2025-12|DIRECT|C02192,2025-12,direct,DIRECT,C02192,174000,1,174000,0
2025-12|DIRECT|C02210,2025-12,direct,DIRECT,C02210,168000,1,168000,0
2025-12|DIRECT|C02222,2025-12,direct,DIRECT,C02222,186000,1,186000,0
2025-12|DIRECT|C02233,2025-12,direct,DIRECT,C02233,183000,1,183000,0
2025-12|DIRECT|C02260,2025-12,direct,DIRECT,C02260,262800,1,262800,0
2025-12|DIRECT|C02283,2025-12,direct,DIRECT,C02283,508200,2,508200,0
2025-12|DIRECT|C02285,2025-12,direct,DIRECT,C02285,203000,1,203000,0
2025-12|DIRECT|C02288,2025-12,direct,DIRECT,C02288,803574,1,803574,0
2025-12|DIRECT|C02341,2025-12,direct,DIRECT,C02341,79200,1,79200,0
2025-12|DIRECT|C02346,2025-12,direct,DIRECT,C02346,168000,1,168000,0
2025-12|DIRECT|C02348,2025-12,direct,DIRECT,C02348,174000,1,174000,0
2025-12|DIRECT|C02360,2025-12,direct,DIRECT,C02360,311000,1,311000,0
2025-12|DIRECT|C02391,2025-12,direct,DIRECT,C02391,57600,1,57600,0
2025-12|DIRECT|C02429,2025-12,direct,DIRECT,C02429,225600,1,225600,0
2025-12|DIRECT|C02448,2025-12,direct,DIRECT,C02448,207000,1,207000,0
2025-12|DIRECT|C02492,2025-12,direct,DIRECT,C02492,290400,1,290400,0
2025-12|DIRECT|C02502,2025-12,direct,DIRECT,C02502,225000,1,225000,0
2025-12|DIRECT|C02506,2025-12,direct,DIRECT,C02506,304800,1,304800,0
2025-12|DIRECT|C02547,2025-12,direct,DIRECT,C02547,187200,1,187200,0
2025-12|DIRECT|C02555,2025-12,direct,DIRECT,C02555,63600,1,63600,0
2025-12|DIRECT|C02580,2025-12,direct,DIRECT,C02580,126000,1,126000,0
2025-12|DIRECT|C02585,2025-12,direct,DIRECT,C02585,297600,1,297600,0
2025-12|DIRECT|C02589,2025-12,direct,DIRECT,C02589,532800,1,532800,0
2025-12|DIRECT|C02592,2025-12,direct,DIRECT,C02592,206000,1,206000,0
2025-12|DIRECT|C02625,2025-12,direct,DIRECT,C02625,363000,1,363000,0
2025-12|DIRECT|C02647,2025-12,direct,DIRECT,C02647,131000,1,131000,0
2025-12|DIRECT|C02658,2025-12,direct,DIRECT,C02658,142806,1,142806,0
2025-12|DIRECT|C02671,2025-12,direct,DIRECT,C02671,171600,1,171600,0
2025-12|DIRECT|C02746,2025-12,direct,DIRECT,C02746,76000,1,76000,0
2025-12|DIRECT|C02783,2025-12,direct,DIRECT,C02783,391000,2,391000,0
2025-12|DIRECT|C02798,2025-12,direct,DIRECT,C02798,119000,1,119000,0
2025-12|DIRECT|C02804,2025-12,direct,DIRECT,C02804,189000,1,189000,0
2025-12|DIRECT|C02837,2025-12,direct,DIRECT,C02837,505200,2,505200,0
2025-12|DIRECT|C02852,2025-12,direct,DIRECT,C02852,315600,1,315600,0
2025-12|DIRECT|C02861,2025-12,direct,DIRECT,C02861,340000,1,340000,0
2025-12|DIRECT|C02920,2025-12,direct,DIRECT,C02920,205200,1,205200,0
2025-12|DIRECT|C02937,2025-12,direct,DIRECT,C02937,196000,1,196000,0
2025-12|DIRECT|C02941,2025-12,direct,DIRECT,C02941,130800,1,130800,0
2025-12|DIRECT|C02957,2025-12,direct,DIRECT,C02957,510000,1,510000,0
2025-12|DIRECT|C02972,2025-12,direct,DIRECT,C02972,100000,1,100000,0
2025-12|DIRECT|C03007,2025-12,direct,DIRECT,C03007,115000,1,115000,0
2025-12|DIRECT|C03021,2025-12,direct,DIRECT,C03021,429600,1,429600,0
2025-12|DIRECT|C03024,2025-12,direct,DIRECT,C03024,744000,1,744000,0
2025-12|DIRECT|C03065,2025-12,direct,DIRECT,C03065,387000,1,387000,0
2025-12|DIRECT|C03155,2025-12,direct,DIRECT,C03155,177600,1,177600,0
2025-12|DIRECT|C03209,2025-12,direct,DIRECT,C03209,185000,1,185000,0
2025-12|DIRECT|C03227,2025-12,direct,DIRECT,C03227,141600,1,141600,0
2025-12|DIRECT|C03228,2025-12,direct,DIRECT,C03228,244000,1,244000,0
2025-12|DIRECT|C03233,2025-12,direct,DIRECT,C03233,542400,1,542400,0
2025-12|DIRECT|C03242,2025-12,direct,DIRECT,C03242,257000,1,257000,0
2025-12|DIRECT|C03256,2025-12,direct,DIRECT,C03256,237600,1,237600,0
2025-12|DIRECT|C03260,2025-12,direct,DIRECT,C03260,75000,1,75000,0
2025-12|DIRECT|C03277,2025-12,direct,DIRECT,C03277,364000,1,364000,0
2025-12|DIRECT|C03294,2025-12,direct,DIRECT,C03294,242000,1,242000,0
2025-12|DIRECT|C03316,2025-12,direct,DIRECT,C03316,30323,1,30323,0
2025-12|DIRECT|C03331,2025-12,direct,DIRECT,C03331,57000,1,57000,0
2025-12|DIRECT|C03342,2025-12,direct,DIRECT,C03342,231000,1,231000,0
2025-12|DIRECT|C03353,2025-12,direct,DIRECT,C03353,660000,1,660000,0
2025-12|DIRECT|C03401,2025-12,direct,DIRECT,C03401,120000,1,120000,0
2025-12|DIRECT|C03418,2025-12,direct,DIRECT,C03418,202000,1,202000,0
2025-12|DIRECT|C03423,2025-12,direct,DIRECT,C03423,308000,2,308000,0
2025-12|DIRECT|C03444,2025-12,direct,DIRECT,C03444,163000,1,163000,0
2025-12|DIRECT|C03471,2025-12,direct,DIRECT,C03471,109000,1,109000,0
2025-12|DIRECT|C03501,2025-12,direct,DIRECT,C03501,105000,1,105000,0
2025-12|DIRECT|C03575,2025-12,direct,DIRECT,C03575,913000,1,913000,0
2025-12|DIRECT|C03625,2025-12,direct,DIRECT,C03625,122000,1,122000,0
2025-12|DIRECT|C03674,2025-12,direct,DIRECT,C03674,206400,1,206400,0
2025-12|DIRECT|C03695,2025-12,direct,DIRECT,C03695,202800,1,202800,0
2025-12|DIRECT|C03696,2025-12,direct,DIRECT,C03696,253665,1,253665,0
2025-12|DIRECT|C03768,2025-12,direct,DIRECT,C03768,881742,1,881742,0
2025-12|DIRECT|C03803,2025-12,direct,DIRECT,C03803,442000,1,442000,0
2025-12|DIRECT|C03863,2025-12,direct,DIRECT,C03863,86000,1,86000,0
2025-12|DIRECT|C03949,2025-12,direct,DIRECT,C03949,112000,1,112000,0
2025-12|DIRECT|C03958,2025-12,direct,DIRECT,C03958,194000,1,194000,0
2025-12|DIRECT|C03970,2025-12,direct,DIRECT,C03970,125000,1,125000,0
2025-12|P1|,2025-12,partner,P1,,20186315,1570,20186315,0
2025-12|P2|,2025-12,partner,P2,,10584886,831,10584886,0
2025-12|P3|,2025-12,partner,P3,,5382143,410,5382143,0
2026-01|DIRECT|C00050,2026-01,direct,DIRECT,C00050,207000,1,207000,0
2026-01|DIRECT|C00060,2026-01,direct,DIRECT,C00060,469000,1,469000,0
2026-01|DIRECT|C00070,2026-01,direct,DIRECT,C00070,171000,1,171000,0
2026-01|DIRECT|C00129,2026-01,direct,DIRECT,C00129,157000,1,157000,0
2026-01|DIRECT|C00172,2026-01,direct,DIRECT,C00172,367000,1,367000,0
2026-01|DIRECT|C00192,2026-01,direct,DIRECT,C00192,32516,1,32516,0
2026-01|DIRECT|C00222,2026-01,direct,DIRECT,C00222,249000,1,249000,0
2026-01|DIRECT|C00235,2026-01,direct,DIRECT,C00235,387000,1,387000,0
2026-01|DIRECT|C00241,2026-01,direct,DIRECT,C00241,173000,1,173000,0
2026-01|DIRECT|C00304,2026-01,direct,DIRECT,C00304,129000,1,129000,0
2026-01|DIRECT|C00309,2026-01,direct,DIRECT,C00309,75000,1,75000,0
2026-01|DIRECT|C00315,2026-01,direct,DIRECT,C00315,256000,1,256000,0
2026-01|DIRECT|C00347,2026-01,direct,DIRECT,C00347,193000,1,193000,0
2026-01|DIRECT|C00360,2026-01,direct,DIRECT,C00360,240000,1,240000,0
2026-01|DIRECT|C00373,2026-01,direct,DIRECT,C00373,681600,1,681600,0
2026-01|DIRECT|C00423,2026-01,direct,DIRECT,C00423,269000,1,269000,0
2026-01|DIRECT|C00464,2026-01,direct,DIRECT,C00464,196800,1,196800,0
2026-01|DIRECT|C00491,2026-01,direct,DIRECT,C00491,228000,1,228000,0
2026-01|DIRECT|C00494,2026-01,direct,DIRECT,C00494,189387,1,189387,0
2026-01|DIRECT|C00562,2026-01,direct,DIRECT,C00562,261600,1,261600,0
2026-01|DIRECT|C00570,2026-01,direct,DIRECT,C00570,127200,1,127200,0
2026-01|DIRECT|C00593,2026-01,direct,DIRECT,C00593,238800,1,238800,0
2026-01|DIRECT|C00614,2026-01,direct,DIRECT,C00614,140000,1,140000,0
2026-01|DIRECT|C00642,2026-01,direct,DIRECT,C00642,222000,1,222000,0
2026-01|DIRECT|C00647,2026-01,direct,DIRECT,C00647,156000,1,156000,0
2026-01|DIRECT|C00696,2026-01,direct,DIRECT,C00696,192000,1,192000,0
2026-01|DIRECT|C00707,2026-01,direct,DIRECT,C00707,239000,1,239000,0
2026-01|DIRECT|C00733,2026-01,direct,DIRECT,C00733,99000,1,99000,0
2026-01|DIRECT|C00751,2026-01,direct,DIRECT,C00751,866400,1,866400,0
2026-01|DIRECT|C00788,2026-01,direct,DIRECT,C00788,112000,1,112000,0
2026-01|DIRECT|C00791,2026-01,direct,DIRECT,C00791,549000,1,549000,0
2026-01|DIRECT|C00874,2026-01,direct,DIRECT,C00874,122000,1,122000,0
2026-01|DIRECT|C00891,2026-01,direct,DIRECT,C00891,312000,1,312000,0
2026-01|DIRECT|C00931,2026-01,direct,DIRECT,C00931,872000,1,872000,0
2026-01|DIRECT|C00979,2026-01,direct,DIRECT,C00979,385000,1,385000,0
2026-01|DIRECT|C01027,2026-01,direct,DIRECT,C01027,86000,1,86000,0
2026-01|DIRECT|C01041,2026-01,direct,DIRECT,C01041,320826,1,320826,0
2026-01|DIRECT|C01054,2026-01,direct,DIRECT,C01054,638400,1,638400,0
2026-01|DIRECT|C01064,2026-01,direct,DIRECT,C01064,505258,1,505258,0
2026-01|DIRECT|C01074,2026-01,direct,DIRECT,C01074,588000,1,588000,0
2026-01|DIRECT|C01136,2026-01,direct,DIRECT,C01136,135000,1,135000,0
2026-01|DIRECT|C01137,2026-01,direct,DIRECT,C01137,110000,1,110000,0
2026-01|DIRECT|C01173,2026-01,direct,DIRECT,C01173,210000,1,210000,0
2026-01|DIRECT|C01204,2026-01,direct,DIRECT,C01204,167000,1,167000,0
2026-01|DIRECT|C01207,2026-01,direct,DIRECT,C01207,124000,1,124000,0
2026-01|DIRECT|C01264,2026-01,direct,DIRECT,C01264,104400,1,104400,0
2026-01|DIRECT|C01332,2026-01,direct,DIRECT,C01332,55123,1,55123,0
2026-01|DIRECT|C01335,2026-01,direct,DIRECT,C01335,140000,1,140000,0
2026-01|DIRECT|C01439,2026-01,direct,DIRECT,C01439,115200,1,115200,0
2026-01|DIRECT|C01517,2026-01,direct,DIRECT,C01517,207000,1,207000,0
2026-01|DIRECT|C01548,2026-01,direct,DIRECT,C01548,226800,1,226800,0
2026-01|DIRECT|C01582,2026-01,direct,DIRECT,C01582,206000,1,206000,0
2026-01|DIRECT|C01613,2026-01,direct,DIRECT,C01613,279600,1,279600,0
2026-01|DIRECT|C01675,2026-01,direct,DIRECT,C01675,403000,1,403000,0
2026-01|DIRECT|C01697,2026-01,direct,DIRECT,C01697,235000,1,235000,0
2026-01|DIRECT|C01786,2026-01,direct,DIRECT,C01786,132000,1,132000,0
2026-01|DIRECT|C01791,2026-01,direct,DIRECT,C01791,318000,1,318000,0
2026-01|DIRECT|C01796,2026-01,direct,DIRECT,C01796,365000,1,365000,0
2026-01|DIRECT|C01828,2026-01,direct,DIRECT,C01828,181000,1,181000,0
2026-01|DIRECT|C01865,2026-01,direct,DIRECT,C01865,75000,1,75000,0
2026-01|DIRECT|C01872,2026-01,direct,DIRECT,C01872,31200,1,31200,0
2026-01|DIRECT|C01883,2026-01,direct,DIRECT,C01883,100258,1,100258,0
2026-01|DIRECT|C01899,2026-01,direct,DIRECT,C01899,538000,1,538000,0
2026-01|DIRECT|C01943,2026-01,direct,DIRECT,C01943,972000,1,972000,0
2026-01|DIRECT|C01952,2026-01,direct,DIRECT,C01952,86000,1,86000,0
2026-01|DIRECT|C01954,2026-01,direct,DIRECT,C01954,467000,2,467000,0
2026-01|DIRECT|C01974,2026-01,direct,DIRECT,C01974,171000,1,171000,0
2026-01|DIRECT|C01997,2026-01,direct,DIRECT,C01997,419000,1,419000,0
2026-01|DIRECT|C02003,2026-01,direct,DIRECT,C02003,234000,1,234000,0
2026-01|DIRECT|C02019,2026-01,direct,DIRECT,C02019,258000,1,258000,0
2026-01|DIRECT|C02022,2026-01,direct,DIRECT,C02022,346800,1,346800,0
2026-01|DIRECT|C02051,2026-01,direct,DIRECT,C02051,497000,1,497000,0
2026-01|DIRECT|C02091,2026-01,direct,DIRECT,C02091,169355,2,169355,0
2026-01|DIRECT|C02141,2026-01,direct,DIRECT,C02141,135000,1,135000,0
2026-01|DIRECT|C02154,2026-01,direct,DIRECT,C02154,1039200,1,1039200,0
2026-01|DIRECT|C02160,2026-01,direct,DIRECT,C02160,27406,1,27406,0
2026-01|DIRECT|C02183,2026-01,direct,DIRECT,C02183,2364000,1,2364000,0
2026-01|DIRECT|C02184,2026-01,direct,DIRECT,C02184,129000,1,129000,0
2026-01|DIRECT|C02192,2026-01,direct,DIRECT,C02192,174000,1,174000,0
2026-01|DIRECT|C02210,2026-01,direct,DIRECT,C02210,168000,1,168000,0
2026-01|DIRECT|C02222,2026-01,direct,DIRECT,C02222,186000,1,186000,0
2026-01|DIRECT|C02233,2026-01,direct,DIRECT,C02233,183000,1,183000,0
2026-01|DIRECT|C02260,2026-01,direct,DIRECT,C02260,262800,1,262800,0
2026-01|DIRECT|C02283,2026-01,direct,DIRECT,C02283,508200,2,508200,0
2026-01|DIRECT|C02285,2026-01,direct,DIRECT,C02285,203000,1,203000,0
2026-01|DIRECT|C02288,2026-01,direct,DIRECT,C02288,846000,1,846000,0
2026-01|DIRECT|C02341,2026-01,direct,DIRECT,C02341,79200,1,79200,0
2026-01|DIRECT|C02346,2026-01,direct,DIRECT,C02346,168000,1,168000,0
2026-01|DIRECT|C02348,2026-01,direct,DIRECT,C02348,174000,1,174000,0
2026-01|DIRECT|C02360,2026-01,direct,DIRECT,C02360,311000,1,311000,0
2026-01|DIRECT|C02391,2026-01,direct,DIRECT,C02391,57600,1,57600,0
2026-01|DIRECT|C02429,2026-01,direct,DIRECT,C02429,225600,1,225600,0
2026-01|DIRECT|C02448,2026-01,direct,DIRECT,C02448,207000,1,207000,0
2026-01|DIRECT|C02492,2026-01,direct,DIRECT,C02492,290400,1,290400,0
2026-01|DIRECT|C02502,2026-01,direct,DIRECT,C02502,225000,1,225000,0
2026-01|DIRECT|C02506,2026-01,direct,DIRECT,C02506,304800,1,304800,0
2026-01|DIRECT|C02547,2026-01,direct,DIRECT,C02547,187200,1,187200,0
2026-01|DIRECT|C02555,2026-01,direct,DIRECT,C02555,63600,1,63600,0
2026-01|DIRECT|C02580,2026-01,direct,DIRECT,C02580,126000,1,126000,0
2026-01|DIRECT|C02585,2026-01,direct,DIRECT,C02585,297600,1,297600,0
2026-01|DIRECT|C02589,2026-01,direct,DIRECT,C02589,532800,1,532800,0
2026-01|DIRECT|C02592,2026-01,direct,DIRECT,C02592,206000,1,206000,0
2026-01|DIRECT|C02625,2026-01,direct,DIRECT,C02625,363000,1,363000,0
2026-01|DIRECT|C02647,2026-01,direct,DIRECT,C02647,131000,1,131000,0
2026-01|DIRECT|C02658,2026-01,direct,DIRECT,C02658,233000,1,233000,0
2026-01|DIRECT|C02671,2026-01,direct,DIRECT,C02671,171600,1,171600,0
2026-01|DIRECT|C02746,2026-01,direct,DIRECT,C02746,76000,1,76000,0
2026-01|DIRECT|C02751,2026-01,direct,DIRECT,C02751,61200,1,61200,0
2026-01|DIRECT|C02783,2026-01,direct,DIRECT,C02783,453452,2,453452,0
2026-01|DIRECT|C02798,2026-01,direct,DIRECT,C02798,119000,1,119000,0
2026-01|DIRECT|C02804,2026-01,direct,DIRECT,C02804,189000,1,189000,0
2026-01|DIRECT|C02837,2026-01,direct,DIRECT,C02837,505200,2,505200,0
2026-01|DIRECT|C02852,2026-01,direct,DIRECT,C02852,315600,1,315600,0
2026-01|DIRECT|C02861,2026-01,direct,DIRECT,C02861,340000,1,340000,0
2026-01|DIRECT|C02920,2026-01,direct,DIRECT,C02920,124723,1,124723,0
2026-01|DIRECT|C02937,2026-01,direct,DIRECT,C02937,196000,1,196000,0
2026-01|DIRECT|C02941,2026-01,direct,DIRECT,C02941,130800,1,130800,0
2026-01|DIRECT|C02957,2026-01,direct,DIRECT,C02957,510000,1,510000,0
2026-01|DIRECT|C02972,2026-01,direct,DIRECT,C02972,100000,1,100000,0
2026-01|DIRECT|C03007,2026-01,direct,DIRECT,C03007,115000,1,115000,0
2026-01|DIRECT|C03021,2026-01,direct,DIRECT,C03021,429600,1,429600,0
2026-01|DIRECT|C03024,2026-01,direct,DIRECT,C03024,744000,1,744000,0
2026-01|DIRECT|C03065,2026-01,direct,DIRECT,C03065,387000,1,387000,0
2026-01|DIRECT|C03155,2026-01,direct,DIRECT,C03155,177600,1,177600,0
2026-01|DIRECT|C03209,2026-01,direct,DIRECT,C03209,185000,1,185000,0
2026-01|DIRECT|C03227,2026-01,direct,DIRECT,C03227,174116,1,174116,0
2026-01|DIRECT|C03228,2026-01,direct,DIRECT,C03228,244000,1,244000,0
2026-01|DIRECT|C03233,2026-01,direct,DIRECT,C03233,542400,1,542400,0
2026-01|DIRECT|C03242,2026-01,direct,DIRECT,C03242,257000,1,257000,0
2026-01|DIRECT|C03256,2026-01,direct,DIRECT,C03256,237600,1,237600,0
2026-01|DIRECT|C03260,2026-01,direct,DIRECT,C03260,75000,1,75000,0
2026-01|DIRECT|C03277,2026-01,direct,DIRECT,C03277,364000,1,364000,0
2026-01|DIRECT|C03294,2026-01,direct,DIRECT,C03294,242000,1,242000,0
2026-01|DIRECT|C03331,2026-01,direct,DIRECT,C03331,57000,1,57000,0
2026-01|DIRECT|C03342,2026-01,direct,DIRECT,C03342,231000,1,231000,0
2026-01|DIRECT|C03353,2026-01,direct,DIRECT,C03353,660000,1,660000,0
2026-01|DIRECT|C03401,2026-01,direct,DIRECT,C03401,120000,1,120000,0
2026-01|DIRECT|C03418,2026-01,direct,DIRECT,C03418,202000,1,202000,0
2026-01|DIRECT|C03423,2026-01,direct,DIRECT,C03423,308000,2,308000,0
2026-01|DIRECT|C03444,2026-01,direct,DIRECT,C03444,163000,1,163000,0
2026-01|DIRECT|C03471,2026-01,direct,DIRECT,C03471,119452,1,119452,0
2026-01|DIRECT|C03501,2026-01,direct,DIRECT,C03501,105000,1,105000,0
2026-01|DIRECT|C03575,2026-01,direct,DIRECT,C03575,913000,1,913000,0
2026-01|DIRECT|C03622,2026-01,direct,DIRECT,C03622,50581,1,50581,0
2026-01|DIRECT|C03625,2026-01,direct,DIRECT,C03625,122000,1,122000,0
2026-01|DIRECT|C03674,2026-01,direct,DIRECT,C03674,206400,1,206400,0
2026-01|DIRECT|C03695,2026-01,direct,DIRECT,C03695,202800,1,202800,0
2026-01|DIRECT|C03696,2026-01,direct,DIRECT,C03696,282000,1,282000,0
2026-01|DIRECT|C03768,2026-01,direct,DIRECT,C03768,1094000,1,1094000,0
2026-01|DIRECT|C03803,2026-01,direct,DIRECT,C03803,442000,1,442000,0
2026-01|DIRECT|C03863,2026-01,direct,DIRECT,C03863,91548,1,91548,0
2026-01|DIRECT|C03949,2026-01,direct,DIRECT,C03949,112000,1,112000,0
2026-01|DIRECT|C03958,2026-01,direct,DIRECT,C03958,194000,1,194000,0
2026-01|DIRECT|C03970,2026-01,direct,DIRECT,C03970,125000,1,125000,0
2026-01|P1|,2026-01,partner,P1,,21318968,1672,21318968,0
2026-01|P2|,2026-01,partner,P2,,11062500,878,11062500,0
2026-01|P3|,2026-01,partner,P3,,5719528,435,5719528,0
2026-02|DIRECT|C00050,2026-02,direct,DIRECT,C00050,207000,1,207000,0
2026-02|DIRECT|C00060,2026-02,direct,DIRECT,C00060,469000,1,469000,0
2026-02|DIRECT|C00070,2026-02,direct,DIRECT,C00070,171000,1,171000,0
2026-02|DIRECT|C00129,2026-02,direct,DIRECT,C00129,157000,1,157000,0
2026-02|DIRECT|C00172,2026-02,direct,DIRECT,C00172,367000,1,367000,0
2026-02|DIRECT|C00192,2026-02,direct,DIRECT,C00192,144000,1,144000,0
2026-02|DIRECT|C00222,2026-02,direct,DIRECT,C00222,249000,1,249000,0
2026-02|DIRECT|C00235,2026-02,direct,DIRECT,C00235,387000,1,387000,0
2026-02|DIRECT|C00241,2026-02,direct,DIRECT,C00241,173000,1,173000,0
2026-02|DIRECT|C00304,2026-02,direct,DIRECT,C00304,129000,1,129000,0
2026-02|DIRECT|C00309,2026-02,direct,DIRECT,C00309,75000,1,75000,0
2026-02|DIRECT|C00315,2026-02,direct,DIRECT,C00315,256000,1,256000,0
2026-02|DIRECT|C00347,2026-02,direct,DIRECT,C00347,193000,1,193000,0
2026-02|DIRECT|C00360,2026-02,direct,DIRECT,C00360,240000,1,240000,0
2026-02|DIRECT|C00373,2026-02,direct,DIRECT,C00373,681600,1,681600,0
2026-02|DIRECT|C00423,2026-02,direct,DIRECT,C00423,269000,1,269000,0
2026-02|DIRECT|C00464,2026-02,direct,DIRECT,C00464,196800,1,196800,0
2026-02|DIRECT|C00467,2026-02,direct,DIRECT,C00467,100000,1,100000,0
2026-02|DIRECT|C00491,2026-02,direct,DIRECT,C00491,228000,1,228000,0
2026-02|DIRECT|C00494,2026-02,direct,DIRECT,C00494,195000,1,195000,0
2026-02|DIRECT|C00562,2026-02,direct,DIRECT,C00562,261600,1,261600,0
2026-02|DIRECT|C00570,2026-02,direct,DIRECT,C00570,127200,1,127200,0
2026-02|DIRECT|C00593,2026-02,direct,DIRECT,C00593,238800,1,238800,0
2026-02|DIRECT|C00614,2026-02,direct,DIRECT,C00614,140000,1,140000,0
2026-02|DIRECT|C00642,2026-02,direct,DIRECT,C00642,222000,1,222000,0
2026-02|DIRECT|C00647,2026-02,direct,DIRECT,C00647,156000,1,156000,0
2026-02|DIRECT|C00696,2026-02,direct,DIRECT,C00696,192000,1,192000,0
2026-02|DIRECT|C00707,2026-02,direct,DIRECT,C00707,239000,1,239000,0
2026-02|DIRECT|C00733,2026-02,direct,DIRECT,C00733,99000,1,99000,0
2026-02|DIRECT|C00751,2026-02,direct,DIRECT,C00751,866400,1,866400,0
2026-02|DIRECT|C00788,2026-02,direct,DIRECT,C00788,112000,1,112000,0
2026-02|DIRECT|C00791,2026-02,direct,DIRECT,C00791,549000,1,549000,0
2026-02|DIRECT|C00874,2026-02,direct,DIRECT,C00874,122000,1,122000,0
2026-02|DIRECT|C00891,2026-02,direct,DIRECT,C00891,312000,1,312000,0
2026-02|DIRECT|C00931,2026-02,direct,DIRECT,C00931,872000,1,872000,0
2026-02|DIRECT|C00979,2026-02,direct,DIRECT,C00979,385000,1,385000,0
2026-02|DIRECT|C00997,2026-02,direct,DIRECT,C00997,19671,1,19671,0
2026-02|DIRECT|C01027,2026-02,direct,DIRECT,C01027,86000,1,86000,0
2026-02|DIRECT|C01041,2026-02,direct,DIRECT,C01041,355200,1,355200,0
2026-02|DIRECT|C01054,2026-02,direct,DIRECT,C01054,638400,1,638400,0
2026-02|DIRECT|C01064,2026-02,direct,DIRECT,C01064,681000,1,681000,0
2026-02|DIRECT|C01074,2026-02,direct,DIRECT,C01074,588000,1,588000,0
2026-02|DIRECT|C01136,2026-02,direct,DIRECT,C01136,135000,1,135000,0
2026-02|DIRECT|C01137,2026-02,direct,DIRECT,C01137,110000,1,110000,0
2026-02|DIRECT|C01173,2026-02,direct,DIRECT,C01173,210000,1,210000,0
2026-02|DIRECT|C01204,2026-02,direct,DIRECT,C01204,167000,1,167000,0
2026-02|DIRECT|C01207,2026-02,direct,DIRECT,C01207,124000,1,124000,0
2026-02|DIRECT|C01264,2026-02,direct,DIRECT,C01264,104400,1,104400,0
2026-02|DIRECT|C01332,2026-02,direct,DIRECT,C01332,106800,1,106800,0
2026-02|DIRECT|C01335,2026-02,direct,DIRECT,C01335,140000,1,140000,0
2026-02|DIRECT|C01349,2026-02,direct,DIRECT,C01349,53714,1,53714,0
2026-02|DIRECT|C01439,2026-02,direct,DIRECT,C01439,28800,1,28800,0
2026-02|DIRECT|C01517,2026-02,direct,DIRECT,C01517,207000,1,207000,0
2026-02|DIRECT|C01548,2026-02,direct,DIRECT,C01548,226800,1,226800,0
2026-02|DIRECT|C01582,2026-02,direct,DIRECT,C01582,206000,1,206000,0
2026-02|DIRECT|C01613,2026-02,direct,DIRECT,C01613,279600,1,279600,0
2026-02|DIRECT|C01675,2026-02,direct,DIRECT,C01675,403000,1,403000,0
2026-02|DIRECT|C01697,2026-02,direct,DIRECT,C01697,235000,1,235000,0
2026-02|DIRECT|C01786,2026-02,direct,DIRECT,C01786,132000,1,132000,0
2026-02|DIRECT|C01791,2026-02,direct,DIRECT,C01791,318000,1,318000,0
2026-02|DIRECT|C01796,2026-02,direct,DIRECT,C01796,365000,1,365000,0
2026-02|DIRECT|C01828,2026-02,direct,DIRECT,C01828,181000,1,181000,0
2026-02|DIRECT|C01865,2026-02,direct,DIRECT,C01865,75000,1,75000,0
2026-02|DIRECT|C01872,2026-02,direct,DIRECT,C01872,31200,1,31200,0
2026-02|DIRECT|C01883,2026-02,direct,DIRECT,C01883,380571,1,380571,0
2026-02|DIRECT|C01899,2026-02,direct,DIRECT,C01899,538000,1,538000,0
2026-02|DIRECT|C01943,2026-02,direct,DIRECT,C01943,972000,1,972000,0
2026-02|DIRECT|C01952,2026-02,direct,DIRECT,C01952,86000,1,86000,0
2026-02|DIRECT|C01954,2026-02,direct,DIRECT,C01954,467000,2,467000,0
2026-02|DIRECT|C01974,2026-02,direct,DIRECT,C01974,171000,1,171000,0
2026-02|DIRECT|C01997,2026-02,direct,DIRECT,C01997,419000,1,419000,0
2026-02|DIRECT|C02003,2026-02,direct,DIRECT,C02003,290429,1,290429,0
2026-02|DIRECT|C02019,2026-02,direct,DIRECT,C02019,258000,1,258000,0
2026-02|DIRECT|C02022,2026-02,direct,DIRECT,C02022,346800,1,346800,0
2026-02|DIRECT|C02051,2026-02,direct,DIRECT,C02051,497000,1,497000,0
2026-02|DIRECT|C02091,2026-02,direct,DIRECT,C02091,222000,2,222000,0
2026-02|DIRECT|C02141,2026-02,direct,DIRECT,C02141,135000,1,135000,0
2026-02|DIRECT|C02154,2026-02,direct,DIRECT,C02154,1039200,1,1039200,0
2026-02|DIRECT|C02160,2026-02,direct,DIRECT,C02160,212400,1,212400,0
2026-02|DIRECT|C02183,2026-02,direct,DIRECT,C02183,2364000,1,2364000,0
2026-02|DIRECT|C02184,2026-02,direct,DIRECT,C02184,129000,1,129000,0
2026-02|DIRECT|C02192,2026-02,direct,DIRECT,C02192,174000,1,174000,0
2026-02|DIRECT|C02210,2026-02,direct,DIRECT,C02210,168000,1,168000,0
2026-02|DIRECT|C02222,2026-02,direct,DIRECT,C02222,186000,1,186000,0
2026-02|DIRECT|C02233,2026-02,direct,DIRECT,C02233,183000,1,183000,0
2026-02|DIRECT|C02260,2026-02,direct,DIRECT,C02260,262800,1,262800,0
2026-02|DIRECT|C02283,2026-02,direct,DIRECT,C02283,508200,2,508200,0
2026-02|DIRECT|C02285,2026-02,direct,DIRECT,C02285,203000,1,203000,0
2026-02|DIRECT|C02288,2026-02,direct,DIRECT,C02288,846000,1,846000,0
2026-02|DIRECT|C02341,2026-02,direct,DIRECT,C02341,65057,1,65057,0
2026-02|DIRECT|C02346,2026-02,direct,DIRECT,C02346,168000,1,168000,0
2026-02|DIRECT|C02348,2026-02,direct,DIRECT,C02348,174000,1,174000,0
2026-02|DIRECT|C02360,2026-02,direct,DIRECT,C02360,311000,1,311000,0
2026-02|DIRECT|C02391,2026-02,direct,DIRECT,C02391,57600,1,57600,0
2026-02|DIRECT|C02429,2026-02,direct,DIRECT,C02429,225600,1,225600,0
2026-02|DIRECT|C02448,2026-02,direct,DIRECT,C02448,207000,1,207000,0
2026-02|DIRECT|C02492,2026-02,direct,DIRECT,C02492,290400,1,290400,0
2026-02|DIRECT|C02502,2026-02,direct,DIRECT,C02502,225000,1,225000,0
2026-02|DIRECT|C02506,2026-02,direct,DIRECT,C02506,304800,1,304800,0
2026-02|DIRECT|C02547,2026-02,direct,DIRECT,C02547,187200,1,187200,0
2026-02|DIRECT|C02555,2026-02,direct,DIRECT,C02555,63600,1,63600,0
2026-02|DIRECT|C02580,2026-02,direct,DIRECT,C02580,126000,1,126000,0
2026-02|DIRECT|C02585,2026-02,direct,DIRECT,C02585,346457,1,346457,0
2026-02|DIRECT|C02589,2026-02,direct,DIRECT,C02589,532800,1,532800,0
2026-02|DIRECT|C02592,2026-02,direct,DIRECT,C02592,206000,1,206000,0
2026-02|DIRECT|C02625,2026-02,direct,DIRECT,C02625,363000,1,363000,0
2026-02|DIRECT|C02647,2026-02,direct,DIRECT,C02647,131000,1,131000,0
2026-02|DIRECT|C02658,2026-02,direct,DIRECT,C02658,254250,1,254250,0
2026-02|DIRECT|C02671,2026-02,direct,DIRECT,C02671,171600,1,171600,0
2026-02|DIRECT|C02746,2026-02,direct,DIRECT,C02746,76000,1,76000,0
2026-02|DIRECT|C02751,2026-02,direct,DIRECT,C02751,154800,1,154800,0
2026-02|DIRECT|C02783,2026-02,direct,DIRECT,C02783,479000,2,479000,0
2026-02|DIRECT|C02798,2026-02,direct,DIRECT,C02798,119000,1,119000,0
2026-02|DIRECT|C02804,2026-02,direct,DIRECT,C02804,189000,1,189000,0
2026-02|DIRECT|C02837,2026-02,direct,DIRECT,C02837,505200,2,505200,0
2026-02|DIRECT|C02852,2026-02,direct,DIRECT,C02852,315600,1,315600,0
2026-02|DIRECT|C02861,2026-02,direct,DIRECT,C02861,340000,1,340000,0
2026-02|DIRECT|C02920,2026-02,direct,DIRECT,C02920,86400,1,86400,0
2026-02|DIRECT|C02937,2026-02,direct,DIRECT,C02937,196000,1,196000,0
2026-02|DIRECT|C02941,2026-02,direct,DIRECT,C02941,130800,1,130800,0
2026-02|DIRECT|C02957,2026-02,direct,DIRECT,C02957,510000,1,510000,0
2026-02|DIRECT|C02972,2026-02,direct,DIRECT,C02972,100000,1,100000,0
2026-02|DIRECT|C03007,2026-02,direct,DIRECT,C03007,115000,1,115000,0
2026-02|DIRECT|C03021,2026-02,direct,DIRECT,C03021,429600,1,429600,0
2026-02|DIRECT|C03024,2026-02,direct,DIRECT,C03024,744000,1,744000,0
2026-02|DIRECT|C03037,2026-02,direct,DIRECT,C03037,61371,1,61371,0
2026-02|DIRECT|C03065,2026-02,direct,DIRECT,C03065,387000,1,387000,0
2026-02|DIRECT|C03155,2026-02,direct,DIRECT,C03155,177600,1,177600,0
2026-02|DIRECT|C03209,2026-02,direct,DIRECT,C03209,185000,1,185000,0
2026-02|DIRECT|C03227,2026-02,direct,DIRECT,C03227,184800,1,184800,0
2026-02|DIRECT|C03228,2026-02,direct,DIRECT,C03228,244000,1,244000,0
2026-02|DIRECT|C03233,2026-02,direct,DIRECT,C03233,467100,1,467100,0
2026-02|DIRECT|C03242,2026-02,direct,DIRECT,C03242,257000,1,257000,0
2026-02|DIRECT|C03256,2026-02,direct,DIRECT,C03256,237600,1,237600,0
2026-02|DIRECT|C03260,2026-02,direct,DIRECT,C03260,75000,1,75000,0
2026-02|DIRECT|C03277,2026-02,direct,DIRECT,C03277,364000,1,364000,0
2026-02|DIRECT|C03294,2026-02,direct,DIRECT,C03294,242000,1,242000,0
2026-02|DIRECT|C03331,2026-02,direct,DIRECT,C03331,57000,1,57000,0
2026-02|DIRECT|C03342,2026-02,direct,DIRECT,C03342,231000,1,231000,0
2026-02|DIRECT|C03353,2026-02,direct,DIRECT,C03353,660000,1,660000,0
2026-02|DIRECT|C03401,2026-02,direct,DIRECT,C03401,120000,1,120000,0
2026-02|DIRECT|C03418,2026-02,direct,DIRECT,C03418,202000,1,202000,0
2026-02|DIRECT|C03423,2026-02,direct,DIRECT,C03423,308000,2,308000,0
2026-02|DIRECT|C03444,2026-02,direct,DIRECT,C03444,163000,1,163000,0
2026-02|DIRECT|C03471,2026-02,direct,DIRECT,C03471,185679,1,185679,0
2026-02|DIRECT|C03501,2026-02,direct,DIRECT,C03501,105000,1,105000,0
2026-02|DIRECT|C03575,2026-02,direct,DIRECT,C03575,913000,1,913000,0
2026-02|DIRECT|C03622,2026-02,direct,DIRECT,C03622,392000,1,392000,0
2026-02|DIRECT|C03625,2026-02,direct,DIRECT,C03625,122000,1,122000,0
2026-02|DIRECT|C03674,2026-02,direct,DIRECT,C03674,206400,1,206400,0
2026-02|DIRECT|C03684,2026-02,direct,DIRECT,C03684,40500,1,40500,0
2026-02|DIRECT|C03695,2026-02,direct,DIRECT,C03695,202800,1,202800,0
2026-02|DIRECT|C03696,2026-02,direct,DIRECT,C03696,282000,1,282000,0
2026-02|DIRECT|C03768,2026-02,direct,DIRECT,C03768,1094000,1,1094000,0
2026-02|DIRECT|C03803,2026-02,direct,DIRECT,C03803,442000,1,442000,0
2026-02|DIRECT|C03863,2026-02,direct,DIRECT,C03863,129000,1,129000,0
2026-02|DIRECT|C03949,2026-02,direct,DIRECT,C03949,112000,1,112000,0
2026-02|DIRECT|C03958,2026-02,direct,DIRECT,C03958,194000,1,194000,0
2026-02|DIRECT|C03970,2026-02,direct,DIRECT,C03970,125000,1,125000,0
2026-02|P1|,2026-02,partner,P1,,22456444,1765,22456444,0
2026-02|P2|,2026-02,partner,P2,,11791316,942,11791316,0
2026-02|P3|,2026-02,partner,P3,,5899784,452,5899784,0
2026-03|DIRECT|C00050,2026-03,direct,DIRECT,C00050,207000,1,207000,0
2026-03|DIRECT|C00060,2026-03,direct,DIRECT,C00060,469000,1,469000,0
2026-03|DIRECT|C00070,2026-03,direct,DIRECT,C00070,171000,1,171000,0
2026-03|DIRECT|C00129,2026-03,direct,DIRECT,C00129,157000,1,157000,0
2026-03|DIRECT|C00172,2026-03,direct,DIRECT,C00172,367000,1,367000,0
2026-03|DIRECT|C00192,2026-03,direct,DIRECT,C00192,144000,1,144000,0
2026-03|DIRECT|C00212,2026-03,direct,DIRECT,C00212,194477,1,194477,0
2026-03|DIRECT|C00222,2026-03,direct,DIRECT,C00222,249000,1,249000,0
2026-03|DIRECT|C00235,2026-03,direct,DIRECT,C00235,395000,2,395000,0
2026-03|DIRECT|C00241,2026-03,direct,DIRECT,C00241,173000,1,173000,0
2026-03|DIRECT|C00304,2026-03,direct,DIRECT,C00304,129000,1,129000,0
2026-03|DIRECT|C00309,2026-03,direct,DIRECT,C00309,75000,1,75000,0
2026-03|DIRECT|C00315,2026-03,direct,DIRECT,C00315,256000,1,256000,0
2026-03|DIRECT|C00347,2026-03,direct,DIRECT,C00347,239452,1,239452,0
2026-03|DIRECT|C00360,2026-03,direct,DIRECT,C00360,240000,1,240000,0
2026-03|DIRECT|C00373,2026-03,direct,DIRECT,C00373,886452,1,886452,0
2026-03|DIRECT|C00423,2026-03,direct,DIRECT,C00423,269000,1,269000,0
2026-03|DIRECT|C00464,2026-03,direct,DIRECT,C00464,196800,1,196800,0
2026-03|DIRECT|C00467,2026-03,direct,DIRECT,C00467,350000,1,350000,0
2026-03|DIRECT|C00491,2026-03,direct,DIRECT,C00491,228000,1,228000,0
2026-03|DIRECT|C00494,2026-03,direct,DIRECT,C00494,195000,1,195000,0
2026-03|DIRECT|C00545,2026-03,direct,DIRECT,C00545,401032,1,401032,0
2026-03|DIRECT|C00562,2026-03,direct,DIRECT,C00562,261600,1,261600,0
2026-03|DIRECT|C00570,2026-03,direct,DIRECT,C00570,127200,1,127200,0
2026-03|DIRECT|C00593,2026-03,direct,DIRECT,C00593,238800,1,238800,0
2026-03|DIRECT|C00614,2026-03,direct,DIRECT,C00614,140000,1,140000,0
2026-03|DIRECT|C00642,2026-03,direct,DIRECT,C00642,222000,1,222000,0
2026-03|DIRECT|C00647,2026-03,direct,DIRECT,C00647,156000,1,156000,0
2026-03|DIRECT|C00696,2026-03,direct,DIRECT,C00696,192000,1,192000,0
2026-03|DIRECT|C00707,2026-03,direct,DIRECT,C00707,239000,1,239000,0
2026-03|DIRECT|C00733,2026-03,direct,DIRECT,C00733,99000,1,99000,0
2026-03|DIRECT|C00751,2026-03,direct,DIRECT,C00751,866400,1,866400,0
2026-03|DIRECT|C00788,2026-03,direct,DIRECT,C00788,112000,1,112000,0
2026-03|DIRECT|C00791,2026-03,direct,DIRECT,C00791,549000,1,549000,0
2026-03|DIRECT|C00874,2026-03,direct,DIRECT,C00874,122000,1,122000,0
2026-03|DIRECT|C00891,2026-03,direct,DIRECT,C00891,312000,1,312000,0
2026-03|DIRECT|C00931,2026-03,direct,DIRECT,C00931,872000,1,872000,0
2026-03|DIRECT|C00979,2026-03,direct,DIRECT,C00979,385000,1,385000,0
2026-03|DIRECT|C00997,2026-03,direct,DIRECT,C00997,183600,1,183600,0
2026-03|DIRECT|C01027,2026-03,direct,DIRECT,C01027,87323,1,87323,0
2026-03|DIRECT|C01041,2026-03,direct,DIRECT,C01041,355200,1,355200,0
2026-03|DIRECT|C01054,2026-03,direct,DIRECT,C01054,638400,1,638400,0
2026-03|DIRECT|C01064,2026-03,direct,DIRECT,C01064,681000,1,681000,0
2026-03|DIRECT|C01074,2026-03,direct,DIRECT,C01074,588000,1,588000,0
2026-03|DIRECT|C01136,2026-03,direct,DIRECT,C01136,135000,1,135000,0
2026-03|DIRECT|C01137,2026-03,direct,DIRECT,C01137,110000,1,110000,0
2026-03|DIRECT|C01173,2026-03,direct,DIRECT,C01173,210000,1,210000,0
2026-03|DIRECT|C01204,2026-03,direct,DIRECT,C01204,167000,1,167000,0
2026-03|DIRECT|C01207,2026-03,direct,DIRECT,C01207,124000,1,124000,0
2026-03|DIRECT|C01264,2026-03,direct,DIRECT,C01264,104400,1,104400,0
2026-03|DIRECT|C01332,2026-03,direct,DIRECT,C01332,106800,1,106800,0
2026-03|DIRECT|C01335,2026-03,direct,DIRECT,C01335,22581,1,22581,0
2026-03|DIRECT|C01349,2026-03,direct,DIRECT,C01349,94000,1,94000,0
2026-03|DIRECT|C01429,2026-03,direct,DIRECT,C01429,5290,1,5290,0
2026-03|DIRECT|C01517,2026-03,direct,DIRECT,C01517,207000,1,207000,0
2026-03|DIRECT|C01548,2026-03,direct,DIRECT,C01548,226800,1,226800,0
2026-03|DIRECT|C01582,2026-03,direct,DIRECT,C01582,206000,1,206000,0
2026-03|DIRECT|C01613,2026-03,direct,DIRECT,C01613,279600,1,279600,0
2026-03|DIRECT|C01675,2026-03,direct,DIRECT,C01675,403000,1,403000,0
2026-03|DIRECT|C01697,2026-03,direct,DIRECT,C01697,235000,1,235000,0
2026-03|DIRECT|C01702,2026-03,direct,DIRECT,C01702,49548,1,49548,0
2026-03|DIRECT|C01786,2026-03,direct,DIRECT,C01786,132000,1,132000,0
2026-03|DIRECT|C01791,2026-03,direct,DIRECT,C01791,318000,1,318000,0
2026-03|DIRECT|C01796,2026-03,direct,DIRECT,C01796,365000,1,365000,0
2026-03|DIRECT|C01828,2026-03,direct,DIRECT,C01828,181000,1,181000,0
2026-03|DIRECT|C01865,2026-03,direct,DIRECT,C01865,75000,1,75000,0
2026-03|DIRECT|C01872,2026-03,direct,DIRECT,C01872,31200,1,31200,0
2026-03|DIRECT|C01894,2026-03,direct,DIRECT,C01894,104000,1,104000,0
2026-03|DIRECT|C01899,2026-03,direct,DIRECT,C01899,538000,1,538000,0
2026-03|DIRECT|C01943,2026-03,direct,DIRECT,C01943,972000,1,972000,0
2026-03|DIRECT|C01952,2026-03,direct,DIRECT,C01952,86000,1,86000,0
2026-03|DIRECT|C01954,2026-03,direct,DIRECT,C01954,467000,2,467000,0
2026-03|DIRECT|C01974,2026-03,direct,DIRECT,C01974,171000,1,171000,0
2026-03|DIRECT|C01997,2026-03,direct,DIRECT,C01997,419000,1,419000,0
2026-03|DIRECT|C02003,2026-03,direct,DIRECT,C02003,313000,1,313000,0
2026-03|DIRECT|C02019,2026-03,direct,DIRECT,C02019,258000,1,258000,0
2026-03|DIRECT|C02022,2026-03,direct,DIRECT,C02022,346800,1,346800,0
2026-03|DIRECT|C02051,2026-03,direct,DIRECT,C02051,497000,1,497000,0
2026-03|DIRECT|C02091,2026-03,direct,DIRECT,C02091,222000,2,222000,0
2026-03|DIRECT|C02141,2026-03,direct,DIRECT,C02141,135000,1,135000,0
2026-03|DIRECT|C02154,2026-03,direct,DIRECT,C02154,1132723,1,1132723,0
2026-03|DIRECT|C02160,2026-03,direct,DIRECT,C02160,212400,1,212400,0
2026-03|DIRECT|C02183,2026-03,direct,DIRECT,C02183,2364000,1,2364000,0
2026-03|DIRECT|C02184,2026-03,direct,DIRECT,C02184,129000,1,129000,0
2026-03|DIRECT|C02192,2026-03,direct,DIRECT,C02192,174000,1,174000,0
2026-03|DIRECT|C02210,2026-03,direct,DIRECT,C02210,168000,1,168000,0
2026-03|DIRECT|C02212,2026-03,direct,DIRECT,C02212,26839,1,26839,0
2026-03|DIRECT|C02222,2026-03,direct,DIRECT,C02222,186000,1,186000,0
2026-03|DIRECT|C02233,2026-03,direct,DIRECT,C02233,183000,1,183000,0
2026-03|DIRECT|C02260,2026-03,direct,DIRECT,C02260,262800,1,262800,0
2026-03|DIRECT|C02283,2026-03,direct,DIRECT,C02283,508200,2,508200,0
2026-03|DIRECT|C02285,2026-03,direct,DIRECT,C02285,203000,1,203000,0
2026-03|DIRECT|C02288,2026-03,direct,DIRECT,C02288,846000,1,846000,0
2026-03|DIRECT|C02341,2026-03,direct,DIRECT,C02341,52800,1,52800,0
2026-03|DIRECT|C02346,2026-03,direct,DIRECT,C02346,168000,1,168000,0
2026-03|DIRECT|C02348,2026-03,direct,DIRECT,C02348,174000,1,174000,0
2026-03|DIRECT|C02360,2026-03,direct,DIRECT,C02360,311000,1,311000,0
2026-03|DIRECT|C02391,2026-03,direct,DIRECT,C02391,49200,1,49200,0
2026-03|DIRECT|C02414,2026-03,direct,DIRECT,C02414,43581,1,43581,0
2026-03|DIRECT|C02429,2026-03,direct,DIRECT,C02429,180890,1,180890,0
2026-03|DIRECT|C02448,2026-03,direct,DIRECT,C02448,207000,1,207000,0
2026-03|DIRECT|C02492,2026-03,direct,DIRECT,C02492,290400,1,290400,0
2026-03|DIRECT|C02502,2026-03,direct,DIRECT,C02502,225000,1,225000,0
2026-03|DIRECT|C02506,2026-03,direct,DIRECT,C02506,304800,1,304800,0
2026-03|DIRECT|C02547,2026-03,direct,DIRECT,C02547,302555,2,302555,0
2026-03|DIRECT|C02555,2026-03,direct,DIRECT,C02555,63600,1,63600,0
2026-03|DIRECT|C02580,2026-03,direct,DIRECT,C02580,126000,1,126000,0
2026-03|DIRECT|C02585,2026-03,direct,DIRECT,C02585,411600,1,411600,0
2026-03|DIRECT|C02589,2026-03,direct,DIRECT,C02589,532800,1,532800,0
2026-03|DIRECT|C02592,2026-03,direct,DIRECT,C02592,206000,1,206000,0
2026-03|DIRECT|C02625,2026-03,direct,DIRECT,C02625,363000,1,363000,0
2026-03|DIRECT|C02647,2026-03,direct,DIRECT,C02647,131000,1,131000,0
2026-03|DIRECT|C02658,2026-03,direct,DIRECT,C02658,318000,1,318000,0
2026-03|DIRECT|C02670,2026-03,direct,DIRECT,C02670,135484,1,135484,0
2026-03|DIRECT|C02671,2026-03,direct,DIRECT,C02671,171600,1,171600,0
2026-03|DIRECT|C02746,2026-03,direct,DIRECT,C02746,76000,1,76000,0
2026-03|DIRECT|C02751,2026-03,direct,DIRECT,C02751,154800,1,154800,0
2026-03|DIRECT|C02783,2026-03,direct,DIRECT,C02783,479000,2,479000,0
2026-03|DIRECT|C02798,2026-03,direct,DIRECT,C02798,119000,1,119000,0
2026-03|DIRECT|C02804,2026-03,direct,DIRECT,C02804,189000,1,189000,0
2026-03|DIRECT|C02837,2026-03,direct,DIRECT,C02837,505200,2,505200,0
2026-03|DIRECT|C02852,2026-03,direct,DIRECT,C02852,315600,1,315600,0
2026-03|DIRECT|C02861,2026-03,direct,DIRECT,C02861,379097,1,379097,0
2026-03|DIRECT|C02920,2026-03,direct,DIRECT,C02920,93368,1,93368,0
2026-03|DIRECT|C02937,2026-03,direct,DIRECT,C02937,196000,1,196000,0
2026-03|DIRECT|C02941,2026-03,direct,DIRECT,C02941,130800,1,130800,0
2026-03|DIRECT|C02957,2026-03,direct,DIRECT,C02957,510000,1,510000,0
2026-03|DIRECT|C02972,2026-03,direct,DIRECT,C02972,100000,1,100000,0
2026-03|DIRECT|C03007,2026-03,direct,DIRECT,C03007,115000,1,115000,0
2026-03|DIRECT|C03021,2026-03,direct,DIRECT,C03021,429600,1,429600,0
2026-03|DIRECT|C03024,2026-03,direct,DIRECT,C03024,744000,1,744000,0
2026-03|DIRECT|C03037,2026-03,direct,DIRECT,C03037,859200,1,859200,0
2026-03|DIRECT|C03065,2026-03,direct,DIRECT,C03065,387000,1,387000,0
2026-03|DIRECT|C03155,2026-03,direct,DIRECT,C03155,177600,1,177600,0
2026-03|DIRECT|C03189,2026-03,direct,DIRECT,C03189,640161,1,640161,0
2026-03|DIRECT|C03209,2026-03,direct,DIRECT,C03209,185000,1,185000,0
2026-03|DIRECT|C03227,2026-03,direct,DIRECT,C03227,184800,1,184800,0
2026-03|DIRECT|C03228,2026-03,direct,DIRECT,C03228,244000,1,244000,0
2026-03|DIRECT|C03233,2026-03,direct,DIRECT,C03233,241200,1,241200,0
2026-03|DIRECT|C03242,2026-03,direct,DIRECT,C03242,257000,1,257000,0
2026-03|DIRECT|C03256,2026-03,direct,DIRECT,C03256,237600,1,237600,0
2026-03|DIRECT|C03260,2026-03,direct,DIRECT,C03260,105968,1,105968,0
2026-03|DIRECT|C03277,2026-03,direct,DIRECT,C03277,476645,1,476645,0
2026-03|DIRECT|C03294,2026-03,direct,DIRECT,C03294,242000,1,242000,0
2026-03|DIRECT|C03331,2026-03,direct,DIRECT,C03331,57000,1,57000,0
2026-03|DIRECT|C03342,2026-03,direct,DIRECT,C03342,231000,1,231000,0
2026-03|DIRECT|C03353,2026-03,direct,DIRECT,C03353,660000,1,660000,0
2026-03|DIRECT|C03376,2026-03,direct,DIRECT,C03376,30774,1,30774,0
2026-03|DIRECT|C03401,2026-03,direct,DIRECT,C03401,120000,1,120000,0
2026-03|DIRECT|C03418,2026-03,direct,DIRECT,C03418,202000,1,202000,0
2026-03|DIRECT|C03423,2026-03,direct,DIRECT,C03423,308000,2,308000,0
2026-03|DIRECT|C03444,2026-03,direct,DIRECT,C03444,163000,1,163000,0
2026-03|DIRECT|C03471,2026-03,direct,DIRECT,C03471,212000,1,212000,0
2026-03|DIRECT|C03501,2026-03,direct,DIRECT,C03501,98000,1,98000,0
2026-03|DIRECT|C03575,2026-03,direct,DIRECT,C03575,913000,1,913000,0
2026-03|DIRECT|C03622,2026-03,direct,DIRECT,C03622,392000,1,392000,0
2026-03|DIRECT|C03625,2026-03,direct,DIRECT,C03625,122000,1,122000,0
2026-03|DIRECT|C03674,2026-03,direct,DIRECT,C03674,13316,1,13316,0
2026-03|DIRECT|C03684,2026-03,direct,DIRECT,C03684,378000,1,378000,0
2026-03|DIRECT|C03693,2026-03,direct,DIRECT,C03693,165000,1,165000,0
2026-03|DIRECT|C03695,2026-03,direct,DIRECT,C03695,300026,2,300026,0
2026-03|DIRECT|C03696,2026-03,direct,DIRECT,C03696,282000,1,282000,0
2026-03|DIRECT|C03768,2026-03,direct,DIRECT,C03768,1094000,1,1094000,0
2026-03|DIRECT|C03803,2026-03,direct,DIRECT,C03803,442000,1,442000,0
2026-03|DIRECT|C03863,2026-03,direct,DIRECT,C03863,129000,1,129000,0
2026-03|DIRECT|C03949,2026-03,direct,DIRECT,C03949,112000,1,112000,0
2026-03|DIRECT|C03958,2026-03,direct,DIRECT,C03958,194000,1,194000,0
2026-03|DIRECT|C03970,2026-03,direct,DIRECT,C03970,125000,1,125000,0
2026-03|P1|,2026-03,partner,P1,,23917534,1881,23917534,0
2026-03|P2|,2026-03,partner,P2,,12482983,986,12482983,0
2026-03|P3|,2026-03,partner,P3,,6151193,480,6151193,0
2026-04|DIRECT|C00050,2026-04,direct,DIRECT,C00050,207000,1,207000,0
2026-04|DIRECT|C00060,2026-04,direct,DIRECT,C00060,469000,1,469000,0
2026-04|DIRECT|C00070,2026-04,direct,DIRECT,C00070,171000,1,171000,0
2026-04|DIRECT|C00129,2026-04,direct,DIRECT,C00129,157000,1,157000,0
2026-04|DIRECT|C00172,2026-04,direct,DIRECT,C00172,367000,1,367000,0
2026-04|DIRECT|C00191,2026-04,direct,DIRECT,C00191,89367,1,89367,0
2026-04|DIRECT|C00192,2026-04,direct,DIRECT,C00192,144000,1,144000,0
2026-04|DIRECT|C00212,2026-04,direct,DIRECT,C00212,753600,1,753600,0
2026-04|DIRECT|C00222,2026-04,direct,DIRECT,C00222,249000,1,249000,0
2026-04|DIRECT|C00235,2026-04,direct,DIRECT,C00235,449000,2,449000,0
2026-04|DIRECT|C00241,2026-04,direct,DIRECT,C00241,173000,1,173000,0
2026-04|DIRECT|C00304,2026-04,direct,DIRECT,C00304,129000,1,129000,0
2026-04|DIRECT|C00309,2026-04,direct,DIRECT,C00309,75000,1,75000,0
2026-04|DIRECT|C00315,2026-04,direct,DIRECT,C00315,256000,1,256000,0
2026-04|DIRECT|C00347,2026-04,direct,DIRECT,C00347,241000,1,241000,0
2026-04|DIRECT|C00360,2026-04,direct,DIRECT,C00360,240000,1,240000,0
2026-04|DIRECT|C00373,2026-04,direct,DIRECT,C00373,1034400,1,1034400,0
2026-04|DIRECT|C00423,2026-04,direct,DIRECT,C00423,421667,2,421667,0
2026-04|DIRECT|C00464,2026-04,direct,DIRECT,C00464,196800,1,196800,0
2026-04|DIRECT|C00467,2026-04,direct,DIRECT,C00467,350000,1,350000,0
2026-04|DIRECT|C00491,2026-04,direct,DIRECT,C00491,228000,1,228000,0
2026-04|DIRECT|C00494,2026-04,direct,DIRECT,C00494,195000,1,195000,0
2026-04|DIRECT|C00545,2026-04,direct,DIRECT,C00545,444000,1,444000,0
2026-04|DIRECT|C00562,2026-04,direct,DIRECT,C00562,261600,1,261600,0
2026-04|DIRECT|C00570,2026-04,direct,DIRECT,C00570,127200,1,127200,0
2026-04|DIRECT|C00593,2026-04,direct,DIRECT,C00593,238800,1,238800,0
2026-04|DIRECT|C00614,2026-04,direct,DIRECT,C00614,140000,1,140000,0
2026-04|DIRECT|C00642,2026-04,direct,DIRECT,C00642,222000,1,222000,0
2026-04|DIRECT|C00647,2026-04,direct,DIRECT,C00647,156000,1,156000,0
2026-04|DIRECT|C00696,2026-04,direct,DIRECT,C00696,192000,1,192000,0
2026-04|DIRECT|C00707,2026-04,direct,DIRECT,C00707,239000,1,239000,0
2026-04|DIRECT|C00733,2026-04,direct,DIRECT,C00733,99000,1,99000,0
2026-04|DIRECT|C00751,2026-04,direct,DIRECT,C00751,866400,1,866400,0
2026-04|DIRECT|C00788,2026-04,direct,DIRECT,C00788,112000,1,112000,0
2026-04|DIRECT|C00791,2026-04,direct,DIRECT,C00791,549000,1,549000,0
2026-04|DIRECT|C00874,2026-04,direct,DIRECT,C00874,122000,1,122000,0
2026-04|DIRECT|C00891,2026-04,direct,DIRECT,C00891,312000,1,312000,0
2026-04|DIRECT|C00931,2026-04,direct,DIRECT,C00931,386400,1,386400,0
2026-04|DIRECT|C00979,2026-04,direct,DIRECT,C00979,385000,1,385000,0
2026-04|DIRECT|C00997,2026-04,direct,DIRECT,C00997,183600,1,183600,0
2026-04|DIRECT|C01027,2026-04,direct,DIRECT,C01027,127000,1,127000,0
2026-04|DIRECT|C01041,2026-04,direct,DIRECT,C01041,355200,1,355200,0
2026-04|DIRECT|C01054,2026-04,direct,DIRECT,C01054,638400,1,638400,0
2026-04|DIRECT|C01064,2026-04,direct,DIRECT,C01064,681000,1,681000,0
2026-04|DIRECT|C01074,2026-04,direct,DIRECT,C01074,588000,1,588000,0
2026-04|DIRECT|C01136,2026-04,direct,DIRECT,C01136,135000,1,135000,0
2026-04|DIRECT|C01137,2026-04,direct,DIRECT,C01137,110000,1,110000,0
2026-04|DIRECT|C01173,2026-04,direct,DIRECT,C01173,210000,1,210000,0
2026-04|DIRECT|C01204,2026-04,direct,DIRECT,C01204,167000,1,167000,0
2026-04|DIRECT|C01207,2026-04,direct,DIRECT,C01207,124000,1,124000,0
2026-04|DIRECT|C01264,2026-04,direct,DIRECT,C01264,104400,1,104400,0
2026-04|DIRECT|C01332,2026-04,direct,DIRECT,C01332,106800,1,106800,0
2026-04|DIRECT|C01349,2026-04,direct,DIRECT,C01349,94000,1,94000,0
2026-04|DIRECT|C01429,2026-04,direct,DIRECT,C01429,82000,1,82000,0
2026-04|DIRECT|C01516,2026-04,direct,DIRECT,C01516,19360,1,19360,0
2026-04|DIRECT|C01517,2026-04,direct,DIRECT,C01517,207000,1,207000,0
2026-04|DIRECT|C01548,2026-04,direct,DIRECT,C01548,188400,1,188400,0
2026-04|DIRECT|C01582,2026-04,direct,DIRECT,C01582,206000,1,206000,0
2026-04|DIRECT|C01613,2026-04,direct,DIRECT,C01613,279600,1,279600,0
2026-04|DIRECT|C01675,2026-04,direct,DIRECT,C01675,403000,1,403000,0
2026-04|DIRECT|C01697,2026-04,direct,DIRECT,C01697,235000,1,235000,0
2026-04|DIRECT|C01702,2026-04,direct,DIRECT,C01702,192000,1,192000,0
2026-04|DIRECT|C01786,2026-04,direct,DIRECT,C01786,132000,1,132000,0
2026-04|DIRECT|C01791,2026-04,direct,DIRECT,C01791,318000,1,318000,0
2026-04|DIRECT|C01796,2026-04,direct,DIRECT,C01796,365000,1,365000,0
2026-04|DIRECT|C01828,2026-04,direct,DIRECT,C01828,181000,1,181000,0
2026-04|DIRECT|C01865,2026-04,direct,DIRECT,C01865,75000,1,75000,0
2026-04|DIRECT|C01872,2026-04,direct,DIRECT,C01872,31200,1,31200,0
2026-04|DIRECT|C01894,2026-04,direct,DIRECT,C01894,124000,1,124000,0
2026-04|DIRECT|C01899,2026-04,direct,DIRECT,C01899,538000,1,538000,0
2026-04|DIRECT|C01915,2026-04,direct,DIRECT,C01915,28600,1,28600,0
2026-04|DIRECT|C01943,2026-04,direct,DIRECT,C01943,972000,1,972000,0
2026-04|DIRECT|C01952,2026-04,direct,DIRECT,C01952,86000,1,86000,0
2026-04|DIRECT|C01954,2026-04,direct,DIRECT,C01954,467000,2,467000,0
2026-04|DIRECT|C01974,2026-04,direct,DIRECT,C01974,171000,1,171000,0
2026-04|DIRECT|C01997,2026-04,direct,DIRECT,C01997,419000,1,419000,0
2026-04|DIRECT|C02003,2026-04,direct,DIRECT,C02003,313000,1,313000,0
2026-04|DIRECT|C02019,2026-04,direct,DIRECT,C02019,258000,1,258000,0
2026-04|DIRECT|C02022,2026-04,direct,DIRECT,C02022,346800,1,346800,0
2026-04|DIRECT|C02051,2026-04,direct,DIRECT,C02051,497000,1,497000,0
2026-04|DIRECT|C02091,2026-04,direct,DIRECT,C02091,185200,2,185200,0
2026-04|DIRECT|C02141,2026-04,direct,DIRECT,C02141,135000,1,135000,0
2026-04|DIRECT|C02154,2026-04,direct,DIRECT,C02154,1220400,1,1220400,0
2026-04|DIRECT|C02160,2026-04,direct,DIRECT,C02160,212400,1,212400,0
2026-04|DIRECT|C02183,2026-04,direct,DIRECT,C02183,2364000,1,2364000,0
2026-04|DIRECT|C02184,2026-04,direct,DIRECT,C02184,129000,1,129000,0
2026-04|DIRECT|C02192,2026-04,direct,DIRECT,C02192,174000,1,174000,0
2026-04|DIRECT|C02210,2026-04,direct,DIRECT,C02210,168000,1,168000,0
2026-04|DIRECT|C02212,2026-04,direct,DIRECT,C02212,64000,1,64000,0
2026-04|DIRECT|C02222,2026-04,direct,DIRECT,C02222,186000,1,186000,0
2026-04|DIRECT|C02233,2026-04,direct,DIRECT,C02233,183000,1,183000,0
2026-04|DIRECT|C02260,2026-04,direct,DIRECT,C02260,262800,1,262800,0
2026-04|DIRECT|C02283,2026-04,direct,DIRECT,C02283,508200,2,508200,0
2026-04|DIRECT|C02285,2026-04,direct,DIRECT,C02285,203000,1,203000,0
2026-04|DIRECT|C02288,2026-04,direct,DIRECT,C02288,846000,1,846000,0
2026-04|DIRECT|C02341,2026-04,direct,DIRECT,C02341,52800,1,52800,0
2026-04|DIRECT|C02346,2026-04,direct,DIRECT,C02346,303633,2,303633,0
2026-04|DIRECT|C02348,2026-04,direct,DIRECT,C02348,174000,1,174000,0
2026-04|DIRECT|C02360,2026-04,direct,DIRECT,C02360,259167,1,259167,0
2026-04|DIRECT|C02391,2026-04,direct,DIRECT,C02391,49200,1,49200,0
2026-04|DIRECT|C02414,2026-04,direct,DIRECT,C02414,193000,1,193000,0
2026-04|DIRECT|C02429,2026-04,direct,DIRECT,C02429,133200,1,133200,0
2026-04|DIRECT|C02448,2026-04,direct,DIRECT,C02448,207000,1,207000,0
2026-04|DIRECT|C02492,2026-04,direct,DIRECT,C02492,290400,1,290400,0
2026-04|DIRECT|C02502,2026-04,direct,DIRECT,C02502,225000,1,225000,0
2026-04|DIRECT|C02506,2026-04,direct,DIRECT,C02506,304800,1,304800,0
2026-04|DIRECT|C02547,2026-04,direct,DIRECT,C02547,467200,2,467200,0
2026-04|DIRECT|C02555,2026-04,direct,DIRECT,C02555,63600,1,63600,0
2026-04|DIRECT|C02580,2026-04,direct,DIRECT,C02580,126000,1,126000,0
2026-04|DIRECT|C02585,2026-04,direct,DIRECT,C02585,411600,1,411600,0
2026-04|DIRECT|C02589,2026-04,direct,DIRECT,C02589,532800,1,532800,0
2026-04|DIRECT|C02592,2026-04,direct,DIRECT,C02592,206000,1,206000,0
2026-04|DIRECT|C02625,2026-04,direct,DIRECT,C02625,363000,1,363000,0
2026-04|DIRECT|C02647,2026-04,direct,DIRECT,C02647,131000,1,131000,0
2026-04|DIRECT|C02658,2026-04,direct,DIRECT,C02658,318000,1,318000,0
2026-04|DIRECT|C02670,2026-04,direct,DIRECT,C02670,140000,1,140000,0
2026-04|DIRECT|C02671,2026-04,direct,DIRECT,C02671,171600,1,171600,0
2026-04|DIRECT|C02701,2026-04,direct,DIRECT,C02701,63200,1,63200,0
2026-04|DIRECT|C02746,2026-04,direct,DIRECT,C02746,76000,1,76000,0
2026-04|DIRECT|C02751,2026-04,direct,DIRECT,C02751,154800,1,154800,0
2026-04|DIRECT|C02783,2026-04,direct,DIRECT,C02783,479000,2,479000,0
2026-04|DIRECT|C02798,2026-04,direct,DIRECT,C02798,119000,1,119000,0
2026-04|DIRECT|C02804,2026-04,direct,DIRECT,C02804,189000,1,189000,0
2026-04|DIRECT|C02837,2026-04,direct,DIRECT,C02837,505200,2,505200,0
2026-04|DIRECT|C02852,2026-04,direct,DIRECT,C02852,315600,1,315600,0
2026-04|DIRECT|C02861,2026-04,direct,DIRECT,C02861,542000,1,542000,0
2026-04|DIRECT|C02920,2026-04,direct,DIRECT,C02920,155520,1,155520,0
2026-04|DIRECT|C02937,2026-04,direct,DIRECT,C02937,196000,1,196000,0
2026-04|DIRECT|C02941,2026-04,direct,DIRECT,C02941,130800,1,130800,0
2026-04|DIRECT|C02957,2026-04,direct,DIRECT,C02957,510000,1,510000,0
2026-04|DIRECT|C02963,2026-04,direct,DIRECT,C02963,8280,1,8280,0
2026-04|DIRECT|C02972,2026-04,direct,DIRECT,C02972,66667,1,66667,0
2026-04|DIRECT|C03007,2026-04,direct,DIRECT,C03007,115000,1,115000,0
2026-04|DIRECT|C03021,2026-04,direct,DIRECT,C03021,429600,1,429600,0
2026-04|DIRECT|C03024,2026-04,direct,DIRECT,C03024,744000,1,744000,0
2026-04|DIRECT|C03037,2026-04,direct,DIRECT,C03037,859200,1,859200,0
2026-04|DIRECT|C03065,2026-04,direct,DIRECT,C03065,387000,1,387000,0
2026-04|DIRECT|C03155,2026-04,direct,DIRECT,C03155,177600,1,177600,0
2026-04|DIRECT|C03184,2026-04,direct,DIRECT,C03184,78400,1,78400,0
2026-04|DIRECT|C03189,2026-04,direct,DIRECT,C03189,735000,1,735000,0
2026-04|DIRECT|C03209,2026-04,direct,DIRECT,C03209,185000,1,185000,0
2026-04|DIRECT|C03227,2026-04,direct,DIRECT,C03227,184800,1,184800,0
2026-04|DIRECT|C03228,2026-04,direct,DIRECT,C03228,244000,1,244000,0
2026-04|DIRECT|C03233,2026-04,direct,DIRECT,C03233,241200,1,241200,0
2026-04|DIRECT|C03242,2026-04,direct,DIRECT,C03242,257000,1,257000,0
2026-04|DIRECT|C03256,2026-04,direct,DIRECT,C03256,237600,1,237600,0
2026-04|DIRECT|C03260,2026-04,direct,DIRECT,C03260,107000,1,107000,0
2026-04|DIRECT|C03277,2026-04,direct,DIRECT,C03277,558000,1,558000,0
2026-04|DIRECT|C03294,2026-04,direct,DIRECT,C03294,242000,1,242000,0
2026-04|DIRECT|C03331,2026-04,direct,DIRECT,C03331,57000,1,57000,0
2026-04|DIRECT|C03342,2026-04,direct,DIRECT,C03342,231000,1,231000,0
2026-04|DIRECT|C03353,2026-04,direct,DIRECT,C03353,660000,1,660000,0
2026-04|DIRECT|C03358,2026-04,direct,DIRECT,C03358,28133,1,28133,0
2026-04|DIRECT|C03376,2026-04,direct,DIRECT,C03376,178000,1,178000,0
2026-04|DIRECT|C03401,2026-04,direct,DIRECT,C03401,120000,1,120000,0
2026-04|DIRECT|C03418,2026-04,direct,DIRECT,C03418,202000,1,202000,0
2026-04|DIRECT|C03423,2026-04,direct,DIRECT,C03423,308000,2,308000,0
2026-04|DIRECT|C03444,2026-04,direct,DIRECT,C03444,163000,1,163000,0
2026-04|DIRECT|C03471,2026-04,direct,DIRECT,C03471,212000,1,212000,0
2026-04|DIRECT|C03501,2026-04,direct,DIRECT,C03501,98000,1,98000,0
2026-04|DIRECT|C03575,2026-04,direct,DIRECT,C03575,913000,1,913000,0
2026-04|DIRECT|C03622,2026-04,direct,DIRECT,C03622,392000,1,392000,0
2026-04|DIRECT|C03625,2026-04,direct,DIRECT,C03625,122000,1,122000,0
2026-04|DIRECT|C03684,2026-04,direct,DIRECT,C03684,378000,1,378000,0
2026-04|DIRECT|C03686,2026-04,direct,DIRECT,C03686,219440,1,219440,0
2026-04|DIRECT|C03693,2026-04,direct,DIRECT,C03693,341000,1,341000,0
2026-04|DIRECT|C03695,2026-04,direct,DIRECT,C03695,371800,2,371800,0
2026-04|DIRECT|C03696,2026-04,direct,DIRECT,C03696,282000,1,282000,0
2026-04|DIRECT|C03768,2026-04,direct,DIRECT,C03768,1094000,1,1094000,0
2026-04|DIRECT|C03803,2026-04,direct,DIRECT,C03803,442000,1,442000,0
2026-04|DIRECT|C03863,2026-04,direct,DIRECT,C03863,129000,1,129000,0
2026-04|DIRECT|C03949,2026-04,direct,DIRECT,C03949,112000,1,112000,0
2026-04|DIRECT|C03958,2026-04,direct,DIRECT,C03958,194000,1,194000,0
2026-04|DIRECT|C03970,2026-04,direct,DIRECT,C03970,125000,1,125000,0
2026-04|P1|,2026-04,partner,P1,,25168479,1974,25168479,0
2026-04|P2|,2026-04,partner,P2,,13249880,1040,13249880,0
2026-04|P3|,2026-04,partner,P3,,6508073,506,6508073,0
2026-05|DIRECT|C00050,2026-05,direct,DIRECT,C00050,207000,1,207000,0
2026-05|DIRECT|C00060,2026-05,direct,DIRECT,C00060,469000,1,469000,0
2026-05|DIRECT|C00070,2026-05,direct,DIRECT,C00070,171000,1,171000,0
2026-05|DIRECT|C00129,2026-05,direct,DIRECT,C00129,157000,1,157000,0
2026-05|DIRECT|C00172,2026-05,direct,DIRECT,C00172,367000,1,367000,0
2026-05|DIRECT|C00191,2026-05,direct,DIRECT,C00191,383000,1,383000,0
2026-05|DIRECT|C00192,2026-05,direct,DIRECT,C00192,144000,1,144000,0
2026-05|DIRECT|C00209,2026-05,direct,DIRECT,C00209,97935,1,97935,0
2026-05|DIRECT|C00212,2026-05,direct,DIRECT,C00212,753600,1,753600,0
2026-05|DIRECT|C00222,2026-05,direct,DIRECT,C00222,249000,1,249000,0
2026-05|DIRECT|C00235,2026-05,direct,DIRECT,C00235,449000,2,449000,0
2026-05|DIRECT|C00241,2026-05,direct,DIRECT,C00241,173000,1,173000,0
2026-05|DIRECT|C00304,2026-05,direct,DIRECT,C00304,129000,1,129000,0
2026-05|DIRECT|C00309,2026-05,direct,DIRECT,C00309,75000,1,75000,0
2026-05|DIRECT|C00315,2026-05,direct,DIRECT,C00315,256000,1,256000,0
2026-05|DIRECT|C00347,2026-05,direct,DIRECT,C00347,241000,1,241000,0
2026-05|DIRECT|C00360,2026-05,direct,DIRECT,C00360,240000,1,240000,0
2026-05|DIRECT|C00373,2026-05,direct,DIRECT,C00373,1034400,1,1034400,0
2026-05|DIRECT|C00423,2026-05,direct,DIRECT,C00423,498000,2,498000,0
2026-05|DIRECT|C00464,2026-05,direct,DIRECT,C00464,196800,1,196800,0
2026-05|DIRECT|C00467,2026-05,direct,DIRECT,C00467,350000,1,350000,0
2026-05|DIRECT|C00491,2026-05,direct,DIRECT,C00491,228000,1,228000,0
2026-05|DIRECT|C00494,2026-05,direct,DIRECT,C00494,195000,1,195000,0
2026-05|DIRECT|C00545,2026-05,direct,DIRECT,C00545,444000,1,444000,0
2026-05|DIRECT|C00557,2026-05,direct,DIRECT,C00557,63742,1,63742,0
2026-05|DIRECT|C00562,2026-05,direct,DIRECT,C00562,261600,1,261600,0
2026-05|DIRECT|C00570,2026-05,direct,DIRECT,C00570,127200,1,127200,0
2026-05|DIRECT|C00593,2026-05,direct,DIRECT,C00593,243445,1,243445,0
2026-05|DIRECT|C00614,2026-05,direct,DIRECT,C00614,140000,1,140000,0
2026-05|DIRECT|C00642,2026-05,direct,DIRECT,C00642,222000,1,222000,0
2026-05|DIRECT|C00647,2026-05,direct,DIRECT,C00647,140903,1,140903,0
2026-05|DIRECT|C00696,2026-05,direct,DIRECT,C00696,192000,1,192000,0
2026-05|DIRECT|C00707,2026-05,direct,DIRECT,C00707,239000,1,239000,0
2026-05|DIRECT|C00733,2026-05,direct,DIRECT,C00733,99000,1,99000,0
2026-05|DIRECT|C00751,2026-05,direct,DIRECT,C00751,866400,1,866400,0
2026-05|DIRECT|C00788,2026-05,direct,DIRECT,C00788,112000,1,112000,0
2026-05|DIRECT|C00790,2026-05,direct,DIRECT,C00790,5548,1,5548,0
2026-05|DIRECT|C00791,2026-05,direct,DIRECT,C00791,549000,1,549000,0
2026-05|DIRECT|C00874,2026-05,direct,DIRECT,C00874,122000,1,122000,0
2026-05|DIRECT|C00891,2026-05,direct,DIRECT,C00891,312000,1,312000,0
2026-05|DIRECT|C00931,2026-05,direct,DIRECT,C00931,265000,1,265000,0
2026-05|DIRECT|C00979,2026-05,direct,DIRECT,C00979,385000,1,385000,0
2026-05|DIRECT|C00997,2026-05,direct,DIRECT,C00997,183600,1,183600,0
2026-05|DIRECT|C01027,2026-05,direct,DIRECT,C01027,127000,1,127000,0
2026-05|DIRECT|C01041,2026-05,direct,DIRECT,C01041,355200,1,355200,0
2026-05|DIRECT|C01054,2026-05,direct,DIRECT,C01054,638400,1,638400,0
2026-05|DIRECT|C01064,2026-05,direct,DIRECT,C01064,681000,1,681000,0
2026-05|DIRECT|C01074,2026-05,direct,DIRECT,C01074,588000,1,588000,0
2026-05|DIRECT|C01136,2026-05,direct,DIRECT,C01136,135000,1,135000,0
2026-05|DIRECT|C01137,2026-05,direct,DIRECT,C01137,110000,1,110000,0
2026-05|DIRECT|C01173,2026-05,direct,DIRECT,C01173,210000,1,210000,0
2026-05|DIRECT|C01204,2026-05,direct,DIRECT,C01204,167000,1,167000,0
2026-05|DIRECT|C01207,2026-05,direct,DIRECT,C01207,131742,1,131742,0
2026-05|DIRECT|C01264,2026-05,direct,DIRECT,C01264,104400,1,104400,0
2026-05|DIRECT|C01332,2026-05,direct,DIRECT,C01332,106800,1,106800,0
2026-05|DIRECT|C01349,2026-05,direct,DIRECT,C01349,94000,1,94000,0
2026-05|DIRECT|C01429,2026-05,direct,DIRECT,C01429,82000,1,82000,0
2026-05|DIRECT|C01516,2026-05,direct,DIRECT,C01516,580800,1,580800,0
2026-05|DIRECT|C01517,2026-05,direct,DIRECT,C01517,150613,1,150613,0
2026-05|DIRECT|C01548,2026-05,direct,DIRECT,C01548,178800,1,178800,0
2026-05|DIRECT|C01582,2026-05,direct,DIRECT,C01582,206000,1,206000,0
2026-05|DIRECT|C01613,2026-05,direct,DIRECT,C01613,279600,1,279600,0
2026-05|DIRECT|C01675,2026-05,direct,DIRECT,C01675,403000,1,403000,0
2026-05|DIRECT|C01697,2026-05,direct,DIRECT,C01697,235000,1,235000,0
2026-05|DIRECT|C01702,2026-05,direct,DIRECT,C01702,192000,1,192000,0
2026-05|DIRECT|C01786,2026-05,direct,DIRECT,C01786,132000,1,132000,0
2026-05|DIRECT|C01791,2026-05,direct,DIRECT,C01791,318000,1,318000,0
2026-05|DIRECT|C01796,2026-05,direct,DIRECT,C01796,365000,1,365000,0
2026-05|DIRECT|C01828,2026-05,direct,DIRECT,C01828,181000,1,181000,0
2026-05|DIRECT|C01865,2026-05,direct,DIRECT,C01865,199548,2,199548,0
2026-05|DIRECT|C01872,2026-05,direct,DIRECT,C01872,31200,1,31200,0
2026-05|DIRECT|C01894,2026-05,direct,DIRECT,C01894,124000,1,124000,0
2026-05|DIRECT|C01899,2026-05,direct,DIRECT,C01899,538000,1,538000,0
2026-05|DIRECT|C01915,2026-05,direct,DIRECT,C01915,143000,1,143000,0
2026-05|DIRECT|C01943,2026-05,direct,DIRECT,C01943,972000,1,972000,0
2026-05|DIRECT|C01952,2026-05,direct,DIRECT,C01952,86000,1,86000,0
2026-05|DIRECT|C01954,2026-05,direct,DIRECT,C01954,467000,2,467000,0
2026-05|DIRECT|C01974,2026-05,direct,DIRECT,C01974,171000,1,171000,0
2026-05|DIRECT|C01997,2026-05,direct,DIRECT,C01997,419000,1,419000,0
2026-05|DIRECT|C02003,2026-05,direct,DIRECT,C02003,313000,1,313000,0
2026-05|DIRECT|C02019,2026-05,direct,DIRECT,C02019,258000,1,258000,0
2026-05|DIRECT|C02022,2026-05,direct,DIRECT,C02022,346800,1,346800,0
2026-05|DIRECT|C02051,2026-05,direct,DIRECT,C02051,497000,1,497000,0
2026-05|DIRECT|C02091,2026-05,direct,DIRECT,C02091,176000,2,176000,0
2026-05|DIRECT|C02141,2026-05,direct,DIRECT,C02141,135000,1,135000,0
2026-05|DIRECT|C02154,2026-05,direct,DIRECT,C02154,1220400,1,1220400,0
2026-05|DIRECT|C02160,2026-05,direct,DIRECT,C02160,212400,1,212400,0
2026-05|DIRECT|C02183,2026-05,direct,DIRECT,C02183,2364000,1,2364000,0
2026-05|DIRECT|C02184,2026-05,direct,DIRECT,C02184,62419,1,62419,0
2026-05|DIRECT|C02192,2026-05,direct,DIRECT,C02192,174000,1,174000,0
2026-05|DIRECT|C02210,2026-05,direct,DIRECT,C02210,168000,1,168000,0
2026-05|DIRECT|C02212,2026-05,direct,DIRECT,C02212,64000,1,64000,0
2026-05|DIRECT|C02222,2026-05,direct,DIRECT,C02222,186000,1,186000,0
2026-05|DIRECT|C02233,2026-05,direct,DIRECT,C02233,183000,1,183000,0
2026-05|DIRECT|C02260,2026-05,direct,DIRECT,C02260,262800,1,262800,0
2026-05|DIRECT|C02283,2026-05,direct,DIRECT,C02283,508200,2,508200,0
2026-05|DIRECT|C02285,2026-05,direct,DIRECT,C02285,203000,1,203000,0
2026-05|DIRECT|C02288,2026-05,direct,DIRECT,C02288,846000,1,846000,0
2026-05|DIRECT|C02341,2026-05,direct,DIRECT,C02341,47226,1,47226,0
2026-05|DIRECT|C02346,2026-05,direct,DIRECT,C02346,414806,2,414806,0
2026-05|DIRECT|C02348,2026-05,direct,DIRECT,C02348,174000,1,174000,0
2026-05|DIRECT|C02352,2026-05,direct,DIRECT,C02352,105910,1,105910,0
2026-05|DIRECT|C02391,2026-05,direct,DIRECT,C02391,49200,1,49200,0
2026-05|DIRECT|C02414,2026-05,direct,DIRECT,C02414,193000,1,193000,0
2026-05|DIRECT|C02429,2026-05,direct,DIRECT,C02429,133200,1,133200,0
2026-05|DIRECT|C02448,2026-05,direct,DIRECT,C02448,207000,1,207000,0
2026-05|DIRECT|C02492,2026-05,direct,DIRECT,C02492,290400,1,290400,0
2026-05|DIRECT|C02502,2026-05,direct,DIRECT,C02502,225000,1,225000,0
2026-05|DIRECT|C02506,2026-05,direct,DIRECT,C02506,304800,1,304800,0
2026-05|DIRECT|C02547,2026-05,direct,DIRECT,C02547,377200,2,377200,0
2026-05|DIRECT|C02555,2026-05,direct,DIRECT,C02555,63600,1,63600,0
2026-05|DIRECT|C02580,2026-05,direct,DIRECT,C02580,126000,1,126000,0
2026-05|DIRECT|C02585,2026-05,direct,DIRECT,C02585,411600,1,411600,0
2026-05|DIRECT|C02589,2026-05,direct,DIRECT,C02589,532800,1,532800,0
2026-05|DIRECT|C02592,2026-05,direct,DIRECT,C02592,206000,1,206000,0
2026-05|DIRECT|C02625,2026-05,direct,DIRECT,C02625,314613,1,314613,0
2026-05|DIRECT|C02647,2026-05,direct,DIRECT,C02647,131000,1,131000,0
2026-05|DIRECT|C02654,2026-05,direct,DIRECT,C02654,209000,1,209000,0
2026-05|DIRECT|C02658,2026-05,direct,DIRECT,C02658,318000,1,318000,0
2026-05|DIRECT|C02670,2026-05,direct,DIRECT,C02670,140000,1,140000,0
2026-05|DIRECT|C02671,2026-05,direct,DIRECT,C02671,171600,1,171600,0
2026-05|DIRECT|C02701,2026-05,direct,DIRECT,C02701,463935,1,463935,0
2026-05|DIRECT|C02746,2026-05,direct,DIRECT,C02746,76000,1,76000,0
2026-05|DIRECT|C02751,2026-05,direct,DIRECT,C02751,154800,1,154800,0
2026-05|DIRECT|C02783,2026-05,direct,DIRECT,C02783,479000,2,479000,0
2026-05|DIRECT|C02786,2026-05,direct,DIRECT,C02786,188903,1,188903,0
2026-05|DIRECT|C02798,2026-05,direct,DIRECT,C02798,119000,1,119000,0
2026-05|DIRECT|C02804,2026-05,direct,DIRECT,C02804,189000,1,189000,0
2026-05|DIRECT|C02837,2026-05,direct,DIRECT,C02837,505200,2,505200,0
2026-05|DIRECT|C02852,2026-05,direct,DIRECT,C02852,315600,1,315600,0
2026-05|DIRECT|C02861,2026-05,direct,DIRECT,C02861,542000,1,542000,0
2026-05|DIRECT|C02920,2026-05,direct,DIRECT,C02920,160800,1,160800,0
2026-05|DIRECT|C02937,2026-05,direct,DIRECT,C02937,219742,1,219742,0
2026-05|DIRECT|C02941,2026-05,direct,DIRECT,C02941,130800,1,130800,0
2026-05|DIRECT|C02957,2026-05,direct,DIRECT,C02957,510000,1,510000,0
2026-05|DIRECT|C02963,2026-05,direct,DIRECT,C02963,248400,1,248400,0
2026-05|DIRECT|C03007,2026-05,direct,DIRECT,C03007,115000,1,115000,0
2026-05|DIRECT|C03021,2026-05,direct,DIRECT,C03021,429600,1,429600,0
2026-05|DIRECT|C03024,2026-05,direct,DIRECT,C03024,744000,1,744000,0
2026-05|DIRECT|C03037,2026-05,direct,DIRECT,C03037,859200,1,859200,0
2026-05|DIRECT|C03065,2026-05,direct,DIRECT,C03065,387000,1,387000,0
2026-05|DIRECT|C03102,2026-05,direct,DIRECT,C03102,21194,1,21194,0
2026-05|DIRECT|C03136,2026-05,direct,DIRECT,C03136,260903,1,260903,0
2026-05|DIRECT|C03146,2026-05,direct,DIRECT,C03146,244097,1,244097,0
2026-05|DIRECT|C03155,2026-05,direct,DIRECT,C03155,177600,1,177600,0
2026-05|DIRECT|C03184,2026-05,direct,DIRECT,C03184,294000,1,294000,0
2026-05|DIRECT|C03189,2026-05,direct,DIRECT,C03189,735000,1,735000,0
2026-05|DIRECT|C03209,2026-05,direct,DIRECT,C03209,185000,1,185000,0
2026-05|DIRECT|C03223,2026-05,direct,DIRECT,C03223,299194,1,299194,0
2026-05|DIRECT|C03227,2026-05,direct,DIRECT,C03227,184800,1,184800,0
2026-05|DIRECT|C03228,2026-05,direct,DIRECT,C03228,244000,1,244000,0
2026-05|DIRECT|C03233,2026-05,direct,DIRECT,C03233,241200,1,241200,0
2026-05|DIRECT|C03242,2026-05,direct,DIRECT,C03242,257000,1,257000,0
2026-05|DIRECT|C03256,2026-05,direct,DIRECT,C03256,237600,1,237600,0
2026-05|DIRECT|C03260,2026-05,direct,DIRECT,C03260,107000,1,107000,0
2026-05|DIRECT|C03277,2026-05,direct,DIRECT,C03277,558000,1,558000,0
2026-05|DIRECT|C03294,2026-05,direct,DIRECT,C03294,242000,1,242000,0
2026-05|DIRECT|C03331,2026-05,direct,DIRECT,C03331,57000,1,57000,0
2026-05|DIRECT|C03342,2026-05,direct,DIRECT,C03342,231000,1,231000,0
2026-05|DIRECT|C03353,2026-05,direct,DIRECT,C03353,660000,1,660000,0
2026-05|DIRECT|C03358,2026-05,direct,DIRECT,C03358,211000,1,211000,0
2026-05|DIRECT|C03376,2026-05,direct,DIRECT,C03376,178000,1,178000,0
2026-05|DIRECT|C03401,2026-05,direct,DIRECT,C03401,120000,1,120000,0
2026-05|DIRECT|C03418,2026-05,direct,DIRECT,C03418,202000,1,202000,0
2026-05|DIRECT|C03423,2026-05,direct,DIRECT,C03423,308000,2,308000,0
2026-05|DIRECT|C03444,2026-05,direct,DIRECT,C03444,163000,1,163000,0
2026-05|DIRECT|C03471,2026-05,direct,DIRECT,C03471,212000,1,212000,0
2026-05|DIRECT|C03501,2026-05,direct,DIRECT,C03501,98000,1,98000,0
2026-05|DIRECT|C03562,2026-05,direct,DIRECT,C03562,82065,1,82065,0
2026-05|DIRECT|C03575,2026-05,direct,DIRECT,C03575,913000,1,913000,0
2026-05|DIRECT|C03622,2026-05,direct,DIRECT,C03622,392000,1,392000,0
2026-05|DIRECT|C03625,2026-05,direct,DIRECT,C03625,122000,1,122000,0
2026-05|DIRECT|C03684,2026-05,direct,DIRECT,C03684,378000,1,378000,0
2026-05|DIRECT|C03686,2026-05,direct,DIRECT,C03686,253200,1,253200,0
2026-05|DIRECT|C03693,2026-05,direct,DIRECT,C03693,341000,1,341000,0
2026-05|DIRECT|C03695,2026-05,direct,DIRECT,C03695,371800,2,371800,0
2026-05|DIRECT|C03696,2026-05,direct,DIRECT,C03696,312658,1,312658,0
2026-05|DIRECT|C03768,2026-05,direct,DIRECT,C03768,1094000,1,1094000,0
2026-05|DIRECT|C03803,2026-05,direct,DIRECT,C03803,442000,1,442000,0
2026-05|DIRECT|C03863,2026-05,direct,DIRECT,C03863,129000,1,129000,0
2026-05|DIRECT|C03949,2026-05,direct,DIRECT,C03949,112000,1,112000,0
2026-05|DIRECT|C03958,2026-05,direct,DIRECT,C03958,194000,1,194000,0
2026-05|DIRECT|C03970,2026-05,direct,DIRECT,C03970,125000,1,125000,0
2026-05|P1|,2026-05,partner,P1,,26397560,2051,26397560,0
2026-05|P2|,2026-05,partner,P2,,14192621,1102,14192621,0
2026-05|P3|,2026-05,partner,P3,,6954649,544,6954649,0
2026-06|DIRECT|C00010,2026-06,direct,DIRECT,C00010,168567,1,168567,0
2026-06|DIRECT|C00050,2026-06,direct,DIRECT,C00050,207000,1,207000,0
2026-06|DIRECT|C00060,2026-06,direct,DIRECT,C00060,469000,1,469000,0
2026-06|DIRECT|C00070,2026-06,direct,DIRECT,C00070,171000,1,171000,0
2026-06|DIRECT|C00129,2026-06,direct,DIRECT,C00129,157000,1,157000,0
2026-06|DIRECT|C00172,2026-06,direct,DIRECT,C00172,367000,1,367000,0
2026-06|DIRECT|C00191,2026-06,direct,DIRECT,C00191,383000,1,383000,0
2026-06|DIRECT|C00192,2026-06,direct,DIRECT,C00192,144000,1,144000,0
2026-06|DIRECT|C00209,2026-06,direct,DIRECT,C00209,132000,1,132000,0
2026-06|DIRECT|C00212,2026-06,direct,DIRECT,C00212,753600,1,753600,0
2026-06|DIRECT|C00222,2026-06,direct,DIRECT,C00222,249000,1,249000,0
2026-06|DIRECT|C00235,2026-06,direct,DIRECT,C00235,449000,2,449000,0
2026-06|DIRECT|C00241,2026-06,direct,DIRECT,C00241,173000,1,173000,0
2026-06|DIRECT|C00304,2026-06,direct,DIRECT,C00304,129000,1,129000,0
2026-06|DIRECT|C00306,2026-06,direct,DIRECT,C00306,335133,1,335133,0
2026-06|DIRECT|C00309,2026-06,direct,DIRECT,C00309,75000,1,75000,0
2026-06|DIRECT|C00315,2026-06,direct,DIRECT,C00315,256000,1,256000,0
2026-06|DIRECT|C00347,2026-06,direct,DIRECT,C00347,241000,1,241000,0
2026-06|DIRECT|C00360,2026-06,direct,DIRECT,C00360,240000,1,240000,0
2026-06|DIRECT|C00373,2026-06,direct,DIRECT,C00373,1034400,1,1034400,0
2026-06|DIRECT|C00423,2026-06,direct,DIRECT,C00423,498000,2,498000,0
2026-06|DIRECT|C00464,2026-06,direct,DIRECT,C00464,283800,1,283800,0
2026-06|DIRECT|C00467,2026-06,direct,DIRECT,C00467,350000,1,350000,0
2026-06|DIRECT|C00491,2026-06,direct,DIRECT,C00491,259800,1,259800,0
2026-06|DIRECT|C00494,2026-06,direct,DIRECT,C00494,195000,1,195000,0
2026-06|DIRECT|C00511,2026-06,direct,DIRECT,C00511,225867,1,225867,0
2026-06|DIRECT|C00545,2026-06,direct,DIRECT,C00545,444000,1,444000,0
2026-06|DIRECT|C00557,2026-06,direct,DIRECT,C00557,104000,1,104000,0
2026-06|DIRECT|C00562,2026-06,direct,DIRECT,C00562,261600,1,261600,0
2026-06|DIRECT|C00570,2026-06,direct,DIRECT,C00570,127200,1,127200,0
2026-06|DIRECT|C00593,2026-06,direct,DIRECT,C00593,286800,1,286800,0
2026-06|DIRECT|C00614,2026-06,direct,DIRECT,C00614,160067,1,160067,0
2026-06|DIRECT|C00642,2026-06,direct,DIRECT,C00642,222000,1,222000,0
2026-06|DIRECT|C00655,2026-06,direct,DIRECT,C00655,60900,1,60900,0
2026-06|DIRECT|C00696,2026-06,direct,DIRECT,C00696,192000,1,192000,0
2026-06|DIRECT|C00707,2026-06,direct,DIRECT,C00707,239000,1,239000,0
2026-06|DIRECT|C00733,2026-06,direct,DIRECT,C00733,99000,1,99000,0
2026-06|DIRECT|C00751,2026-06,direct,DIRECT,C00751,866400,1,866400,0
2026-06|DIRECT|C00788,2026-06,direct,DIRECT,C00788,112000,1,112000,0
2026-06|DIRECT|C00790,2026-06,direct,DIRECT,C00790,43000,1,43000,0
2026-06|DIRECT|C00791,2026-06,direct,DIRECT,C00791,549000,1,549000,0
2026-06|DIRECT|C00874,2026-06,direct,DIRECT,C00874,122000,1,122000,0
2026-06|DIRECT|C00891,2026-06,direct,DIRECT,C00891,312000,1,312000,0
2026-06|DIRECT|C00931,2026-06,direct,DIRECT,C00931,265000,1,265000,0
2026-06|DIRECT|C00979,2026-06,direct,DIRECT,C00979,385000,1,385000,0
2026-06|DIRECT|C00997,2026-06,direct,DIRECT,C00997,153000,1,153000,0
2026-06|DIRECT|C01027,2026-06,direct,DIRECT,C01027,127000,1,127000,0
2026-06|DIRECT|C01041,2026-06,direct,DIRECT,C01041,355200,1,355200,0
2026-06|DIRECT|C01054,2026-06,direct,DIRECT,C01054,638400,1,638400,0
2026-06|DIRECT|C01064,2026-06,direct,DIRECT,C01064,681000,1,681000,0
2026-06|DIRECT|C01074,2026-06,direct,DIRECT,C01074,588000,1,588000,0
2026-06|DIRECT|C01136,2026-06,direct,DIRECT,C01136,135000,1,135000,0
2026-06|DIRECT|C01137,2026-06,direct,DIRECT,C01137,110000,1,110000,0
2026-06|DIRECT|C01173,2026-06,direct,DIRECT,C01173,210000,1,210000,0
2026-06|DIRECT|C01204,2026-06,direct,DIRECT,C01204,167000,1,167000,0
2026-06|DIRECT|C01207,2026-06,direct,DIRECT,C01207,154000,1,154000,0
2026-06|DIRECT|C01264,2026-06,direct,DIRECT,C01264,82800,1,82800,0
2026-06|DIRECT|C01302,2026-06,direct,DIRECT,C01302,14833,1,14833,0
2026-06|DIRECT|C01332,2026-06,direct,DIRECT,C01332,106800,1,106800,0
2026-06|DIRECT|C01349,2026-06,direct,DIRECT,C01349,94000,1,94000,0
2026-06|DIRECT|C01429,2026-06,direct,DIRECT,C01429,82000,1,82000,0
2026-06|DIRECT|C01452,2026-06,direct,DIRECT,C01452,87000,1,87000,0
2026-06|DIRECT|C01505,2026-06,direct,DIRECT,C01505,592240,1,592240,0
2026-06|DIRECT|C01516,2026-06,direct,DIRECT,C01516,588960,1,588960,0
2026-06|DIRECT|C01517,2026-06,direct,DIRECT,C01517,131000,1,131000,0
2026-06|DIRECT|C01521,2026-06,direct,DIRECT,C01521,25560,1,25560,0
2026-06|DIRECT|C01548,2026-06,direct,DIRECT,C01548,178800,1,178800,0
2026-06|DIRECT|C01568,2026-06,direct,DIRECT,C01568,3267,1,3267,0
2026-06|DIRECT|C01582,2026-06,direct,DIRECT,C01582,206000,1,206000,0
2026-06|DIRECT|C01613,2026-06,direct,DIRECT,C01613,279600,1,279600,0
2026-06|DIRECT|C01675,2026-06,direct,DIRECT,C01675,403000,1,403000,0
2026-06|DIRECT|C01697,2026-06,direct,DIRECT,C01697,235000,1,235000,0
2026-06|DIRECT|C01702,2026-06,direct,DIRECT,C01702,192000,1,192000,0
2026-06|DIRECT|C01786,2026-06,direct,DIRECT,C01786,132000,1,132000,0
2026-06|DIRECT|C01791,2026-06,direct,DIRECT,C01791,318000,1,318000,0
2026-06|DIRECT|C01796,2026-06,direct,DIRECT,C01796,365000,1,365000,0
2026-06|DIRECT|C01828,2026-06,direct,DIRECT,C01828,181000,1,181000,0
2026-06|DIRECT|C01865,2026-06,direct,DIRECT,C01865,218000,2,218000,0
2026-06|DIRECT|C01872,2026-06,direct,DIRECT,C01872,31200,1,31200,0
2026-06|DIRECT|C01894,2026-06,direct,DIRECT,C01894,124000,1,124000,0
2026-06|DIRECT|C01899,2026-06,direct,DIRECT,C01899,538000,1,538000,0
2026-06|DIRECT|C01915,2026-06,direct,DIRECT,C01915,143000,1,143000,0
2026-06|DIRECT|C01943,2026-06,direct,DIRECT,C01943,291600,1,291600,0
2026-06|DIRECT|C01952,2026-06,direct,DIRECT,C01952,86000,1,86000,0
2026-06|DIRECT|C01954,2026-06,direct,DIRECT,C01954,467000,2,467000,0
2026-06|DIRECT|C01974,2026-06,direct,DIRECT,C01974,34200,1,34200,0
2026-06|DIRECT|C01997,2026-06,direct,DIRECT,C01997,419000,1,419000,0
2026-06|DIRECT|C02003,2026-06,direct,DIRECT,C02003,313000,1,313000,0
2026-06|DIRECT|C02019,2026-06,direct,DIRECT,C02019,258000,1,258000,0
2026-06|DIRECT|C02022,2026-06,direct,DIRECT,C02022,346800,1,346800,0
2026-06|DIRECT|C02051,2026-06,direct,DIRECT,C02051,497000,1,497000,0
2026-06|DIRECT|C02091,2026-06,direct,DIRECT,C02091,176000,2,176000,0
2026-06|DIRECT|C02141,2026-06,direct,DIRECT,C02141,135000,1,135000,0
2026-06|DIRECT|C02154,2026-06,direct,DIRECT,C02154,1220400,1,1220400,0
2026-06|DIRECT|C02160,2026-06,direct,DIRECT,C02160,212400,1,212400,0
2026-06|DIRECT|C02183,2026-06,direct,DIRECT,C02183,2364000,1,2364000,0
2026-06|DIRECT|C02192,2026-06,direct,DIRECT,C02192,174000,1,174000,0
2026-06|DIRECT|C02210,2026-06,direct,DIRECT,C02210,168000,1,168000,0
2026-06|DIRECT|C02212,2026-06,direct,DIRECT,C02212,64000,1,64000,0
2026-06|DIRECT|C02222,2026-06,direct,DIRECT,C02222,186000,1,186000,0
2026-06|DIRECT|C02233,2026-06,direct,DIRECT,C02233,183000,1,183000,0
2026-06|DIRECT|C02260,2026-06,direct,DIRECT,C02260,262800,1,262800,0
2026-06|DIRECT|C02283,2026-06,direct,DIRECT,C02283,508200,2,508200,0
2026-06|DIRECT|C02285,2026-06,direct,DIRECT,C02285,203000,1,203000,0
2026-06|DIRECT|C02288,2026-06,direct,DIRECT,C02288,846000,1,846000,0
2026-06|DIRECT|C02341,2026-06,direct,DIRECT,C02341,43200,1,43200,0
2026-06|DIRECT|C02346,2026-06,direct,DIRECT,C02346,412600,2,412600,0
2026-06|DIRECT|C02348,2026-06,direct,DIRECT,C02348,174000,1,174000,0
2026-06|DIRECT|C02352,2026-06,direct,DIRECT,C02352,237960,1,237960,0
2026-06|DIRECT|C02391,2026-06,direct,DIRECT,C02391,49200,1,49200,0
2026-06|DIRECT|C02414,2026-06,direct,DIRECT,C02414,193000,1,193000,0
2026-06|DIRECT|C02429,2026-06,direct,DIRECT,C02429,133200,1,133200,0
2026-06|DIRECT|C02448,2026-06,direct,DIRECT,C02448,207000,1,207000,0
2026-06|DIRECT|C02492,2026-06,direct,DIRECT,C02492,290400,1,290400,0
2026-06|DIRECT|C02502,2026-06,direct,DIRECT,C02502,225000,1,225000,0
2026-06|DIRECT|C02506,2026-06,direct,DIRECT,C02506,304800,1,304800,0
2026-06|DIRECT|C02547,2026-06,direct,DIRECT,C02547,377200,2,377200,0
2026-06|DIRECT|C02555,2026-06,direct,DIRECT,C02555,63600,1,63600,0
2026-06|DIRECT|C02580,2026-06,direct,DIRECT,C02580,126000,1,126000,0
2026-06|DIRECT|C02585,2026-06,direct,DIRECT,C02585,411600,1,411600,0
2026-06|DIRECT|C02589,2026-06,direct,DIRECT,C02589,532800,1,532800,0
2026-06|DIRECT|C02592,2026-06,direct,DIRECT,C02592,206000,1,206000,0
2026-06|DIRECT|C02625,2026-06,direct,DIRECT,C02625,313000,1,313000,0
2026-06|DIRECT|C02647,2026-06,direct,DIRECT,C02647,131000,1,131000,0
2026-06|DIRECT|C02654,2026-06,direct,DIRECT,C02654,209000,1,209000,0
2026-06|DIRECT|C02658,2026-06,direct,DIRECT,C02658,318000,1,318000,0
2026-06|DIRECT|C02670,2026-06,direct,DIRECT,C02670,140000,1,140000,0
2026-06|DIRECT|C02671,2026-06,direct,DIRECT,C02671,171600,1,171600,0
2026-06|DIRECT|C02701,2026-06,direct,DIRECT,C02701,709200,2,709200,0
2026-06|DIRECT|C02746,2026-06,direct,DIRECT,C02746,76000,1,76000,0
2026-06|DIRECT|C02751,2026-06,direct,DIRECT,C02751,154800,1,154800,0
2026-06|DIRECT|C02783,2026-06,direct,DIRECT,C02783,479000,2,479000,0
2026-06|DIRECT|C02786,2026-06,direct,DIRECT,C02786,244000,1,244000,0
2026-06|DIRECT|C02798,2026-06,direct,DIRECT,C02798,119000,1,119000,0
2026-06|DIRECT|C02804,2026-06,direct,DIRECT,C02804,189000,1,189000,0
2026-06|DIRECT|C02837,2026-06,direct,DIRECT,C02837,505200,2,505200,0
2026-06|DIRECT|C02852,2026-06,direct,DIRECT,C02852,315600,1,315600,0
2026-06|DIRECT|C02861,2026-06,direct,DIRECT,C02861,542000,1,542000,0
2026-06|DIRECT|C02920,2026-06,direct,DIRECT,C02920,160800,1,160800,0
2026-06|DIRECT|C02937,2026-06,direct,DIRECT,C02937,288000,1,288000,0
2026-06|DIRECT|C02941,2026-06,direct,DIRECT,C02941,130800,1,130800,0
2026-06|DIRECT|C02957,2026-06,direct,DIRECT,C02957,510000,1,510000,0
2026-06|DIRECT|C02963,2026-06,direct,DIRECT,C02963,248400,1,248400,0
2026-06|DIRECT|C03007,2026-06,direct,DIRECT,C03007,115000,1,115000,0
2026-06|DIRECT|C03021,2026-06,direct,DIRECT,C03021,429600,1,429600,0
2026-06|DIRECT|C03024,2026-06,direct,DIRECT,C03024,744000,1,744000,0
2026-06|DIRECT|C03037,2026-06,direct,DIRECT,C03037,1015867,2,1015867,0
2026-06|DIRECT|C03065,2026-06,direct,DIRECT,C03065,387000,1,387000,0
2026-06|DIRECT|C03102,2026-06,direct,DIRECT,C03102,219000,1,219000,0
2026-06|DIRECT|C03136,2026-06,direct,DIRECT,C03136,404400,1,404400,0
2026-06|DIRECT|C03146,2026-06,direct,DIRECT,C03146,329000,1,329000,0
2026-06|DIRECT|C03155,2026-06,direct,DIRECT,C03155,177600,1,177600,0
2026-06|DIRECT|C03184,2026-06,direct,DIRECT,C03184,681100,2,681100,0
2026-06|DIRECT|C03189,2026-06,direct,DIRECT,C03189,735000,1,735000,0
2026-06|DIRECT|C03209,2026-06,direct,DIRECT,C03209,185000,1,185000,0
2026-06|DIRECT|C03223,2026-06,direct,DIRECT,C03223,371000,1,371000,0
2026-06|DIRECT|C03227,2026-06,direct,DIRECT,C03227,184800,1,184800,0
2026-06|DIRECT|C03228,2026-06,direct,DIRECT,C03228,244000,1,244000,0
2026-06|DIRECT|C03233,2026-06,direct,DIRECT,C03233,241200,1,241200,0
2026-06|DIRECT|C03242,2026-06,direct,DIRECT,C03242,257000,1,257000,0
2026-06|DIRECT|C03256,2026-06,direct,DIRECT,C03256,237600,1,237600,0
2026-06|DIRECT|C03260,2026-06,direct,DIRECT,C03260,107000,1,107000,0
2026-06|DIRECT|C03277,2026-06,direct,DIRECT,C03277,558000,1,558000,0
2026-06|DIRECT|C03294,2026-06,direct,DIRECT,C03294,242000,1,242000,0
2026-06|DIRECT|C03331,2026-06,direct,DIRECT,C03331,57000,1,57000,0
2026-06|DIRECT|C03342,2026-06,direct,DIRECT,C03342,231000,1,231000,0
2026-06|DIRECT|C03353,2026-06,direct,DIRECT,C03353,660000,1,660000,0
2026-06|DIRECT|C03358,2026-06,direct,DIRECT,C03358,211000,1,211000,0
2026-06|DIRECT|C03376,2026-06,direct,DIRECT,C03376,178000,1,178000,0
2026-06|DIRECT|C03401,2026-06,direct,DIRECT,C03401,120000,1,120000,0
2026-06|DIRECT|C03418,2026-06,direct,DIRECT,C03418,202000,1,202000,0
2026-06|DIRECT|C03423,2026-06,direct,DIRECT,C03423,308000,2,308000,0
2026-06|DIRECT|C03444,2026-06,direct,DIRECT,C03444,163000,1,163000,0
2026-06|DIRECT|C03471,2026-06,direct,DIRECT,C03471,212000,1,212000,0
2026-06|DIRECT|C03501,2026-06,direct,DIRECT,C03501,98000,1,98000,0
2026-06|DIRECT|C03562,2026-06,direct,DIRECT,C03562,401920,2,401920,0
2026-06|DIRECT|C03575,2026-06,direct,DIRECT,C03575,913000,1,913000,0
2026-06|DIRECT|C03622,2026-06,direct,DIRECT,C03622,392000,1,392000,0
2026-06|DIRECT|C03625,2026-06,direct,DIRECT,C03625,122000,1,122000,0
2026-06|DIRECT|C03684,2026-06,direct,DIRECT,C03684,378000,1,378000,0
2026-06|DIRECT|C03686,2026-06,direct,DIRECT,C03686,253200,1,253200,0
2026-06|DIRECT|C03693,2026-06,direct,DIRECT,C03693,341000,1,341000,0
2026-06|DIRECT|C03695,2026-06,direct,DIRECT,C03695,371800,2,371800,0
2026-06|DIRECT|C03696,2026-06,direct,DIRECT,C03696,368400,1,368400,0
2026-06|DIRECT|C03768,2026-06,direct,DIRECT,C03768,1231400,1,1231400,0
2026-06|DIRECT|C03803,2026-06,direct,DIRECT,C03803,442000,1,442000,0
2026-06|DIRECT|C03863,2026-06,direct,DIRECT,C03863,129000,1,129000,0
2026-06|DIRECT|C03949,2026-06,direct,DIRECT,C03949,112000,1,112000,0
2026-06|DIRECT|C03958,2026-06,direct,DIRECT,C03958,194000,1,194000,0
2026-06|DIRECT|C03970,2026-06,direct,DIRECT,C03970,125000,1,125000,0
2026-06|P1|,2026-06,partner,P1,,27745424,2144,27745424,0
2026-06|P2|,2026-06,partner,P2,,15059216,1155,15059216,0
2026-06|P3|,2026-06,partner,P3,,7448540,579,7448540,0
