transaction_id,received_date,subscription_key,transaction_type,requested_quantity,term_type,source
1,2024-07-01,S00055,NEW,207,annual,contract_record
2,2024-07-01,S00849,NEW,4,annual,partner_api_order
3,2024-07-01,S00989,NEW,6,monthly,partner_api_order
4,2024-07-01,S01382,NEW,8,monthly,partner_api_order
5,2024-07-01,S02111,NEW,20,annual,partner_api_order
6,2024-07-01,S02802,NEW,9,annual,partner_api_order
7,2024-07-01,S04010,NEW,4,annual,partner_api_order
8,2024-07-02,S01557,NEW,10,monthly,partner_api_order
9,2024-07-02,S02016,NEW,7,annual,partner_api_order
10,2024-07-02,S03184,NEW,7,monthly,partner_api_order
11,2024-07-02,S03190,NEW,3,annual,partner_api_order
12,2024-07-02,S03235,NEW,20,annual,partner_api_order
13,2024-07-02,S03314,NEW,42,monthly,partner_api_order
14,2024-07-02,S04156,NEW,7,annual,partner_api_order
15,2024-07-02,S04241,NEW,10,monthly,partner_api_order
16,2024-07-03,S00642,NEW,6,annual,partner_api_order
17,2024-07-03,S01264,NEW,7,monthly,partner_api_order
18,2024-07-03,S02315,NEW,11,annual,partner_api_order
19,2024-07-03,S02870,NEW,8,annual,partner_api_order
20,2024-07-03,S03132,NEW,4,annual,partner_api_order
21,2024-07-04,S00331,NEW,22,monthly,partner_api_order
22,2024-07-04,S02469,NEW,9,annual,partner_api_order
23,2024-07-04,S02766,NEW,1,monthly,partner_api_order
24,2024-07-04,S03885,NEW,80,monthly,partner_api_order
25,2024-07-05,S00014,NEW,15,annual,partner_api_order
26,2024-07-05,S01318,NEW,13,annual,partner_api_order
27,2024-07-05,S03252,NEW,2,annual,partner_api_order
28,2024-07-05,S03542,NEW,152,annual,contract_record
29,2024-07-06,S00798,NEW,5,monthly,partner_api_order
30,2024-07-06,S00855,NEW,10,monthly,partner_api_order
31,2024-07-06,S01592,NEW,2,monthly,partner_api_order
32,2024-07-06,S02352,NEW,7,annual,partner_api_order
33,2024-07-06,S02971,NEW,1,monthly,partner_api_order
34,2024-07-06,S03925,NEW,4,annual,partner_api_order
35,2024-07-06,S04104,NEW,22,annual,partner_api_order
36,2024-07-07,S04351,NEW,194,annual,contract_record
37,2024-07-07,S03542,ADD,169,,contract_record
38,2024-07-08,S01209,NEW,10,annual,partner_api_order
39,2024-07-08,S01463,NEW,15,annual,partner_api_order
40,2024-07-08,S01525,NEW,14,monthly,partner_api_order
41,2024-07-08,S03421,NEW,21,annual,partner_api_order
42,2024-07-09,S00877,NEW,7,annual,partner_api_order
43,2024-07-09,S01630,NEW,4,annual,partner_api_order
44,2024-07-09,S02121,NEW,18,annual,partner_api_order
45,2024-07-09,S02198,NEW,7,annual,partner_api_order
46,2024-07-09,S03233,NEW,17,monthly,partner_api_order
47,2024-07-09,S04386,NEW,15,annual,partner_api_order
48,2024-07-10,S00427,NEW,2,monthly,partner_api_order
49,2024-07-10,S00974,NEW,11,monthly,partner_api_order
50,2024-07-10,S01069,NEW,4,annual,partner_api_order
51,2024-07-10,S01283,NEW,28,annual,partner_api_order
52,2024-07-10,S02517,NEW,9,monthly,partner_api_order
53,2024-07-10,S03790,NEW,11,annual,partner_api_order
54,2024-07-11,S00915,NEW,5,annual,partner_api_order
55,2024-07-11,S01749,NEW,8,monthly,partner_api_order
56,2024-07-11,S02226,NEW,17,monthly,partner_api_order
57,2024-07-11,S02750,NEW,510,monthly,contract_record
58,2024-07-12,S00401,NEW,13,annual,partner_api_order
59,2024-07-12,S01668,NEW,6,annual,partner_api_order
60,2024-07-13,S00259,NEW,17,annual,partner_api_order
61,2024-07-13,S02275,NEW,21,monthly,partner_api_order
62,2024-07-13,S03484,NEW,7,monthly,partner_api_order
63,2024-07-13,S03190,ADD,5,,partner_api_order
64,2024-07-14,S01622,NEW,8,monthly,partner_api_order
65,2024-07-14,S03604,NEW,10,annual,partner_api_order
66,2024-07-15,S00404,NEW,24,monthly,partner_api_order
67,2024-07-15,S03140,NEW,31,annual,partner_api_order
68,2024-07-15,S04207,NEW,27,annual,partner_api_order
69,2024-07-16,S00406,NEW,9,monthly,partner_api_order
70,2024-07-16,S00437,NEW,3,monthly,partner_api_order
71,2024-07-16,S00878,NEW,11,monthly,partner_api_order
72,2024-07-16,S01405,NEW,4,annual,partner_api_order
73,2024-07-16,S01475,NEW,7,annual,partner_api_order
74,2024-07-16,S02075,NEW,7,annual,partner_api_order
75,2024-07-16,S03150,NEW,42,monthly,partner_api_order
76,2024-07-16,S03614,NEW,6,monthly,partner_api_order
77,2024-07-16,S03646,NEW,20,monthly,partner_api_order
78,2024-07-17,S02181,NEW,11,annual,partner_api_order
79,2024-07-17,S02838,NEW,11,monthly,partner_api_order
80,2024-07-17,S03087,NEW,8,annual,partner_api_order
81,2024-07-17,S03219,NEW,14,annual,partner_api_order
82,2024-07-17,S03962,NEW,9,annual,partner_api_order
83,2024-07-17,S04224,NEW,6,monthly,partner_api_order
84,2024-07-17,S04361,NEW,8,annual,partner_api_order
85,2024-07-18,S01596,NEW,22,annual,partner_api_order
86,2024-07-18,S01882,NEW,3,annual,partner_api_order
87,2024-07-18,S02132,NEW,8,annual,partner_api_order
88,2024-07-18,S02483,NEW,8,annual,partner_api_order
89,2024-07-18,S03018,NEW,7,monthly,partner_api_order
90,2024-07-18,S04029,NEW,17,annual,partner_api_order
91,2024-07-18,S02275,REDUCE,13,,partner_api_order
92,2024-07-19,S00378,NEW,3,monthly,partner_api_order
93,2024-07-19,S00644,NEW,2,monthly,partner_api_order
94,2024-07-19,S00681,NEW,80,annual,partner_api_order
95,2024-07-19,S01446,NEW,15,monthly,partner_api_order
96,2024-07-19,S02976,NEW,30,monthly,partner_api_order
97,2024-07-19,S02483,ADD,11,,partner_api_order
98,2024-07-20,S00992,NEW,13,monthly,partner_api_order
99,2024-07-20,S01279,NEW,8,annual,partner_api_order
100,2024-07-20,S01574,NEW,13,monthly,partner_api_order
101,2024-07-20,S01635,NEW,11,annual,partner_api_order
102,2024-07-20,S01641,NEW,6,monthly,partner_api_order
103,2024-07-21,S00182,NEW,5,annual,partner_api_order
104,2024-07-21,S00587,NEW,25,annual,partner_api_order
105,2024-07-21,S03136,NEW,21,annual,partner_api_order
106,2024-07-21,S03489,NEW,22,annual,partner_api_order
107,2024-07-22,S00122,NEW,40,annual,partner_api_order
108,2024-07-22,S00551,NEW,16,monthly,partner_api_order
109,2024-07-22,S01500,NEW,5,annual,partner_api_order
110,2024-07-23,S00192,NEW,41,monthly,partner_api_order
111,2024-07-23,S00747,NEW,13,monthly,partner_api_order
112,2024-07-23,S00861,NEW,43,annual,partner_api_order
113,2024-07-23,S00892,NEW,5,monthly,partner_api_order
114,2024-07-23,S02624,NEW,4,annual,partner_api_order
115,2024-07-23,S02681,NEW,154,annual,contract_record
116,2024-07-24,S00113,NEW,17,monthly,partner_api_order
117,2024-07-24,S00204,NEW,7,monthly,partner_api_order
118,2024-07-24,S00524,NEW,31,annual,partner_api_order
119,2024-07-24,S01936,NEW,5,annual,partner_api_order
120,2024-07-24,S03883,NEW,8,monthly,partner_api_order
121,2024-07-24,S04262,NEW,35,annual,partner_api_order
122,2024-07-25,S00348,NEW,256,annual,contract_record
123,2024-07-25,S01966,NEW,6,annual,partner_api_order
124,2024-07-25,S03231,NEW,13,annual,partner_api_order
125,2024-07-25,S03244,NEW,6,monthly,partner_api_order
126,2024-07-25,S03267,NEW,4,annual,partner_api_order
127,2024-07-25,S03594,NEW,10,annual,partner_api_order
128,2024-07-25,S04175,NEW,10,annual,partner_api_order
129,2024-07-25,S02971,CANCEL,0,,partner_api_order
130,2024-07-26,S01677,NEW,6,annual,partner_api_order
131,2024-07-26,S01689,NEW,30,annual,partner_api_order
132,2024-07-26,S02640,NEW,3,annual,partner_api_order
133,2024-07-26,S03427,NEW,2,annual,partner_api_order
134,2024-07-26,S04108,NEW,8,annual,partner_api_order
135,2024-07-26,S04385,NEW,6,monthly,partner_api_order
136,2024-07-26,S02469,CANCEL,0,,partner_api_order
137,2024-07-26,S02681,ADD,174,,contract_record
138,2024-07-27,S00668,NEW,51,annual,partner_api_order
139,2024-07-27,S00682,NEW,39,annual,partner_api_order
140,2024-07-27,S01353,NEW,21,monthly,partner_api_order
141,2024-07-27,S01814,NEW,5,annual,partner_api_order
142,2024-07-27,S02351,NEW,12,monthly,partner_api_order
143,2024-07-28,S00328,NEW,25,annual,partner_api_order
144,2024-07-28,S00604,NEW,14,annual,partner_api_order
145,2024-07-28,S00793,NEW,10,annual,partner_api_order
146,2024-07-28,S02685,NEW,8,annual,partner_api_order
147,2024-07-28,S03052,NEW,73,annual,contract_record
148,2024-07-28,S04167,NEW,5,annual,partner_api_order
149,2024-07-28,S00182,ADD,6,,partner_api_order
150,2024-07-28,S03594,REDUCE,7,,partner_api_order
151,2024-07-29,S00818,NEW,8,annual,partner_api_order
152,2024-07-29,S01959,NEW,132,annual,contract_record
153,2024-07-29,S03562,NEW,11,monthly,partner_api_order
154,2024-07-29,S02351,ADD,18,,partner_api_order
155,2024-07-29,S03427,ADD,2,,partner_api_order
156,2024-07-29,S04361,REDUCE,3,,partner_api_order
157,2024-07-30,S00142,NEW,8,annual,partner_api_order
158,2024-07-30,S02377,NEW,3,monthly,partner_api_order
159,2024-07-30,S02655,NEW,57,annual,partner_api_order
160,2024-07-31,S00130,NEW,14,monthly,partner_api_order
161,2024-07-31,S01638,NEW,19,monthly,partner_api_order
162,2024-07-31,S01707,NEW,38,monthly,partner_api_order
163,2024-07-31,S02896,NEW,32,annual,partner_api_order
164,2024-07-31,S04198,NEW,3,annual,partner_api_order
165,2024-07-31,S02685,REDUCE,5,,partner_api_order
166,2024-08-01,S03006,NEW,16,monthly,partner_api_order
167,2024-08-01,S03727,NEW,10,annual,partner_api_order
168,2024-08-01,S03959,NEW,31,monthly,partner_api_order
169,2024-08-02,S00092,NEW,1,monthly,partner_api_order
170,2024-08-02,S00150,NEW,5,annual,partner_api_order
171,2024-08-02,S00795,NEW,7,monthly,partner_api_order
172,2024-08-02,S01436,NEW,3,monthly,partner_api_order
173,2024-08-02,S03383,NEW,11,annual,partner_api_order
174,2024-08-03,S01233,NEW,17,annual,partner_api_order
175,2024-08-03,S03981,NEW,10,annual,partner_api_order
176,2024-08-03,S00587,CANCEL,0,,partner_api_order
177,2024-08-03,S01882,CANCEL,0,,partner_api_order
178,2024-08-04,S00073,NEW,8,monthly,partner_api_order
179,2024-08-04,S00110,NEW,2,monthly,partner_api_order
180,2024-08-04,S00285,NEW,9,annual,partner_api_order
181,2024-08-04,S01644,NEW,27,monthly,partner_api_order
182,2024-08-04,S02779,NEW,10,annual,partner_api_order
183,2024-08-04,S02825,NEW,12,annual,partner_api_order
184,2024-08-05,S02288,NEW,7,annual,partner_api_order
185,2024-08-05,S02748,NEW,7,annual,partner_api_order
186,2024-08-05,S02759,NEW,2,monthly,partner_api_order
187,2024-08-05,S03354,NEW,17,monthly,partner_api_order
188,2024-08-05,S04018,NEW,7,monthly,partner_api_order
189,2024-08-05,S00113,CANCEL,0,,partner_api_order
190,2024-08-06,S00080,NEW,3,monthly,partner_api_order
191,2024-08-06,S01204,NEW,72,monthly,partner_api_order
192,2024-08-06,S03031,NEW,3,annual,partner_api_order
193,2024-08-06,S03111,NEW,4,annual,partner_api_order
194,2024-08-06,S03479,NEW,8,annual,partner_api_order
195,2024-08-07,S00051,NEW,7,monthly,partner_api_order
196,2024-08-07,S00414,NEW,2,annual,partner_api_order
197,2024-08-07,S01898,NEW,6,annual,partner_api_order
198,2024-08-07,S04051,NEW,10,monthly,partner_api_order
199,2024-08-07,S04100,NEW,4,monthly,partner_api_order
200,2024-08-07,S01677,CANCEL,0,,partner_api_order
201,2024-08-08,S01088,NEW,4,annual,partner_api_order
202,2024-08-08,S01120,NEW,6,monthly,partner_api_order
203,2024-08-08,S01716,NEW,19,annual,partner_api_order
204,2024-08-08,S03716,NEW,10,annual,partner_api_order
205,2024-08-09,S00171,NEW,14,monthly,partner_api_order
206,2024-08-09,S00527,NEW,5,annual,partner_api_order
207,2024-08-09,S00671,NEW,10,annual,partner_api_order
208,2024-08-09,S01277,NEW,7,annual,partner_api_order
209,2024-08-09,S01535,NEW,18,annual,partner_api_order
210,2024-08-09,S01608,NEW,10,annual,partner_api_order
211,2024-08-09,S03661,NEW,9,monthly,partner_api_order
212,2024-08-09,S03946,NEW,13,annual,partner_api_order
213,2024-08-09,S03427,REDUCE,1,,partner_api_order
214,2024-08-10,S00639,NEW,3,annual,partner_api_order
215,2024-08-10,S03103,NEW,4,annual,partner_api_order
216,2024-08-10,S03364,NEW,6,annual,partner_api_order
217,2024-08-10,S03996,NEW,8,monthly,partner_api_order
218,2024-08-11,S02976,ADD,42,,partner_api_order
219,2024-08-12,S00736,NEW,3,annual,partner_api_order
220,2024-08-12,S01225,NEW,3,monthly,partner_api_order
221,2024-08-12,S01653,NEW,7,monthly,partner_api_order
222,2024-08-12,S02541,NEW,36,annual,partner_api_order
223,2024-08-12,S04028,NEW,3,annual,partner_api_order
224,2024-08-12,S00795,REDUCE,3,,partner_api_order
225,2024-08-12,S03087,ADD,12,,partner_api_order
226,2024-08-13,S01694,NEW,2,monthly,partner_api_order
227,2024-08-13,S02064,NEW,36,monthly,partner_api_order
228,2024-08-13,S03202,NEW,3,monthly,partner_api_order
229,2024-08-13,S04024,NEW,16,monthly,partner_api_order
230,2024-08-14,S01438,NEW,6,monthly,partner_api_order
231,2024-08-14,S01687,NEW,7,monthly,partner_api_order
232,2024-08-14,S02994,NEW,2,monthly,partner_api_order
233,2024-08-14,S02541,ADD,50,,partner_api_order
234,2024-08-15,S00282,NEW,16,monthly,partner_api_order
235,2024-08-15,S00532,NEW,7,annual,partner_api_order
236,2024-08-15,S03793,NEW,19,annual,partner_api_order
237,2024-08-15,S03794,NEW,3,monthly,partner_api_order
238,2024-08-15,S00818,REDUCE,4,,partner_api_order
239,2024-08-15,S00892,ADD,7,,partner_api_order
240,2024-08-16,S00490,NEW,1,monthly,partner_api_order
241,2024-08-16,S00868,NEW,549,annual,contract_record
242,2024-08-16,S00935,NEW,2,monthly,partner_api_order
243,2024-08-16,S00988,NEW,9,annual,partner_api_order
244,2024-08-16,S03544,NEW,12,monthly,partner_api_order
245,2024-08-16,S04385,ADD,9,,partner_api_order
246,2024-08-17,S00485,NEW,13,monthly,partner_api_order
247,2024-08-17,S01840,NEW,5,annual,partner_api_order
248,2024-08-17,S03038,NEW,8,annual,partner_api_order
249,2024-08-17,S03895,NEW,8,annual,partner_api_order
250,2024-08-18,S00956,NEW,22,annual,partner_api_order
251,2024-08-18,S01048,NEW,7,monthly,partner_api_order
252,2024-08-18,S01091,NEW,5,annual,partner_api_order
253,2024-08-18,S03186,NEW,14,monthly,partner_api_order
254,2024-08-18,S03908,NEW,4,monthly,partner_api_order
255,2024-08-19,S00418,NEW,4,annual,partner_api_order
256,2024-08-19,S02645,NEW,6,monthly,partner_api_order
257,2024-08-19,S04144,NEW,16,annual,partner_api_order
258,2024-08-20,S00160,NEW,20,annual,partner_api_order
259,2024-08-20,S02943,NEW,4,annual,partner_api_order
260,2024-08-20,S03294,NEW,7,annual,partner_api_order
261,2024-08-21,S01740,NEW,6,annual,partner_api_order
262,2024-08-21,S01884,NEW,11,annual,partner_api_order
263,2024-08-21,S02348,NEW,10,monthly,partner_api_order
264,2024-08-21,S03048,NEW,105,annual,contract_record
265,2024-08-21,S03174,NEW,16,annual,partner_api_order
266,2024-08-21,S03326,NEW,9,monthly,partner_api_order
267,2024-08-21,S03469,NEW,27,annual,partner_api_order
268,2024-08-22,S00827,NEW,6,annual,partner_api_order
269,2024-08-22,S01824,NEW,6,annual,partner_api_order
270,2024-08-22,S02389,NEW,5,annual,partner_api_order
271,2024-08-22,S03328,NEW,7,annual,partner_api_order
272,2024-08-22,S03583,NEW,14,monthly,partner_api_order
273,2024-08-22,S04153,NEW,11,monthly,partner_api_order
274,2024-08-23,S01452,NEW,10,annual,partner_api_order
275,2024-08-23,S01504,NEW,8,annual,partner_api_order
276,2024-08-23,S02255,NEW,5,annual,partner_api_order
277,2024-08-23,S02344,NEW,6,monthly,partner_api_order
278,2024-08-23,S03328,REDUCE,4,,partner_api_order
279,2024-08-24,S02015,NEW,5,annual,partner_api_order
280,2024-08-24,S02276,NEW,76,annual,partner_api_order
281,2024-08-24,S02283,NEW,16,monthly,partner_api_order
282,2024-08-24,S02883,NEW,3,annual,partner_api_order
283,2024-08-24,S03796,NEW,5,annual,partner_api_order
284,2024-08-24,S03860,NEW,10,annual,partner_api_order
285,2024-08-24,S03965,NEW,39,annual,partner_api_order
286,2024-08-25,S00040,NEW,4,annual,partner_api_order
287,2024-08-25,S02863,NEW,3,monthly,partner_api_order
288,2024-08-25,S03002,NEW,13,monthly,partner_api_order
289,2024-08-25,S00532,ADD,9,,partner_api_order
290,2024-08-25,S03860,REDUCE,7,,partner_api_order
291,2024-08-26,S01051,NEW,31,monthly,partner_api_order
292,2024-08-26,S02369,NEW,14,annual,partner_api_order
293,2024-08-26,S02520,NEW,18,annual,partner_api_order
294,2024-08-26,S03083,NEW,12,monthly,partner_api_order
295,2024-08-27,S00209,NEW,32,monthly,partner_api_order
296,2024-08-27,S00541,NEW,183,annual,contract_record
297,2024-08-27,S00949,NEW,38,monthly,partner_api_order
298,2024-08-27,S01033,NEW,10,monthly,partner_api_order
299,2024-08-27,S02552,NEW,2,annual,partner_api_order
300,2024-08-27,S02781,NEW,8,annual,partner_api_order
301,2024-08-27,S02800,NEW,59,annual,partner_api_order
302,2024-08-27,S02937,NEW,3,annual,partner_api_order
303,2024-08-27,S03336,NEW,7,monthly,partner_api_order
304,2024-08-27,S03363,NEW,387,annual,contract_record
305,2024-08-27,S04353,NEW,5,monthly,partner_api_order
306,2024-08-27,S00040,CANCEL,0,,partner_api_order
307,2024-08-28,S01226,NEW,57,annual,partner_api_order
308,2024-08-28,S01968,NEW,3,monthly,partner_api_order
309,2024-08-28,S02245,NEW,6,monthly,partner_api_order
310,2024-08-28,S02631,NEW,37,monthly,partner_api_order
311,2024-08-28,S04332,NEW,2,annual,partner_api_order
312,2024-08-29,S00898,NEW,17,monthly,partner_api_order
313,2024-08-29,S01835,NEW,24,annual,partner_api_order
314,2024-08-29,S01892,NEW,6,annual,partner_api_order
315,2024-08-29,S04278,NEW,17,monthly,partner_api_order
316,2024-08-29,S00604,REDUCE,10,,partner_api_order
317,2024-08-30,S00913,NEW,42,monthly,partner_api_order
318,2024-08-30,S01962,NEW,19,annual,partner_api_order
319,2024-08-30,S02590,NEW,2,monthly,partner_api_order
320,2024-08-30,S02993,NEW,26,monthly,partner_api_order
321,2024-08-30,S03146,NEW,4,monthly,partner_api_order
322,2024-08-30,S04327,NEW,7,monthly,partner_api_order
323,2024-08-30,S01814,REDUCE,2,,partner_api_order
324,2024-08-30,S02344,REDUCE,3,,partner_api_order
325,2024-08-30,S03796,ADD,8,,partner_api_order
326,2024-08-31,S01980,NEW,19,annual,partner_api_order
327,2024-08-31,S04366,NEW,14,annual,partner_api_order
328,2024-08-31,S00913,ADD,54,,partner_api_order
329,2024-09-01,S00799,NEW,5,annual,partner_api_order
330,2024-09-01,S01633,NEW,57,monthly,partner_api_order
331,2024-09-01,S01943,NEW,40,annual,partner_api_order
332,2024-09-01,S02376,NEW,3,annual,partner_api_order
333,2024-09-01,S02387,NEW,8,annual,partner_api_order
334,2024-09-01,S02974,NEW,3,monthly,partner_api_order
335,2024-09-01,S03444,NEW,9,annual,partner_api_order
336,2024-09-01,S00406,REDUCE,5,,partner_api_order
337,2024-09-02,S03075,NEW,5,annual,partner_api_order
338,2024-09-02,S03438,NEW,17,monthly,partner_api_order
339,2024-09-02,S03816,NEW,3,annual,partner_api_order
340,2024-09-02,S04172,NEW,22,annual,partner_api_order
341,2024-09-03,S00412,NEW,18,monthly,partner_api_order
342,2024-09-03,S01448,NEW,19,annual,partner_api_order
343,2024-09-03,S03133,NEW,2,annual,partner_api_order
344,2024-09-03,S03453,NEW,14,monthly,partner_api_order
345,2024-09-03,S04219,NEW,35,monthly,partner_api_order
346,2024-09-03,S04175,ADD,13,,partner_api_order
347,2024-09-04,S00279,NEW,4,monthly,partner_api_order
348,2024-09-04,S00764,NEW,1,annual,partner_api_order
349,2024-09-04,S00912,NEW,11,monthly,partner_api_order
350,2024-09-04,S01941,NEW,3,monthly,partner_api_order
351,2024-09-04,S01970,NEW,365,annual,contract_record
352,2024-09-04,S03100,NEW,1,monthly,partner_api_order
353,2024-09-04,S04099,NEW,5,monthly,partner_api_order
354,2024-09-04,S04173,NEW,13,annual,partner_api_order
355,2024-09-04,S04390,NEW,22,monthly,partner_api_order
356,2024-09-05,S01461,NEW,8,monthly,partner_api_order
357,2024-09-05,S01549,NEW,8,annual,partner_api_order
358,2024-09-05,S01813,NEW,3,annual,partner_api_order
359,2024-09-05,S03036,NEW,11,annual,partner_api_order
360,2024-09-05,S03399,NEW,8,monthly,partner_api_order
361,2024-09-06,S00359,NEW,7,monthly,partner_api_order
362,2024-09-06,S00513,NEW,184,monthly,contract_record
363,2024-09-06,S00765,NEW,2,monthly,partner_api_order
364,2024-09-06,S01016,NEW,4,monthly,partner_api_order
365,2024-09-06,S01030,NEW,14,annual,partner_api_order
366,2024-09-06,S01352,NEW,5,annual,partner_api_order
367,2024-09-06,S01498,NEW,13,monthly,partner_api_order
368,2024-09-06,S03153,NEW,7,monthly,partner_api_order
369,2024-09-06,S03268,NEW,11,annual,partner_api_order
370,2024-09-06,S03884,NEW,8,monthly,partner_api_order
371,2024-09-06,S00668,ADD,75,,partner_api_order
372,2024-09-06,S03489,REDUCE,19,,partner_api_order
373,2024-09-07,S01176,NEW,5,annual,partner_api_order
374,2024-09-07,S01743,NEW,5,monthly,partner_api_order
375,2024-09-07,S02009,NEW,23,monthly,partner_api_order
376,2024-09-07,S02141,NEW,5,monthly,partner_api_order
377,2024-09-07,S02875,NEW,16,monthly,partner_api_order
378,2024-09-07,S03085,NEW,5,monthly,partner_api_order
379,2024-09-07,S04277,NEW,3,annual,partner_api_order
380,2024-09-07,S01980,ADD,25,,partner_api_order
381,2024-09-08,S03866,NEW,9,monthly,partner_api_order
382,2024-09-09,S01674,NEW,13,monthly,partner_api_order
383,2024-09-09,S01967,NEW,12,annual,partner_api_order
384,2024-09-09,S02745,NEW,5,annual,partner_api_order
385,2024-09-09,S03885,REDUCE,49,,partner_api_order
386,2024-09-09,S04099,ADD,6,,partner_api_order
387,2024-09-10,S00322,NEW,17,monthly,partner_api_order
388,2024-09-10,S00831,NEW,2,annual,partner_api_order
389,2024-09-10,S01031,NEW,9,monthly,partner_api_order
390,2024-09-10,S01044,NEW,7,annual,partner_api_order
391,2024-09-10,S01562,NEW,14,annual,partner_api_order
392,2024-09-10,S02035,NEW,6,monthly,partner_api_order
393,2024-09-10,S02771,NEW,3,annual,partner_api_order
394,2024-09-10,S02866,NEW,4,annual,partner_api_order
395,2024-09-10,S03274,NEW,2,annual,partner_api_order
396,2024-09-10,S04283,NEW,24,monthly,partner_api_order
397,2024-09-11,S00304,NEW,15,annual,partner_api_order
398,2024-09-11,S00396,NEW,19,annual,partner_api_order
399,2024-09-11,S00488,NEW,7,monthly,partner_api_order
400,2024-09-11,S00635,NEW,6,annual,partner_api_order
401,2024-09-11,S00688,NEW,12,monthly,partner_api_order
402,2024-09-11,S01356,NEW,6,annual,partner_api_order
403,2024-09-11,S03000,NEW,8,annual,partner_api_order
404,2024-09-11,S04025,NEW,6,annual,partner_api_order
405,2024-09-11,S04038,NEW,21,annual,partner_api_order
406,2024-09-11,S04240,NEW,63,annual,partner_api_order
407,2024-09-12,S00760,NEW,4,annual,partner_api_order
408,2024-09-12,S01024,NEW,5,monthly,partner_api_order
409,2024-09-12,S01203,NEW,78,annual,partner_api_order
410,2024-09-12,S01731,NEW,11,monthly,partner_api_order
411,2024-09-12,S02491,NEW,5,annual,partner_api_order
412,2024-09-12,S03647,NEW,3,annual,partner_api_order
413,2024-09-12,S04008,NEW,8,monthly,partner_api_order
414,2024-09-13,S00025,NEW,8,monthly,partner_api_order
415,2024-09-13,S02163,NEW,7,monthly,partner_api_order
416,2024-09-13,S02393,NEW,1782,monthly,contract_record
417,2024-09-13,S03369,NEW,9,monthly,partner_api_order
418,2024-09-13,S03736,NEW,5,annual,partner_api_order
419,2024-09-13,S04021,NEW,10,annual,partner_api_order
420,2024-09-13,S04355,NEW,25,annual,partner_api_order
421,2024-09-14,S00345,NEW,42,monthly,partner_api_order
422,2024-09-14,S00384,NEW,4,annual,partner_api_order
423,2024-09-14,S00475,NEW,24,annual,partner_api_order
424,2024-09-14,S03869,NEW,16,monthly,partner_api_order
425,2024-09-14,S03904,NEW,4,monthly,partner_api_order
426,2024-09-14,S04324,NEW,36,annual,partner_api_order
427,2024-09-15,S00174,NEW,3,monthly,partner_api_order
428,2024-09-15,S01342,NEW,4,monthly,partner_api_order
429,2024-09-15,S02343,NEW,38,monthly,partner_api_order
430,2024-09-15,S02458,NEW,16,monthly,partner_api_order
431,2024-09-15,S03063,NEW,4,annual,partner_api_order
432,2024-09-15,S03072,NEW,8,annual,partner_api_order
433,2024-09-16,S00054,NEW,32,annual,partner_api_order
434,2024-09-16,S00175,NEW,9,monthly,partner_api_order
435,2024-09-16,S01885,NEW,1,annual,partner_api_order
436,2024-09-16,S01942,NEW,5,monthly,partner_api_order
437,2024-09-16,S03059,NEW,2,annual,partner_api_order
438,2024-09-16,S03388,NEW,32,annual,partner_api_order
439,2024-09-16,S03422,NEW,35,annual,partner_api_order
440,2024-09-17,S01307,NEW,32,annual,partner_api_order
441,2024-09-17,S01364,NEW,25,monthly,partner_api_order
442,2024-09-17,S02528,NEW,6,monthly,partner_api_order
443,2024-09-17,S02538,NEW,8,monthly,partner_api_order
444,2024-09-17,S03379,NEW,3,annual,partner_api_order
445,2024-09-17,S00935,ADD,3,,partner_api_order
446,2024-09-17,S04025,ADD,7,,partner_api_order
447,2024-09-18,S00107,NEW,4,monthly,partner_api_order
448,2024-09-18,S00895,NEW,80,monthly,partner_api_order
449,2024-09-18,S02083,NEW,538,annual,contract_record
450,2024-09-18,S03408,NEW,7,monthly,partner_api_order
451,2024-09-18,S03435,NEW,21,annual,partner_api_order
452,2024-09-18,S03728,NEW,6,monthly,partner_api_order
453,2024-09-19,S00170,NEW,7,annual,partner_api_order
454,2024-09-19,S01164,NEW,3,monthly,partner_api_order
455,2024-09-19,S03863,NEW,5,annual,partner_api_order
456,2024-09-19,S04097,NEW,20,monthly,partner_api_order
457,2024-09-20,S02573,NEW,91,monthly,contract_record
458,2024-09-20,S03857,NEW,7,annual,partner_api_order
459,2024-09-20,S03469,CANCEL,0,,partner_api_order
460,2024-09-20,S03895,REDUCE,0,,partner_api_order
461,2024-09-21,S00310,NEW,7,annual,partner_api_order
462,2024-09-21,S01180,NEW,2,monthly,partner_api_order
463,2024-09-21,S02572,NEW,6,monthly,partner_api_order
464,2024-09-21,S03227,NEW,20,monthly,partner_api_order
465,2024-09-22,S00903,NEW,7,annual,partner_api_order
466,2024-09-22,S01174,NEW,9,annual,partner_api_order
467,2024-09-22,S01431,NEW,4,annual,partner_api_order
468,2024-09-22,S01637,NEW,8,monthly,partner_api_order
469,2024-09-22,S02090,NEW,6,annual,partner_api_order
470,2024-09-22,S02130,NEW,15,annual,partner_api_order
471,2024-09-22,S02186,NEW,4,monthly,partner_api_order
472,2024-09-22,S02370,NEW,3,annual,partner_api_order
473,2024-09-22,S02457,NEW,6,monthly,partner_api_order
474,2024-09-22,S03395,NEW,15,annual,partner_api_order
475,2024-09-22,S03665,NEW,26,monthly,partner_api_order
476,2024-09-22,S01674,CANCEL,0,,partner_api_order
477,2024-09-23,S00225,NEW,19,annual,partner_api_order
478,2024-09-23,S02020,NEW,14,monthly,partner_api_order
479,2024-09-23,S02284,NEW,23,annual,partner_api_order
480,2024-09-23,S03606,NEW,25,monthly,partner_api_order
481,2024-09-23,S04133,NEW,5,annual,partner_api_order
482,2024-09-23,S00414,CANCEL,0,,partner_api_order
483,2024-09-24,S00463,NEW,12,annual,partner_api_order
484,2024-09-24,S00706,NEW,1,annual,partner_api_order
485,2024-09-24,S01426,NEW,4,monthly,partner_api_order
486,2024-09-24,S02385,NEW,6,monthly,partner_api_order
487,2024-09-24,S02756,NEW,7,monthly,partner_api_order
488,2024-09-24,S02768,NEW,11,annual,partner_api_order
489,2024-09-24,S03039,NEW,4,annual,partner_api_order
490,2024-09-24,S03346,NEW,2,monthly,partner_api_order
491,2024-09-24,S03999,NEW,5,annual,partner_api_order
492,2024-09-24,S04232,NEW,5,monthly,partner_api_order
493,2024-09-24,S04246,NEW,3,monthly,partner_api_order
494,2024-09-25,S00385,NEW,3,annual,partner_api_order
495,2024-09-25,S01175,NEW,3,monthly,partner_api_order
496,2024-09-25,S01249,NEW,9,monthly,partner_api_order
497,2024-09-25,S02504,NEW,24,annual,partner_api_order
498,2024-09-25,S03319,NEW,620,monthly,contract_record
499,2024-09-25,S00988,ADD,10,,partner_api_order
500,2024-09-25,S01743,CANCEL,0,,partner_api_order
501,2024-09-26,S02702,NEW,65,annual,partner_api_order
502,2024-09-26,S02815,NEW,10,annual,partner_api_order
503,2024-09-26,S02853,NEW,8,monthly,partner_api_order
504,2024-09-26,S03021,NEW,38,annual,partner_api_order
505,2024-09-26,S01204,REDUCE,41,,partner_api_order
506,2024-09-26,S01249,REDUCE,4,,partner_api_order
507,2024-09-27,S01156,NEW,3,monthly,partner_api_order
508,2024-09-27,S01956,NEW,7,monthly,partner_api_order
509,2024-09-27,S02008,NEW,3,monthly,partner_api_order
510,2024-09-27,S02151,NEW,8,annual,partner_api_order
511,2024-09-27,S02267,NEW,10,monthly,partner_api_order
512,2024-09-27,S02463,NEW,13,annual,partner_api_order
513,2024-09-27,S02940,NEW,3,annual,partner_api_order
514,2024-09-28,S00456,NEW,2,annual,partner_api_order
515,2024-09-28,S00822,NEW,2,monthly,partner_api_order
516,2024-09-28,S01521,NEW,6,annual,partner_api_order
517,2024-09-28,S02199,NEW,1,monthly,partner_api_order
518,2024-09-28,S02310,NEW,8,annual,partner_api_order
519,2024-09-28,S02559,NEW,11,annual,partner_api_order
520,2024-09-28,S02844,NEW,7,annual,partner_api_order
521,2024-09-28,S03093,NEW,7,annual,partner_api_order
522,2024-09-28,S03209,NEW,6,annual,partner_api_order
523,2024-09-28,S03307,NEW,2,monthly,partner_api_order
524,2024-09-28,S02284,ADD,27,,partner_api_order
525,2024-09-29,S00036,NEW,10,annual,partner_api_order
526,2024-09-29,S01169,NEW,9,annual,partner_api_order
527,2024-09-29,S02244,NEW,15,annual,partner_api_order
528,2024-09-29,S03530,NEW,2,monthly,partner_api_order
529,2024-09-29,S03656,NEW,122,annual,contract_record
530,2024-09-29,S03928,NEW,528,annual,contract_record
531,2024-09-29,S00412,ADD,29,,partner_api_order
532,2024-09-30,S00784,NEW,24,annual,partner_api_order
533,2024-09-30,S01121,NEW,14,annual,partner_api_order
534,2024-09-30,S01795,NEW,3,annual,partner_api_order
535,2024-09-30,S02237,NEW,4,annual,partner_api_order
536,2024-09-30,S03334,NEW,22,annual,partner_api_order
537,2024-09-30,S03657,NEW,8,annual,partner_api_order
538,2024-09-30,S03734,NEW,8,monthly,partner_api_order
539,2024-09-30,S03768,NEW,4,annual,partner_api_order
540,2024-09-30,S03087,REDUCE,10,,partner_api_order
541,2024-10-01,S00324,NEW,15,annual,partner_api_order
542,2024-10-01,S01023,NEW,26,annual,partner_api_order
543,2024-10-01,S01246,NEW,135,annual,contract_record
544,2024-10-01,S01374,NEW,3,monthly,partner_api_order
545,2024-10-01,S01772,NEW,233,monthly,contract_record
546,2024-10-01,S02267,REDUCE,8,,partner_api_order
547,2024-10-02,S01645,NEW,2,annual,partner_api_order
548,2024-10-03,S00169,NEW,5,annual,partner_api_order
549,2024-10-03,S01286,NEW,4,monthly,partner_api_order
550,2024-10-03,S02888,NEW,27,monthly,partner_api_order
551,2024-10-03,S03851,NEW,10,annual,partner_api_order
552,2024-10-04,S00198,NEW,12,annual,partner_api_order
553,2024-10-04,S01282,NEW,13,annual,partner_api_order
554,2024-10-04,S02900,NEW,44,annual,partner_api_order
555,2024-10-04,S03138,NEW,6,annual,partner_api_order
556,2024-10-04,S03722,NEW,2,annual,partner_api_order
557,2024-10-04,S03983,NEW,18,annual,partner_api_order
558,2024-10-05,S02630,NEW,5,monthly,partner_api_order
559,2024-10-05,S04175,ADD,15,,partner_api_order
560,2024-10-06,S02161,NEW,8,annual,partner_api_order
561,2024-10-06,S02209,NEW,6,monthly,partner_api_order
562,2024-10-06,S02911,NEW,3,annual,partner_api_order
563,2024-10-06,S03330,NEW,6,monthly,partner_api_order
564,2024-10-06,S03696,NEW,18,monthly,partner_api_order
565,2024-10-06,S04159,NEW,5,annual,partner_api_order
566,2024-10-06,S00892,ADD,8,,partner_api_order
567,2024-10-06,S01446,REDUCE,6,,partner_api_order
568,2024-10-06,S01448,REDUCE,12,,partner_api_order
569,2024-10-07,S00486,NEW,4,annual,partner_api_order
570,2024-10-07,S00743,NEW,5,annual,partner_api_order
571,2024-10-07,S02018,NEW,7,annual,partner_api_order
572,2024-10-07,S02416,NEW,10,monthly,partner_api_order
573,2024-10-07,S00747,ADD,17,,partner_api_order
574,2024-10-08,S01717,NEW,21,monthly,partner_api_order
575,2024-10-08,S02582,NEW,8,monthly,partner_api_order
576,2024-10-08,S03180,NEW,6,annual,partner_api_order
577,2024-10-08,S03961,NEW,9,monthly,partner_api_order
578,2024-10-08,S00209,REDUCE,16,,partner_api_order
579,2024-10-08,S01557,CANCEL,0,,partner_api_order
580,2024-10-09,S00833,NEW,30,monthly,partner_api_order
581,2024-10-09,S02968,NEW,36,monthly,partner_api_order
582,2024-10-09,S03173,NEW,6,monthly,partner_api_order
583,2024-10-09,S03952,NEW,4,annual,partner_api_order
584,2024-10-09,S04356,NEW,9,annual,partner_api_order
585,2024-10-09,S04391,NEW,10,monthly,partner_api_order
586,2024-10-09,S03479,CANCEL,0,,partner_api_order
587,2024-10-10,S01344,NEW,10,monthly,partner_api_order
588,2024-10-10,S02023,NEW,3,annual,partner_api_order
589,2024-10-10,S02492,NEW,2,monthly,partner_api_order
590,2024-10-10,S04184,NEW,2,monthly,partner_api_order
591,2024-10-10,S02483,ADD,15,,partner_api_order
592,2024-10-11,S00432,NEW,1,annual,partner_api_order
593,2024-10-11,S00568,NEW,2,annual,partner_api_order
594,2024-10-11,S01518,NEW,28,monthly,partner_api_order
595,2024-10-11,S02481,NEW,3,monthly,partner_api_order
596,2024-10-11,S02793,NEW,10,annual,partner_api_order
597,2024-10-11,S02953,NEW,7,monthly,partner_api_order
598,2024-10-12,S01221,NEW,29,annual,partner_api_order
599,2024-10-12,S01379,NEW,6,annual,partner_api_order
600,2024-10-12,S01515,NEW,8,annual,partner_api_order
601,2024-10-12,S02026,NEW,16,annual,partner_api_order
602,2024-10-12,S02731,NEW,6,annual,partner_api_order
603,2024-10-12,S03062,NEW,30,annual,partner_api_order
604,2024-10-12,S03907,NEW,4,monthly,partner_api_order
605,2024-10-12,S01689,CANCEL,0,,partner_api_order
606,2024-10-13,S02050,NEW,4,annual,partner_api_order
607,2024-10-13,S02134,NEW,24,annual,partner_api_order
608,2024-10-13,S02381,NEW,5,annual,partner_api_order
609,2024-10-13,S02617,NEW,13,annual,partner_api_order
610,2024-10-13,S03806,NEW,5,monthly,partner_api_order
611,2024-10-13,S01840,CANCEL,0,,partner_api_order
612,2024-10-13,S03018,REDUCE,5,,partner_api_order
613,2024-10-14,S00181,NEW,8,annual,partner_api_order
614,2024-10-14,S01269,NEW,11,annual,partner_api_order
615,2024-10-14,S01952,NEW,1,monthly,partner_api_order
616,2024-10-14,S03387,NEW,80,annual,partner_api_order
617,2024-10-14,S04105,NEW,4,monthly,partner_api_order
618,2024-10-14,S01048,ADD,10,,partner_api_order
619,2024-10-15,S01210,NEW,5,annual,partner_api_order
620,2024-10-15,S02686,NEW,69,annual,partner_api_order
621,2024-10-15,S03950,NEW,3,annual,partner_api_order
622,2024-10-15,S04337,NEW,1,annual,partner_api_order
623,2024-10-16,S00660,NEW,8,annual,partner_api_order
624,2024-10-16,S01359,NEW,2,annual,partner_api_order
625,2024-10-16,S01523,NEW,4,annual,partner_api_order
626,2024-10-16,S01755,NEW,2,monthly,partner_api_order
627,2024-10-16,S02929,NEW,4,monthly,partner_api_order
628,2024-10-16,S04177,NEW,14,annual,partner_api_order
629,2024-10-16,S02075,ADD,10,,partner_api_order
630,2024-10-16,S03736,REDUCE,2,,partner_api_order
631,2024-10-17,S00162,NEW,1,annual,partner_api_order
632,2024-10-17,S01198,NEW,2,monthly,partner_api_order
633,2024-10-17,S01296,NEW,5,annual,partner_api_order
634,2024-10-17,S01372,NEW,12,monthly,partner_api_order
635,2024-10-17,S02880,NEW,24,annual,partner_api_order
636,2024-10-17,S03575,NEW,2,monthly,partner_api_order
637,2024-10-17,S03577,NEW,75,annual,contract_record
638,2024-10-17,S02458,ADD,23,,partner_api_order
639,2024-10-18,S01322,NEW,8,monthly,partner_api_order
640,2024-10-18,S02513,NEW,5,annual,partner_api_order
641,2024-10-18,S03051,NEW,6,annual,partner_api_order
642,2024-10-18,S04082,NEW,6,monthly,partner_api_order
643,2024-10-18,S02756,ADD,11,,partner_api_order
644,2024-10-18,S03768,ADD,5,,partner_api_order
645,2024-10-19,S00316,NEW,7,annual,partner_api_order
646,2024-10-19,S01445,NEW,22,annual,partner_api_order
647,2024-10-19,S01466,NEW,26,monthly,partner_api_order
648,2024-10-19,S02955,NEW,14,annual,partner_api_order
649,2024-10-19,S03237,NEW,7,monthly,partner_api_order
650,2024-10-19,S03941,NEW,9,annual,partner_api_order
651,2024-10-20,S00749,NEW,3,monthly,partner_api_order
652,2024-10-20,S00841,NEW,3,annual,partner_api_order
653,2024-10-20,S01605,NEW,13,annual,partner_api_order
654,2024-10-20,S02058,NEW,12,annual,partner_api_order
655,2024-10-20,S03149,NEW,29,annual,partner_api_order
656,2024-10-20,S03993,NEW,14,monthly,partner_api_order
657,2024-10-20,S04081,NEW,4,annual,partner_api_order
658,2024-10-20,S01967,REDUCE,5,,partner_api_order
659,2024-10-20,S03085,ADD,7,,partner_api_order
660,2024-10-20,S03544,CANCEL,0,,partner_api_order
661,2024-10-21,S02588,NEW,7,monthly,partner_api_order
662,2024-10-21,S02673,NEW,8,monthly,partner_api_order
663,2024-10-21,S02881,NEW,9,annual,partner_api_order
664,2024-10-21,S03273,NEW,10,annual,partner_api_order
665,2024-10-21,S03437,NEW,16,annual,partner_api_order
666,2024-10-21,S01359,REDUCE,1,,partner_api_order
667,2024-10-21,S04156,ADD,10,,partner_api_order
668,2024-10-22,S00985,NEW,5,annual,partner_api_order
669,2024-10-22,S01205,NEW,11,annual,partner_api_order
670,2024-10-22,S01648,NEW,3,annual,partner_api_order
671,2024-10-22,S01673,NEW,5,annual,partner_api_order
672,2024-10-22,S02184,NEW,3,annual,partner_api_order
673,2024-10-22,S02867,NEW,11,annual,partner_api_order
674,2024-10-22,S03491,NEW,32,annual,partner_api_order
675,2024-10-23,S00121,NEW,7,monthly,partner_api_order
676,2024-10-23,S02048,NEW,7,monthly,partner_api_order
677,2024-10-23,S02112,NEW,24,annual,partner_api_order
678,2024-10-23,S03549,NEW,21,monthly,partner_api_order
679,2024-10-23,S02880,ADD,33,,partner_api_order
680,2024-10-24,S00097,NEW,18,monthly,partner_api_order
681,2024-10-24,S00323,NEW,15,annual,partner_api_order
682,2024-10-24,S00683,NEW,3,annual,partner_api_order
683,2024-10-24,S01135,NEW,11,annual,partner_api_order
684,2024-10-24,S02117,NEW,9,annual,partner_api_order
685,2024-10-24,S03134,NEW,4,monthly,partner_api_order
686,2024-10-24,S04305,NEW,2,annual,partner_api_order
687,2024-10-24,S02974,ADD,5,,partner_api_order
688,2024-10-24,S03549,REDUCE,15,,partner_api_order
689,2024-10-25,S00302,NEW,4,monthly,partner_api_order
690,2024-10-25,S00944,NEW,3,monthly,partner_api_order
691,2024-10-25,S01494,NEW,9,annual,partner_api_order
692,2024-10-25,S01631,NEW,57,monthly,partner_api_order
693,2024-10-25,S01706,NEW,25,annual,partner_api_order
694,2024-10-25,S02466,NEW,2,annual,partner_api_order
695,2024-10-25,S04272,NEW,5,annual,partner_api_order
696,2024-10-25,S01605,ADD,17,,partner_api_order
697,2024-10-25,S02237,REDUCE,3,,partner_api_order
698,2024-10-26,S00454,NEW,7,annual,partner_api_order
699,2024-10-26,S01284,NEW,1,annual,partner_api_order
700,2024-10-26,S02285,NEW,24,monthly,partner_api_order
701,2024-10-26,S02409,NEW,11,monthly,partner_api_order
702,2024-10-26,S03195,NEW,20,monthly,partner_api_order
703,2024-10-26,S04071,NEW,12,monthly,partner_api_order
704,2024-10-26,S02673,ADD,11,,partner_api_order
705,2024-10-26,S03190,REDUCE,3,,partner_api_order
706,2024-10-27,S01420,NEW,23,monthly,partner_api_order
707,2024-10-27,S01846,NEW,4,annual,partner_api_order
708,2024-10-27,S02639,NEW,9,annual,partner_api_order
709,2024-10-27,S03220,NEW,10,monthly,partner_api_order
710,2024-10-27,S03651,NEW,3,monthly,partner_api_order
711,2024-10-27,S03842,NEW,4,monthly,partner_api_order
712,2024-10-27,S04038,CANCEL,0,,partner_api_order
713,2024-10-28,S00361,NEW,7,monthly,partner_api_order
714,2024-10-28,S01388,NEW,10,annual,partner_api_order
715,2024-10-28,S01550,NEW,1,monthly,partner_api_order
716,2024-10-28,S03466,NEW,4,annual,partner_api_order
717,2024-10-28,S03757,NEW,2,annual,partner_api_order
718,2024-10-28,S03773,NEW,22,monthly,partner_api_order
719,2024-10-29,S01796,NEW,9,annual,partner_api_order
720,2024-10-29,S02986,NEW,11,annual,partner_api_order
721,2024-10-29,S03512,NEW,9,monthly,partner_api_order
722,2024-10-30,S00065,NEW,36,annual,partner_api_order
723,2024-10-30,S00154,NEW,2,monthly,partner_api_order
724,2024-10-30,S00276,NEW,32,annual,partner_api_order
725,2024-10-30,S00552,NEW,4,monthly,partner_api_order
726,2024-10-30,S01965,NEW,265,monthly,contract_record
727,2024-10-30,S02027,NEW,8,annual,partner_api_order
728,2024-10-30,S03711,NEW,10,annual,partner_api_order
729,2024-10-30,S03881,NEW,10,annual,partner_api_order
730,2024-10-30,S01796,ADD,10,,partner_api_order
731,2024-10-30,S02986,ADD,15,,partner_api_order
732,2024-10-31,S01406,NEW,7,monthly,partner_api_order
733,2024-10-31,S01415,NEW,10,annual,partner_api_order
734,2024-10-31,S02652,NEW,3,annual,partner_api_order
735,2024-10-31,S02816,NEW,11,annual,partner_api_order
736,2024-10-31,S03045,NEW,4,monthly,partner_api_order
737,2024-10-31,S03342,NEW,22,annual,partner_api_order
738,2024-10-31,S03459,NEW,189,monthly,contract_record
739,2024-10-31,S03729,NEW,14,monthly,partner_api_order
740,2024-10-31,S04019,NEW,2,monthly,partner_api_order
741,2024-11-01,S00778,NEW,4,monthly,partner_api_order
742,2024-11-01,S01170,NEW,26,annual,partner_api_order
743,2024-11-01,S01290,NEW,3,monthly,partner_api_order
744,2024-11-01,S02089,NEW,6,annual,partner_api_order
745,2024-11-01,S02367,NEW,26,monthly,partner_api_order
746,2024-11-01,S03697,NEW,7,annual,partner_api_order
747,2024-11-01,S04387,NEW,29,monthly,partner_api_order
748,2024-11-01,S01498,REDUCE,6,,partner_api_order
749,2024-11-01,S02993,REDUCE,14,,partner_api_order
750,2024-11-02,S00042,NEW,13,annual,partner_api_order
751,2024-11-02,S00576,NEW,6,monthly,partner_api_order
752,2024-11-02,S02004,NEW,261,annual,contract_record
753,2024-11-02,S02203,NEW,12,monthly,partner_api_order
754,2024-11-02,S03008,NEW,63,annual,contract_record
755,2024-11-02,S04189,NEW,8,annual,partner_api_order
756,2024-11-02,S00055,ADD,207,,contract_record
757,2024-11-03,S00336,NEW,102,annual,contract_record
758,2024-11-03,S00939,NEW,6,annual,partner_api_order
759,2024-11-03,S02837,NEW,7,annual,partner_api_order
760,2024-11-03,S01415,REDUCE,4,,partner_api_order
761,2024-11-03,S02016,ADD,9,,partner_api_order
762,2024-11-04,S00120,NEW,6,annual,partner_api_order
763,2024-11-04,S00484,NEW,2,annual,partner_api_order
764,2024-11-04,S01177,NEW,20,annual,partner_api_order
765,2024-11-04,S01477,NEW,20,annual,partner_api_order
766,2024-11-04,S01565,NEW,3,annual,partner_api_order
767,2024-11-04,S01591,NEW,2,annual,partner_api_order
768,2024-11-04,S01727,NEW,13,annual,partner_api_order
769,2024-11-04,S02360,NEW,2,monthly,partner_api_order
770,2024-11-04,S03588,NEW,9,monthly,partner_api_order
771,2024-11-04,S03940,NEW,4,annual,partner_api_order
772,2024-11-04,S04342,NEW,7,annual,partner_api_order
773,2024-11-05,S00640,NEW,2,annual,partner_api_order
774,2024-11-05,S01059,NEW,10,monthly,partner_api_order
775,2024-11-05,S03663,NEW,3,annual,partner_api_order
776,2024-11-06,S01810,NEW,6,monthly,partner_api_order
777,2024-11-06,S02077,NEW,10,annual,partner_api_order
778,2024-11-06,S02892,NEW,34,annual,partner_api_order
779,2024-11-07,S00266,NEW,12,annual,partner_api_order
780,2024-11-07,S00366,NEW,22,annual,partner_api_order
781,2024-11-07,S01571,NEW,8,monthly,partner_api_order
782,2024-11-07,S02413,NEW,9,annual,partner_api_order
783,2024-11-07,S02443,NEW,3,monthly,partner_api_order
784,2024-11-07,S02616,NEW,13,monthly,partner_api_order
785,2024-11-07,S02845,NEW,16,annual,partner_api_order
786,2024-11-07,S03845,NEW,21,monthly,partner_api_order
787,2024-11-07,S04284,NEW,46,monthly,partner_api_order
788,2024-11-07,S02748,REDUCE,3,,partner_api_order
789,2024-11-08,S00211,NEW,4,monthly,partner_api_order
790,2024-11-08,S01471,NEW,7,annual,partner_api_order
791,2024-11-08,S01657,NEW,22,annual,partner_api_order
792,2024-11-08,S01985,NEW,4,monthly,partner_api_order
793,2024-11-08,S02359,NEW,38,annual,partner_api_order
794,2024-11-08,S02508,NEW,460,monthly,contract_record
795,2024-11-08,S03404,NEW,9,monthly,partner_api_order
796,2024-11-08,S03853,NEW,8,annual,partner_api_order
797,2024-11-08,S03859,NEW,11,annual,partner_api_order
798,2024-11-08,S03954,NEW,13,annual,partner_api_order
799,2024-11-08,S03955,NEW,27,monthly,partner_api_order
800,2024-11-08,S00171,ADD,16,,partner_api_order
801,2024-11-08,S01322,CANCEL,0,,partner_api_order
802,2024-11-08,S02863,ADD,4,,partner_api_order
803,2024-11-08,S03965,ADD,45,,partner_api_order
804,2024-11-09,S00821,NEW,8,monthly,partner_api_order
805,2024-11-09,S01067,NEW,3,annual,partner_api_order
806,2024-11-09,S01104,NEW,16,annual,partner_api_order
807,2024-11-09,S01261,NEW,13,monthly,partner_api_order
808,2024-11-09,S01319,NEW,14,monthly,partner_api_order
809,2024-11-09,S01742,NEW,15,annual,partner_api_order
810,2024-11-09,S02412,NEW,6,annual,partner_api_order
811,2024-11-09,S02818,NEW,6,monthly,partner_api_order
812,2024-11-09,S03412,NEW,7,annual,partner_api_order
813,2024-11-10,S00061,NEW,33,monthly,partner_api_order
814,2024-11-10,S00159,NEW,5,annual,partner_api_order
815,2024-11-10,S00503,NEW,4,monthly,partner_api_order
816,2024-11-10,S00600,NEW,7,annual,partner_api_order
817,2024-11-10,S01957,NEW,6,annual,partner_api_order
818,2024-11-10,S02632,NEW,15,annual,partner_api_order
819,2024-11-10,S02949,NEW,4,annual,partner_api_order
820,2024-11-10,S03658,NEW,5,annual,partner_api_order
821,2024-11-10,S00576,CANCEL,0,,partner_api_order
822,2024-11-10,S02035,ADD,7,,partner_api_order
823,2024-11-10,S02412,ADD,8,,partner_api_order
824,2024-11-11,S00776,NEW,3,monthly,partner_api_order
825,2024-11-11,S00853,NEW,6,annual,partner_api_order
826,2024-11-11,S01171,NEW,5,monthly,partner_api_order
827,2024-11-11,S02839,NEW,7,monthly,partner_api_order
828,2024-11-11,S03033,NEW,14,annual,partner_api_order
829,2024-11-11,S03079,NEW,14,monthly,partner_api_order
830,2024-11-11,S03778,NEW,24,annual,partner_api_order
831,2024-11-11,S04051,ADD,14,,partner_api_order
832,2024-11-12,S00173,NEW,3,annual,partner_api_order
833,2024-11-12,S01317,NEW,1,monthly,partner_api_order
834,2024-11-12,S01700,NEW,3,annual,partner_api_order
835,2024-11-12,S02006,NEW,4,monthly,partner_api_order
836,2024-11-12,S02831,NEW,9,monthly,partner_api_order
837,2024-11-12,S01120,REDUCE,5,,partner_api_order
838,2024-11-13,S01856,NEW,7,monthly,partner_api_order
839,2024-11-13,S03445,NEW,25,annual,partner_api_order
840,2024-11-13,S04002,NEW,2,monthly,partner_api_order
841,2024-11-13,S04013,NEW,2,annual,partner_api_order
842,2024-11-13,S03757,REDUCE,1,,partner_api_order
843,2024-11-14,S00052,NEW,80,annual,partner_api_order
844,2024-11-14,S00848,NEW,19,annual,partner_api_order
845,2024-11-14,S01148,NEW,4,monthly,partner_api_order
846,2024-11-14,S01769,NEW,29,monthly,partner_api_order
847,2024-11-14,S02173,NEW,2,annual,partner_api_order
848,2024-11-14,S02320,NEW,6,annual,partner_api_order
849,2024-11-14,S02565,NEW,68,monthly,contract_record
850,2024-11-14,S02790,NEW,5,annual,partner_api_order
851,2024-11-14,S02837,REDUCE,6,,partner_api_order
852,2024-11-14,S03033,CANCEL,0,,partner_api_order
853,2024-11-14,S03388,CANCEL,0,,partner_api_order
854,2024-11-15,S01157,NEW,532,monthly,contract_record
855,2024-11-15,S02453,NEW,8,monthly,partner_api_order
856,2024-11-15,S03468,NEW,2,annual,partner_api_order
857,2024-11-15,S03658,ADD,6,,partner_api_order
858,2024-11-16,S01988,NEW,1,annual,partner_api_order
859,2024-11-16,S01706,ADD,37,,partner_api_order
860,2024-11-16,S03404,ADD,11,,partner_api_order
861,2024-11-17,S00973,NEW,3,monthly,partner_api_order
862,2024-11-17,S03210,NEW,29,monthly,partner_api_order
863,2024-11-17,S03678,NEW,498,annual,contract_record
864,2024-11-18,S00815,NEW,4,annual,partner_api_order
865,2024-11-18,S01228,NEW,2,monthly,partner_api_order
866,2024-11-18,S03175,NEW,6,monthly,partner_api_order
867,2024-11-18,S03822,NEW,4,annual,partner_api_order
868,2024-11-18,S00848,REDUCE,7,,partner_api_order
869,2024-11-18,S02393,REDUCE,1186,,contract_record
870,2024-11-18,S03885,CANCEL,0,,partner_api_order
871,2024-11-19,S00924,NEW,3,monthly,partner_api_order
872,2024-11-19,S01829,NEW,50,monthly,partner_api_order
873,2024-11-19,S01852,NEW,4,monthly,partner_api_order
874,2024-11-19,S02114,NEW,5,annual,partner_api_order
875,2024-11-19,S02313,NEW,6,monthly,partner_api_order
876,2024-11-19,S03878,NEW,5,monthly,partner_api_order
877,2024-11-19,S04395,NEW,16,annual,partner_api_order
878,2024-11-19,S01471,ADD,10,,partner_api_order
879,2024-11-20,S00018,NEW,7,annual,partner_api_order
880,2024-11-20,S00184,NEW,5,monthly,partner_api_order
881,2024-11-20,S00560,NEW,12,annual,partner_api_order
882,2024-11-20,S02634,NEW,6,monthly,partner_api_order
883,2024-11-20,S02901,NEW,131,annual,contract_record
884,2024-11-20,S03288,NEW,18,monthly,partner_api_order
885,2024-11-20,S03566,NEW,11,annual,partner_api_order
886,2024-11-20,S03777,NEW,13,monthly,partner_api_order
887,2024-11-21,S01019,NEW,9,annual,partner_api_order
888,2024-11-21,S01487,NEW,14,annual,partner_api_order
889,2024-11-21,S02411,NEW,8,monthly,partner_api_order
890,2024-11-21,S02841,NEW,7,monthly,partner_api_order
891,2024-11-21,S03003,NEW,17,annual,partner_api_order
892,2024-11-21,S03632,NEW,5,annual,partner_api_order
893,2024-11-21,S03677,NEW,45,monthly,partner_api_order
894,2024-11-21,S00456,ADD,3,,partner_api_order
895,2024-11-21,S02839,ADD,10,,partner_api_order
896,2024-11-22,S00261,NEW,209,annual,contract_record
897,2024-11-22,S00449,NEW,4,annual,partner_api_order
898,2024-11-22,S01328,NEW,14,annual,partner_api_order
899,2024-11-22,S01337,NEW,8,monthly,partner_api_order
900,2024-11-22,S03556,NEW,27,monthly,partner_api_order
901,2024-11-22,S03590,NEW,11,monthly,partner_api_order
902,2024-11-22,S03624,NEW,8,monthly,partner_api_order
903,2024-11-22,S04044,NEW,28,annual,partner_api_order
904,2024-11-22,S04315,NEW,4,annual,partner_api_order
905,2024-11-22,S01717,REDUCE,8,,partner_api_order
906,2024-11-22,S03665,CANCEL,0,,partner_api_order
907,2024-11-23,S00627,NEW,4,annual,partner_api_order
908,2024-11-23,S02455,NEW,2,annual,partner_api_order
909,2024-11-23,S02515,NEW,4,monthly,partner_api_order
910,2024-11-23,S02623,NEW,8,annual,partner_api_order
911,2024-11-23,S03599,NEW,22,monthly,partner_api_order
912,2024-11-23,S03607,NEW,8,monthly,partner_api_order
913,2024-11-23,S04338,NEW,7,annual,partner_api_order
914,2024-11-24,S00131,NEW,3,annual,partner_api_order
915,2024-11-24,S00614,NEW,4,monthly,partner_api_order
916,2024-11-24,S01347,NEW,5,annual,partner_api_order
917,2024-11-24,S03163,NEW,33,annual,partner_api_order
918,2024-11-24,S03263,NEW,13,annual,partner_api_order
919,2024-11-24,S03397,NEW,14,annual,partner_api_order
920,2024-11-24,S03520,NEW,4,monthly,partner_api_order
921,2024-11-24,S04194,NEW,4,annual,partner_api_order
922,2024-11-24,S01475,ADD,9,,partner_api_order
923,2024-11-24,S03678,ADD,498,,contract_record
924,2024-11-24,S04305,REDUCE,1,,partner_api_order
925,2024-11-25,S01866,NEW,235,annual,contract_record
926,2024-11-25,S02116,NEW,28,monthly,partner_api_order
927,2024-11-25,S03228,NEW,23,annual,partner_api_order
928,2024-11-25,S03635,NEW,4,annual,partner_api_order
929,2024-11-25,S03934,NEW,3,annual,partner_api_order
930,2024-11-25,S04193,NEW,3,monthly,partner_api_order
931,2024-11-25,S03530,ADD,3,,partner_api_order
932,2024-11-26,S00236,NEW,6,annual,partner_api_order
933,2024-11-26,S00436,NEW,56,annual,partner_api_order
934,2024-11-26,S00960,NEW,122,annual,contract_record
935,2024-11-26,S01254,NEW,13,annual,partner_api_order
936,2024-11-26,S02609,NEW,7,monthly,partner_api_order
937,2024-11-26,S02650,NEW,2,annual,partner_api_order
938,2024-11-26,S02794,NEW,107,monthly,contract_record
939,2024-11-26,S03117,NEW,4,monthly,partner_api_order
940,2024-11-26,S03396,NEW,12,monthly,partner_api_order
941,2024-11-26,S01653,ADD,11,,partner_api_order
942,2024-11-27,S00441,NEW,3,monthly,partner_api_order
943,2024-11-27,S01911,NEW,22,annual,partner_api_order
944,2024-11-27,S02823,NEW,17,monthly,partner_api_order
945,2024-11-27,S04380,NEW,80,annual,partner_api_order
946,2024-11-27,S01852,ADD,6,,partner_api_order
947,2024-11-28,S00709,NEW,28,annual,partner_api_order
948,2024-11-28,S00872,NEW,25,monthly,partner_api_order
949,2024-11-28,S02182,NEW,3,monthly,partner_api_order
950,2024-11-28,S02930,NEW,19,monthly,partner_api_order
951,2024-11-28,S03425,NEW,10,annual,partner_api_order
952,2024-11-28,S03662,NEW,2,monthly,partner_api_order
953,2024-11-28,S03777,REDUCE,7,,partner_api_order
954,2024-11-29,S00183,NEW,18,annual,partner_api_order
955,2024-11-29,S00897,NEW,2,annual,partner_api_order
956,2024-11-29,S02235,NEW,2,annual,partner_api_order
957,2024-11-29,S00709,ADD,43,,partner_api_order
958,2024-11-29,S01033,REDUCE,7,,partner_api_order
959,2024-11-29,S01286,ADD,5,,partner_api_order
960,2024-11-29,S01347,CANCEL,0,,partner_api_order
961,2024-11-29,S01749,REDUCE,7,,partner_api_order
962,2024-11-29,S02244,CANCEL,0,,partner_api_order
963,2024-11-29,S02940,ADD,4,,partner_api_order
964,2024-11-30,S00349,NEW,8,monthly,partner_api_order
965,2024-11-30,S00786,NEW,2,monthly,partner_api_order
966,2024-11-30,S00951,NEW,6,monthly,partner_api_order
967,2024-11-30,S01604,NEW,6,annual,partner_api_order
968,2024-11-30,S02059,NEW,3,annual,partner_api_order
969,2024-11-30,S02979,NEW,8,monthly,partner_api_order
970,2024-11-30,S03587,NEW,4,annual,partner_api_order
971,2024-11-30,S03998,NEW,3,monthly,partner_api_order
972,2024-11-30,S04310,NEW,4,monthly,partner_api_order
973,2024-11-30,S02352,ADD,11,,partner_api_order
974,2024-11-30,S03228,CANCEL,0,,partner_api_order
975,2024-11-30,S03288,ADD,21,,partner_api_order
976,2024-11-30,S03542,ADD,244,,contract_record
977,2024-12-01,S00569,NEW,29,annual,partner_api_order
978,2024-12-01,S00920,NEW,8,annual,partner_api_order
979,2024-12-01,S01190,NEW,5,monthly,partner_api_order
980,2024-12-01,S01434,NEW,7,annual,partner_api_order
981,2024-12-01,S03735,NEW,5,annual,partner_api_order
982,2024-12-01,S03807,NEW,18,annual,partner_api_order
983,2024-12-01,S04126,NEW,8,monthly,partner_api_order
984,2024-12-01,S04190,NEW,5,annual,partner_api_order
985,2024-12-01,S02035,REDUCE,5,,partner_api_order
986,2024-12-02,S00690,NEW,11,monthly,partner_api_order
987,2024-12-02,S00774,NEW,3,monthly,partner_api_order
988,2024-12-02,S00789,NEW,5,monthly,partner_api_order
989,2024-12-02,S01029,NEW,6,monthly,partner_api_order
990,2024-12-02,S01849,NEW,12,monthly,partner_api_order
991,2024-12-02,S02947,NEW,8,annual,partner_api_order
992,2024-12-02,S02655,ADD,85,,partner_api_order
993,2024-12-03,S00048,NEW,8,annual,partner_api_order
994,2024-12-03,S01025,NEW,5,annual,partner_api_order
995,2024-12-03,S02518,NEW,15,annual,partner_api_order
996,2024-12-03,S02749,NEW,23,monthly,partner_api_order
997,2024-12-03,S04346,NEW,9,annual,partner_api_order
998,2024-12-03,S01342,CANCEL,0,,partner_api_order
999,2024-12-03,S02387,CANCEL,0,,partner_api_order
1000,2024-12-03,S03678,ADD,660,,contract_record
1001,2024-12-04,S00141,NEW,8,annual,partner_api_order
1002,2024-12-04,S00508,NEW,4,monthly,partner_api_order
1003,2024-12-04,S03403,NEW,8,annual,partner_api_order
1004,2024-12-04,S04252,NEW,9,annual,partner_api_order
1005,2024-12-04,S01328,CANCEL,0,,partner_api_order
1006,2024-12-05,S00896,NEW,17,monthly,partner_api_order
1007,2024-12-05,S00938,NEW,7,monthly,partner_api_order
1008,2024-12-05,S02218,NEW,7,annual,partner_api_order
1009,2024-12-05,S02379,NEW,8,monthly,partner_api_order
1010,2024-12-05,S03475,NEW,11,annual,partner_api_order
1011,2024-12-05,S03974,NEW,22,monthly,partner_api_order
1012,2024-12-05,S04124,NEW,9,annual,partner_api_order
1013,2024-12-06,S00806,NEW,32,monthly,partner_api_order
1014,2024-12-06,S01039,NEW,48,annual,partner_api_order
1015,2024-12-06,S01714,NEW,2,annual,partner_api_order
1016,2024-12-06,S03958,NEW,19,monthly,partner_api_order
1017,2024-12-06,S03987,NEW,17,annual,partner_api_order
1018,2024-12-06,S04127,NEW,36,monthly,partner_api_order
1019,2024-12-06,S02181,REDUCE,4,,partner_api_order
1020,2024-12-06,S02541,ADD,59,,partner_api_order
1021,2024-12-06,S02937,REDUCE,1,,partner_api_order
1022,2024-12-07,S00654,NEW,23,annual,partner_api_order
1023,2024-12-07,S00693,NEW,5,monthly,partner_api_order
1024,2024-12-07,S01558,NEW,35,annual,partner_api_order
1025,2024-12-07,S02065,NEW,6,monthly,partner_api_order
1026,2024-12-07,S03325,NEW,8,monthly,partner_api_order
1027,2024-12-07,S04032,NEW,1,monthly,partner_api_order
1028,2024-12-07,S00513,ADD,228,,contract_record
1029,2024-12-07,S03369,ADD,11,,partner_api_order
1030,2024-12-07,S03853,ADD,11,,partner_api_order
1031,2024-12-07,S04355,ADD,30,,partner_api_order
1032,2024-12-08,S00870,NEW,37,annual,partner_api_order
1033,2024-12-08,S01616,NEW,12,annual,partner_api_order
1034,2024-12-08,S04094,NEW,13,annual,partner_api_order
1035,2024-12-08,S04333,NEW,2,monthly,partner_api_order
1036,2024-12-09,S00719,NEW,10,annual,partner_api_order
1037,2024-12-09,S01836,NEW,31,monthly,partner_api_order
1038,2024-12-09,S02041,NEW,8,monthly,partner_api_order
1039,2024-12-09,S02129,NEW,26,monthly,partner_api_order
1040,2024-12-09,S02842,NEW,5,monthly,partner_api_order
1041,2024-12-09,S04139,NEW,18,monthly,partner_api_order
1042,2024-12-09,S04364,NEW,5,annual,partner_api_order
1043,2024-12-09,S00671,ADD,12,,partner_api_order
1044,2024-12-09,S01980,CANCEL,0,,partner_api_order
1045,2024-12-09,S02565,ADD,90,,contract_record
1046,2024-12-10,S01034,NEW,6,annual,partner_api_order
1047,2024-12-10,S01098,NEW,15,annual,partner_api_order
1048,2024-12-10,S01516,NEW,2,annual,partner_api_order
1049,2024-12-10,S02601,NEW,2,monthly,partner_api_order
1050,2024-12-10,S03028,NEW,3,annual,partner_api_order
1051,2024-12-10,S00121,CANCEL,0,,partner_api_order
1052,2024-12-10,S02075,REDUCE,0,,partner_api_order
1053,2024-12-10,S04391,ADD,12,,partner_api_order
1054,2024-12-11,S00929,NEW,3,monthly,partner_api_order
1055,2024-12-11,S01432,NEW,3,monthly,partner_api_order
1056,2024-12-11,S01994,NEW,25,monthly,partner_api_order
1057,2024-12-11,S03276,NEW,8,monthly,partner_api_order
1058,2024-12-11,S03776,NEW,8,annual,partner_api_order
1059,2024-12-11,S03875,NEW,6,annual,partner_api_order
1060,2024-12-11,S01849,ADD,15,,partner_api_order
1061,2024-12-11,S02173,ADD,2,,partner_api_order
1062,2024-12-12,S00244,NEW,2,monthly,partner_api_order
1063,2024-12-12,S01712,NEW,30,annual,partner_api_order
1064,2024-12-12,S02003,NEW,3,annual,partner_api_order
1065,2024-12-12,S02502,NEW,281,monthly,contract_record
1066,2024-12-12,S04181,NEW,10,annual,partner_api_order
1067,2024-12-12,S04276,NEW,7,annual,partner_api_order
1068,2024-12-12,S02360,REDUCE,1,,partner_api_order
1069,2024-12-13,S00151,NEW,9,monthly,partner_api_order
1070,2024-12-13,S01546,NEW,2,annual,partner_api_order
1071,2024-12-13,S01977,NEW,12,annual,partner_api_order
1072,2024-12-13,S02105,NEW,9,annual,partner_api_order
1073,2024-12-13,S02926,NEW,7,annual,partner_api_order
1074,2024-12-13,S03296,NEW,17,annual,partner_api_order
1075,2024-12-13,S03371,NEW,7,annual,partner_api_order
1076,2024-12-13,S04000,NEW,7,annual,partner_api_order
1077,2024-12-14,S01100,NEW,17,annual,partner_api_order
1078,2024-12-14,S02060,NEW,20,monthly,partner_api_order
1079,2024-12-14,S03496,NEW,13,annual,partner_api_order
1080,2024-12-14,S03876,NEW,2,annual,partner_api_order
1081,2024-12-14,S03980,NEW,28,monthly,partner_api_order
1082,2024-12-14,S04341,NEW,112,annual,contract_record
1083,2024-12-14,S04362,NEW,31,annual,partner_api_order
1084,2024-12-15,S03280,NEW,5,monthly,partner_api_order
1085,2024-12-15,S00244,REDUCE,1,,partner_api_order
1086,2024-12-16,S00202,NEW,11,monthly,partner_api_order
1087,2024-12-16,S00283,NEW,7,annual,partner_api_order
1088,2024-12-16,S01457,NEW,9,monthly,partner_api_order
1089,2024-12-16,S01787,NEW,4,annual,partner_api_order
1090,2024-12-16,S01990,NEW,2,annual,partner_api_order
1091,2024-12-16,S03157,NEW,7,monthly,partner_api_order
1092,2024-12-16,S04205,NEW,16,monthly,partner_api_order
1093,2024-12-16,S03647,REDUCE,2,,partner_api_order
1094,2024-12-17,S01987,NEW,26,annual,partner_api_order
1095,2024-12-17,S03164,NEW,3,annual,partner_api_order
1096,2024-12-17,S03329,NEW,8,annual,partner_api_order
1097,2024-12-17,S03455,NEW,7,annual,partner_api_order
1098,2024-12-17,S00642,REDUCE,4,,partner_api_order
1099,2024-12-17,S02284,ADD,41,,partner_api_order
1100,2024-12-18,S01348,NEW,2,monthly,partner_api_order
1101,2024-12-18,S02498,NEW,11,monthly,partner_api_order
1102,2024-12-18,S03160,NEW,14,monthly,partner_api_order
1103,2024-12-18,S03400,NEW,4,monthly,partner_api_order
1104,2024-12-18,S04069,NEW,1,monthly,partner_api_order
1105,2024-12-18,S01755,CANCEL,0,,partner_api_order
1106,2024-12-18,S02458,REDUCE,12,,partner_api_order
1107,2024-12-18,S04310,ADD,6,,partner_api_order
1108,2024-12-19,S00559,NEW,6,monthly,partner_api_order
1109,2024-12-19,S00716,NEW,8,annual,partner_api_order
1110,2024-12-19,S01068,NEW,2,monthly,partner_api_order
1111,2024-12-19,S01231,NEW,7,annual,partner_api_order
1112,2024-12-19,S01248,NEW,1,annual,partner_api_order
1113,2024-12-19,S01566,NEW,22,annual,partner_api_order
1114,2024-12-19,S02372,NEW,7,annual,partner_api_order
1115,2024-12-19,S02399,NEW,5,annual,partner_api_order
1116,2024-12-19,S02941,NEW,4,monthly,partner_api_order
1117,2024-12-19,S03139,NEW,340,annual,contract_record
1118,2024-12-19,S03224,NEW,72,annual,partner_api_order
1119,2024-12-19,S03784,NEW,48,monthly,partner_api_order
1120,2024-12-19,S03906,NEW,4,annual,partner_api_order
1121,2024-12-19,S02352,CANCEL,0,,partner_api_order
1122,2024-12-19,S03244,ADD,9,,partner_api_order
1123,2024-12-19,S04385,ADD,11,,partner_api_order
1124,2024-12-20,S00523,NEW,2,monthly,partner_api_order
1125,2024-12-20,S01926,NEW,3,monthly,partner_api_order
1126,2024-12-20,S02427,NEW,1,annual,partner_api_order
1127,2024-12-20,S02512,NEW,2,annual,partner_api_order
1128,2024-12-20,S04242,NEW,6,monthly,partner_api_order
1129,2024-12-20,S01286,ADD,6,,partner_api_order
1130,2024-12-20,S01987,REDUCE,22,,partner_api_order
1131,2024-12-20,S02842,REDUCE,3,,partner_api_order
1132,2024-12-21,S01528,NEW,2,annual,partner_api_order
1133,2024-12-21,S02648,NEW,11,annual,partner_api_order
1134,2024-12-21,S02967,NEW,7,monthly,partner_api_order
1135,2024-12-21,S03121,NEW,3,annual,partner_api_order
1136,2024-12-21,S03638,NEW,47,annual,contract_record
1137,2024-12-21,S04057,NEW,19,annual,partner_api_order
1138,2024-12-21,S00259,REDUCE,9,,partner_api_order
1139,2024-12-21,S01025,CANCEL,0,,partner_api_order
1140,2024-12-21,S01319,ADD,17,,partner_api_order
1141,2024-12-21,S02026,ADD,25,,partner_api_order
1142,2024-12-21,S03330,ADD,7,,partner_api_order
1143,2024-12-22,S00346,NEW,32,annual,partner_api_order
1144,2024-12-22,S00687,NEW,7,annual,partner_api_order
1145,2024-12-22,S01880,NEW,2,annual,partner_api_order
1146,2024-12-22,S02850,NEW,15,annual,partner_api_order
1147,2024-12-22,S03997,NEW,2,monthly,partner_api_order
1148,2024-12-22,S03231,ADD,17,,partner_api_order
1149,2024-12-23,S00533,NEW,3,annual,partner_api_order
1150,2024-12-23,S00723,NEW,4,monthly,partner_api_order
1151,2024-12-23,S01097,NEW,2,annual,partner_api_order
1152,2024-12-23,S01527,NEW,30,annual,partner_api_order
1153,2024-12-23,S01818,NEW,12,annual,partner_api_order
1154,2024-12-23,S02899,NEW,18,annual,partner_api_order
1155,2024-12-23,S03107,NEW,6,monthly,partner_api_order
1156,2024-12-23,S03627,NEW,9,annual,partner_api_order
1157,2024-12-23,S01169,ADD,14,,partner_api_order
1158,2024-12-23,S02590,ADD,3,,partner_api_order
1159,2024-12-23,S02681,REDUCE,140,,contract_record
1160,2024-12-23,S03045,REDUCE,2,,partner_api_order
1161,2024-12-23,S04284,ADD,51,,partner_api_order
1162,2024-12-24,S00116,NEW,6,annual,partner_api_order
1163,2024-12-24,S00752,NEW,1,monthly,partner_api_order
1164,2024-12-24,S01456,NEW,41,annual,partner_api_order
1165,2024-12-24,S01795,REDUCE,1,,partner_api_order
1166,2024-12-24,S03445,ADD,38,,partner_api_order
1167,2024-12-24,S03940,REDUCE,1,,partner_api_order
1168,2024-12-25,S00400,NEW,4,annual,partner_api_order
1169,2024-12-25,S00733,NEW,10,annual,partner_api_order
1170,2024-12-25,S01643,NEW,5,monthly,partner_api_order
1171,2024-12-25,S01999,NEW,17,monthly,partner_api_order
1172,2024-12-25,S02894,NEW,9,monthly,partner_api_order
1173,2024-12-25,S02935,NEW,4,monthly,partner_api_order
1174,2024-12-25,S03527,NEW,4,annual,partner_api_order
1175,2024-12-25,S01731,CANCEL,0,,partner_api_order
1176,2024-12-25,S02379,CANCEL,0,,partner_api_order
1177,2024-12-25,S03186,REDUCE,8,,partner_api_order
1178,2024-12-25,S04057,ADD,27,,partner_api_order
1179,2024-12-26,S02321,NEW,36,monthly,partner_api_order
1180,2024-12-26,S02664,NEW,4,annual,partner_api_order
1181,2024-12-26,S03409,NEW,4,annual,partner_api_order
1182,2024-12-26,S04373,NEW,15,annual,partner_api_order
1183,2024-12-26,S02320,REDUCE,4,,partner_api_order
1184,2024-12-27,S00548,NEW,80,annual,partner_api_order
1185,2024-12-27,S01292,NEW,5,monthly,partner_api_order
1186,2024-12-27,S02030,NEW,17,annual,partner_api_order
1187,2024-12-27,S00025,REDUCE,6,,partner_api_order
1188,2024-12-27,S03876,ADD,2,,partner_api_order
1189,2024-12-28,S01084,NEW,39,annual,partner_api_order
1190,2024-12-28,S01219,NEW,1,annual,partner_api_order
1191,2024-12-28,S01241,NEW,13,monthly,partner_api_order
1192,2024-12-28,S02206,NEW,31,annual,partner_api_order
1193,2024-12-28,S02386,NEW,2,annual,partner_api_order
1194,2024-12-28,S02916,NEW,5,annual,partner_api_order
1195,2024-12-28,S04110,NEW,36,annual,partner_api_order
1196,2024-12-28,S04232,CANCEL,0,,partner_api_order
1197,2024-12-29,S00686,NEW,2,annual,partner_api_order
1198,2024-12-29,S00781,NEW,11,annual,partner_api_order
1199,2024-12-29,S00947,NEW,6,monthly,partner_api_order
1200,2024-12-29,S01837,NEW,8,annual,partner_api_order
1201,2024-12-29,S02028,NEW,4,annual,partner_api_order
1202,2024-12-29,S04293,NEW,12,annual,partner_api_order
1203,2024-12-29,S00400,REDUCE,1,,partner_api_order
1204,2024-12-30,S03049,NEW,211,annual,contract_record
1205,2024-12-31,S00601,NEW,3,annual,partner_api_order
1206,2024-12-31,S01817,NEW,4,monthly,partner_api_order
1207,2024-12-31,S02104,NEW,19,monthly,partner_api_order
1208,2024-12-31,S02660,NEW,4,annual,partner_api_order
1209,2024-12-31,S03250,NEW,44,monthly,partner_api_order
1210,2024-12-31,S04121,NEW,21,monthly,partner_api_order
1211,2024-12-31,S04371,NEW,12,annual,partner_api_order
1212,2024-12-31,S01456,REDUCE,34,,partner_api_order
1213,2024-12-31,S03174,REDUCE,9,,partner_api_order
1214,2024-12-31,S03638,CANCEL,0,,contract_record
1215,2025-01-01,S02405,NEW,3,monthly,partner_api_order
1216,2025-01-01,S02566,NEW,4,monthly,partner_api_order
1217,2025-01-01,S03443,NEW,3,monthly,partner_api_order
1218,2025-01-01,S04239,NEW,3,monthly,partner_api_order
1219,2025-01-01,S04312,NEW,15,annual,partner_api_order
1220,2025-01-01,S00150,REDUCE,3,,partner_api_order
1221,2025-01-01,S00776,REDUCE,1,,partner_api_order
1222,2025-01-02,S00433,NEW,9,annual,partner_api_order
1223,2025-01-02,S00662,NEW,13,annual,partner_api_order
1224,2025-01-02,S00708,NEW,3,annual,partner_api_order
1225,2025-01-02,S01679,NEW,6,annual,partner_api_order
1226,2025-01-02,S01811,NEW,39,annual,partner_api_order
1227,2025-01-02,S02599,NEW,3,monthly,partner_api_order
1228,2025-01-02,S02737,NEW,13,monthly,partner_api_order
1229,2025-01-02,S03128,NEW,5,annual,partner_api_order
1230,2025-01-02,S04158,NEW,3,annual,partner_api_order
1231,2025-01-02,S04168,NEW,17,annual,partner_api_order
1232,2025-01-02,S04336,NEW,60,annual,partner_api_order
1233,2025-01-02,S01171,REDUCE,4,,partner_api_order
1234,2025-01-02,S01852,ADD,9,,partner_api_order
1235,2025-01-02,S03134,ADD,5,,partner_api_order
1236,2025-01-03,S00500,NEW,5,annual,partner_api_order
1237,2025-01-03,S01507,NEW,16,annual,partner_api_order
1238,2025-01-03,S00336,ADD,129,,contract_record
1239,2025-01-03,S02276,CANCEL,0,,partner_api_order
1240,2025-01-03,S03607,ADD,12,,partner_api_order
1241,2025-01-03,S03696,ADD,22,,partner_api_order
1242,2025-01-04,S00672,NEW,6,annual,partner_api_order
1243,2025-01-04,S00972,NEW,9,annual,partner_api_order
1244,2025-01-04,S00668,CANCEL,0,,partner_api_order
1245,2025-01-04,S02173,ADD,3,,partner_api_order
1246,2025-01-05,S00857,NEW,5,annual,partner_api_order
1247,2025-01-05,S01909,NEW,17,annual,partner_api_order
1248,2025-01-05,S02082,NEW,7,monthly,partner_api_order
1249,2025-01-05,S02470,NEW,7,annual,partner_api_order
1250,2025-01-05,S02475,NEW,19,annual,partner_api_order
1251,2025-01-05,S03154,NEW,10,annual,partner_api_order
1252,2025-01-05,S03473,NEW,4,monthly,partner_api_order
1253,2025-01-05,S03882,NEW,4,annual,partner_api_order
1254,2025-01-05,S03886,NEW,3,annual,partner_api_order
1255,2025-01-05,S00323,NEW,15,annual,partner_api_order
1256,2025-01-05,S01565,ADD,5,,partner_api_order
1257,2025-01-05,S02393,ADD,1385,,contract_record
1258,2025-01-06,S00126,NEW,4,monthly,partner_api_order
1259,2025-01-06,S00430,NEW,15,monthly,partner_api_order
1260,2025-01-06,S00910,NEW,4,monthly,partner_api_order
1261,2025-01-06,S01167,NEW,7,monthly,partner_api_order
1262,2025-01-06,S01354,NEW,1,monthly,partner_api_order
1263,2025-01-06,S01540,NEW,5,monthly,partner_api_order
1264,2025-01-06,S01768,NEW,1,annual,partner_api_order
1265,2025-01-06,S03755,NEW,207,annual,contract_record
1266,2025-01-06,S03911,NEW,16,monthly,partner_api_order
1267,2025-01-06,S02853,REDUCE,4,,partner_api_order
1268,2025-01-07,S00295,NEW,9,monthly,partner_api_order
1269,2025-01-07,S01109,NEW,6,monthly,partner_api_order
1270,2025-01-07,S02611,NEW,5,annual,partner_api_order
1271,2025-01-07,S03854,NEW,1,annual,partner_api_order
1272,2025-01-07,S00192,REDUCE,29,,partner_api_order
1273,2025-01-07,S03961,ADD,10,,partner_api_order
1274,2025-01-08,S01136,NEW,4,annual,partner_api_order
1275,2025-01-08,S01526,NEW,1,annual,partner_api_order
1276,2025-01-08,S01560,NEW,3,annual,partner_api_order
1277,2025-01-08,S02527,NEW,9,monthly,partner_api_order
1278,2025-01-08,S01226,REDUCE,0,,partner_api_order
1279,2025-01-08,S02940,ADD,6,,partner_api_order
1280,2025-01-08,S03773,REDUCE,14,,partner_api_order
1281,2025-01-09,S00450,NEW,17,monthly,partner_api_order
1282,2025-01-10,S00332,NEW,2,annual,partner_api_order
1283,2025-01-10,S01982,NEW,5,monthly,partner_api_order
1284,2025-01-10,S02243,NEW,2,monthly,partner_api_order
1285,2025-01-10,S03238,NEW,29,annual,partner_api_order
1286,2025-01-10,S00799,ADD,6,,partner_api_order
1287,2025-01-10,S02006,ADD,5,,partner_api_order
1288,2025-01-10,S02588,ADD,9,,partner_api_order
1289,2025-01-10,S03895,REDUCE,6,,partner_api_order
1290,2025-01-11,S02024,NEW,57,monthly,partner_api_order
1291,2025-01-11,S02098,NEW,7,annual,partner_api_order
1292,2025-01-11,S02332,NEW,15,annual,partner_api_order
1293,2025-01-11,S03536,NEW,16,annual,partner_api_order
1294,2025-01-11,S03093,ADD,8,,partner_api_order
1295,2025-01-11,S03146,REDUCE,3,,partner_api_order
1296,2025-01-11,S04139,REDUCE,9,,partner_api_order
1297,2025-01-12,S00411,NEW,487,monthly,contract_record
1298,2025-01-12,S00965,NEW,16,annual,partner_api_order
1299,2025-01-12,S02488,NEW,4,annual,partner_api_order
1300,2025-01-12,S03837,NEW,7,annual,partner_api_order
1301,2025-01-12,S04048,NEW,5,monthly,partner_api_order
1302,2025-01-12,S00441,REDUCE,2,,partner_api_order
1303,2025-01-12,S00709,REDUCE,37,,partner_api_order
1304,2025-01-13,S00511,NEW,17,annual,partner_api_order
1305,2025-01-13,S00702,NEW,24,monthly,partner_api_order
1306,2025-01-13,S00923,NEW,6,annual,partner_api_order
1307,2025-01-13,S01373,NEW,27,monthly,partner_api_order
1308,2025-01-13,S01940,NEW,36,annual,partner_api_order
1309,2025-01-13,S02144,NEW,8,monthly,partner_api_order
1310,2025-01-13,S02764,NEW,9,annual,partner_api_order
1311,2025-01-13,S04306,NEW,6,annual,partner_api_order
1312,2025-01-13,S04360,NEW,4,monthly,partner_api_order
1313,2025-01-13,S02453,ADD,12,,partner_api_order
1314,2025-01-14,S00661,NEW,7,annual,partner_api_order
1315,2025-01-14,S01108,NEW,2,monthly,partner_api_order
1316,2025-01-14,S02366,NEW,9,annual,partner_api_order
1317,2025-01-14,S02694,NEW,2,annual,partner_api_order
1318,2025-01-14,S03808,NEW,5,monthly,partner_api_order
1319,2025-01-14,S03831,NEW,14,annual,partner_api_order
1320,2025-01-14,S04248,NEW,11,monthly,partner_api_order
1321,2025-01-14,S04350,NEW,4,annual,partner_api_order
1322,2025-01-14,S00361,CANCEL,0,,partner_api_order
1323,2025-01-14,S01943,ADD,55,,partner_api_order
1324,2025-01-14,S02968,NEW,36,monthly,partner_api_order
1325,2025-01-14,S03149,CANCEL,0,,partner_api_order
1326,2025-01-14,S04205,REDUCE,12,,partner_api_order
1327,2025-01-15,S01776,NEW,11,monthly,partner_api_order
1328,2025-01-15,S02300,NEW,27,annual,partner_api_order
1329,2025-01-15,S03987,REDUCE,7,,partner_api_order
1330,2025-01-16,S00272,NEW,6,monthly,partner_api_order
1331,2025-01-16,S00904,NEW,10,monthly,partner_api_order
1332,2025-01-16,S01910,NEW,37,annual,partner_api_order
1333,2025-01-16,S02579,NEW,19,monthly,partner_api_order
1334,2025-01-16,S04182,NEW,9,monthly,partner_api_order
1335,2025-01-16,S00225,ADD,27,,partner_api_order
1336,2025-01-17,S01338,NEW,18,monthly,partner_api_order
1337,2025-01-17,S02715,NEW,17,annual,partner_api_order
1338,2025-01-17,S02917,NEW,14,monthly,partner_api_order
1339,2025-01-17,S02956,NEW,5,monthly,partner_api_order
1340,2025-01-18,S00237,NEW,26,annual,partner_api_order
1341,2025-01-18,S00481,NEW,2,monthly,partner_api_order
1342,2025-01-18,S01369,NEW,19,monthly,partner_api_order
1343,2025-01-18,S02494,NEW,9,annual,partner_api_order
1344,2025-01-18,S03798,NEW,5,monthly,partner_api_order
1345,2025-01-18,S04240,ADD,84,,partner_api_order
1346,2025-01-19,S00980,NEW,2,annual,partner_api_order
1347,2025-01-19,S01062,NEW,15,monthly,partner_api_order
1348,2025-01-19,S01410,NEW,4,annual,partner_api_order
1349,2025-01-19,S04389,NEW,16,monthly,partner_api_order
1350,2025-01-19,S01694,CANCEL,0,,partner_api_order
1351,2025-01-19,S01909,ADD,27,,partner_api_order
1352,2025-01-19,S03003,ADD,22,,partner_api_order
1353,2025-01-20,S00074,NEW,20,annual,partner_api_order
1354,2025-01-20,S00595,NEW,25,annual,partner_api_order
1355,2025-01-20,S00684,NEW,15,monthly,partner_api_order
1356,2025-01-20,S01611,NEW,31,monthly,partner_api_order
1357,2025-01-20,S01679,CANCEL,0,,partner_api_order
1358,2025-01-20,S02457,REDUCE,3,,partner_api_order
1359,2025-01-21,S00596,NEW,5,annual,partner_api_order
1360,2025-01-21,S01332,NEW,5,annual,partner_api_order
1361,2025-01-21,S02830,NEW,31,monthly,partner_api_order
1362,2025-01-21,S03056,NEW,2,monthly,partner_api_order
1363,2025-01-21,S00702,NEW,24,monthly,partner_api_order
1364,2025-01-21,S01261,REDUCE,9,,partner_api_order
1365,2025-01-22,S01367,NEW,8,monthly,partner_api_order
1366,2025-01-22,S02174,NEW,1,annual,partner_api_order
1367,2025-01-22,S02231,NEW,11,annual,partner_api_order
1368,2025-01-22,S03099,NEW,8,monthly,partner_api_order
1369,2025-01-22,S03351,NEW,24,annual,partner_api_order
1370,2025-01-22,S03603,NEW,4,annual,partner_api_order
1371,2025-01-23,S00535,NEW,3,annual,partner_api_order
1372,2025-01-23,S00937,NEW,11,annual,partner_api_order
1373,2025-01-23,S03323,NEW,11,annual,partner_api_order
1374,2025-01-23,S04206,NEW,47,monthly,partner_api_order
1375,2025-01-24,S00148,NEW,102,annual,contract_record
1376,2025-01-24,S00983,NEW,4,annual,partner_api_order
1377,2025-01-24,S01035,NEW,3,monthly,partner_api_order
1378,2025-01-24,S01089,NEW,5,annual,partner_api_order
1379,2025-01-24,S01764,NEW,5,annual,partner_api_order
1380,2025-01-24,S02848,NEW,18,annual,partner_api_order
1381,2025-01-24,S02366,CANCEL,0,,partner_api_order
1382,2025-01-24,S02771,REDUCE,1,,partner_api_order
1383,2025-01-24,S03854,ADD,2,,partner_api_order
1384,2025-01-25,S00751,NEW,12,annual,partner_api_order
1385,2025-01-25,S00954,NEW,2,annual,partner_api_order
1386,2025-01-25,S01003,NEW,36,annual,partner_api_order
1387,2025-01-25,S02775,NEW,9,monthly,partner_api_order
1388,2025-01-25,S02634,REDUCE,2,,partner_api_order
1389,2025-01-25,S03952,ADD,5,,partner_api_order
1390,2025-01-26,S00961,NEW,1,annual,partner_api_order
1391,2025-01-26,S01971,NEW,4,monthly,partner_api_order
1392,2025-01-26,S03290,NEW,25,annual,partner_api_order
1393,2025-01-26,S03686,NEW,15,annual,partner_api_order
1394,2025-01-26,S01369,ADD,19,,partner_api_order
1395,2025-01-26,S03496,ADD,20,,partner_api_order
1396,2025-01-26,S04276,REDUCE,4,,partner_api_order
1397,2025-01-27,S03097,NEW,13,monthly,partner_api_order
1398,2025-01-27,S00073,ADD,11,,partner_api_order
1399,2025-01-27,S01742,ADD,17,,partner_api_order
1400,2025-01-28,S00298,NEW,2,monthly,partner_api_order
1401,2025-01-28,S00440,NEW,9,monthly,partner_api_order
1402,2025-01-28,S01867,NEW,9,annual,partner_api_order
1403,2025-01-28,S02145,NEW,30,monthly,partner_api_order
1404,2025-01-28,S03414,NEW,1,monthly,partner_api_order
1405,2025-01-28,S04154,NEW,14,monthly,partner_api_order
1406,2025-01-28,S04243,NEW,7,annual,partner_api_order
1407,2025-01-28,S04363,NEW,92,annual,contract_record
1408,2025-01-28,S00345,ADD,63,,partner_api_order
1409,2025-01-28,S03228,ADD,5,,partner_api_order
1410,2025-01-29,S00326,NEW,26,monthly,partner_api_order
1411,2025-01-29,S01101,NEW,4,annual,partner_api_order
1412,2025-01-29,S01474,NEW,11,monthly,partner_api_order
1413,2025-01-29,S01868,NEW,4,annual,partner_api_order
1414,2025-01-29,S02723,NEW,2,annual,partner_api_order
1415,2025-01-29,S02747,NEW,8,annual,partner_api_order
1416,2025-01-29,S03017,NEW,11,monthly,partner_api_order
1417,2025-01-29,S03090,NEW,7,annual,partner_api_order
1418,2025-01-29,S03898,NEW,6,annual,partner_api_order
1419,2025-01-29,S02315,REDUCE,8,,partner_api_order
1420,2025-01-29,S04154,ADD,19,,partner_api_order
1421,2025-01-30,S01495,NEW,21,annual,partner_api_order
1422,2025-01-30,S01747,NEW,47,annual,partner_api_order
1423,2025-01-30,S02678,NEW,4,monthly,partner_api_order
1424,2025-01-30,S03486,NEW,14,annual,partner_api_order
1425,2025-01-30,S01596,ADD,34,,partner_api_order
1426,2025-01-30,S02648,REDUCE,6,,partner_api_order
1427,2025-01-30,S02863,REDUCE,2,,partner_api_order
1428,2025-01-30,S03290,REDUCE,14,,partner_api_order
1429,2025-01-31,S01595,NEW,14,monthly,partner_api_order
1430,2025-01-31,S01896,NEW,8,monthly,partner_api_order
1431,2025-01-31,S03389,NEW,7,monthly,partner_api_order
1432,2025-01-31,S03596,NEW,9,annual,partner_api_order
1433,2025-01-31,S00331,CANCEL,0,,partner_api_order
1434,2025-01-31,S00596,ADD,5,,partner_api_order
1435,2025-01-31,S00660,ADD,11,,partner_api_order
1436,2025-01-31,S01319,REDUCE,11,,partner_api_order
1437,2025-01-31,S01367,ADD,10,,partner_api_order
1438,2025-01-31,S02678,CANCEL,0,,partner_api_order
1439,2025-01-31,S03017,ADD,14,,partner_api_order
1440,2025-01-31,S04173,ADD,16,,partner_api_order
1441,2025-02-01,S00286,NEW,12,annual,partner_api_order
1442,2025-02-01,S00492,NEW,4,monthly,partner_api_order
1443,2025-02-01,S02193,NEW,25,monthly,partner_api_order
1444,2025-02-01,S02215,NEW,39,annual,partner_api_order
1445,2025-02-01,S02247,NEW,9,annual,partner_api_order
1446,2025-02-01,S03933,NEW,3,annual,partner_api_order
1447,2025-02-01,S01810,REDUCE,5,,partner_api_order
1448,2025-02-01,S02024,ADD,74,,partner_api_order
1449,2025-02-02,S00431,NEW,4,monthly,partner_api_order
1450,2025-02-02,S00494,NEW,17,annual,partner_api_order
1451,2025-02-02,S00643,NEW,6,annual,partner_api_order
1452,2025-02-02,S01541,NEW,5,annual,partner_api_order
1453,2025-02-02,S02120,NEW,4,annual,partner_api_order
1454,2025-02-02,S02921,NEW,30,monthly,partner_api_order
1455,2025-02-02,S03264,NEW,7,annual,partner_api_order
1456,2025-02-02,S04180,NEW,3,monthly,partner_api_order
1457,2025-02-02,S00938,REDUCE,3,,partner_api_order
1458,2025-02-02,S01283,ADD,33,,partner_api_order
1459,2025-02-02,S01546,ADD,3,,partner_api_order
1460,2025-02-02,S02112,ADD,28,,partner_api_order
1461,2025-02-02,S02255,ADD,7,,partner_api_order
1462,2025-02-02,S02527,ADD,13,,partner_api_order
1463,2025-02-02,S03816,ADD,4,,partner_api_order
1464,2025-02-03,S00509,NEW,13,annual,partner_api_order
1465,2025-02-03,S00754,NEW,10,annual,partner_api_order
1466,2025-02-03,S01045,NEW,4,monthly,partner_api_order
1467,2025-02-03,S01099,NEW,5,annual,partner_api_order
1468,2025-02-03,S01400,NEW,3,monthly,partner_api_order
1469,2025-02-03,S02220,NEW,5,annual,partner_api_order
1470,2025-02-03,S04336,REDUCE,32,,partner_api_order
1471,2025-02-04,S00606,NEW,43,annual,partner_api_order
1472,2025-02-04,S02047,NEW,47,monthly,partner_api_order
1473,2025-02-04,S04191,NEW,6,annual,partner_api_order
1474,2025-02-04,S01353,CANCEL,0,,partner_api_order
1475,2025-02-05,S00077,NEW,28,monthly,partner_api_order
1476,2025-02-05,S01272,NEW,7,annual,partner_api_order
1477,2025-02-05,S01399,NEW,4,monthly,partner_api_order
1478,2025-02-05,S01444,NEW,2,annual,partner_api_order
1479,2025-02-05,S01831,NEW,11,monthly,partner_api_order
1480,2025-02-05,S01939,NEW,2,monthly,partner_api_order
1481,2025-02-05,S02012,NEW,3,monthly,partner_api_order
1482,2025-02-05,S03477,NEW,5,annual,partner_api_order
1483,2025-02-05,S03524,NEW,10,annual,partner_api_order
1484,2025-02-05,S03553,NEW,26,annual,partner_api_order
1485,2025-02-05,S03977,NEW,3,monthly,partner_api_order
1486,2025-02-05,S03988,NEW,24,monthly,partner_api_order
1487,2025-02-05,S04253,NEW,4,annual,partner_api_order
1488,2025-02-06,S00393,NEW,9,monthly,partner_api_order
1489,2025-02-06,S01464,NEW,7,annual,partner_api_order
1490,2025-02-06,S01569,NEW,8,monthly,partner_api_order
1491,2025-02-06,S02103,NEW,18,annual,partner_api_order
1492,2025-02-06,S03691,NEW,26,annual,partner_api_order
1493,2025-02-06,S04140,NEW,7,monthly,partner_api_order
1494,2025-02-06,S00170,ADD,9,,partner_api_order
1495,2025-02-06,S00225,REDUCE,18,,partner_api_order
1496,2025-02-06,S04327,ADD,9,,partner_api_order
1497,2025-02-07,S00800,NEW,4,annual,partner_api_order
1498,2025-02-07,S01240,NEW,10,monthly,partner_api_order
1499,2025-02-07,S03347,NEW,7,annual,partner_api_order
1500,2025-02-07,S00332,ADD,3,,partner_api_order
1501,2025-02-07,S90275,ADD,9,,partner_api_order
1502,2025-02-08,S00407,NEW,17,annual,partner_api_order
1503,2025-02-08,S00812,NEW,12,annual,partner_api_order
1504,2025-02-08,S03158,NEW,34,monthly,partner_api_order
1505,2025-02-08,S03918,NEW,4,annual,partner_api_order
1506,2025-02-08,S04143,NEW,5,monthly,partner_api_order
1507,2025-02-08,S04222,NEW,2,annual,partner_api_order
1508,2025-02-08,S04321,NEW,13,monthly,partner_api_order
1509,2025-02-08,S01003,REDUCE,25,,partner_api_order
1510,2025-02-08,S01446,REDUCE,4,,partner_api_order
1511,2025-02-08,S01817,ADD,5,,partner_api_order
1512,2025-02-08,S02747,ADD,12,,partner_api_order
1513,2025-02-08,S04159,CANCEL,0,,partner_api_order
1514,2025-02-09,S00290,NEW,4,monthly,partner_api_order
1515,2025-02-09,S00417,NEW,13,monthly,partner_api_order
1516,2025-02-09,S02135,NEW,15,monthly,partner_api_order
1517,2025-02-09,S01205,CANCEL,0,,partner_api_order
1518,2025-02-10,S01113,NEW,9,annual,partner_api_order
1519,2025-02-10,S02791,NEW,5,annual,partner_api_order
1520,2025-02-10,S03094,NEW,4,monthly,partner_api_order
1521,2025-02-10,S04238,NEW,2,monthly,partner_api_order
1522,2025-02-10,S01507,ADD,23,,partner_api_order
1523,2025-02-10,S03757,ADD,2,,partner_api_order
1524,2025-02-11,S00979,NEW,312,annual,contract_record
1525,2025-02-11,S01145,NEW,1,monthly,partner_api_order
1526,2025-02-11,S02946,NEW,6,monthly,partner_api_order
1527,2025-02-11,S03266,NEW,6,monthly,partner_api_order
1528,2025-02-11,S03476,NEW,12,annual,partner_api_order
1529,2025-02-11,S02141,ADD,5,,partner_api_order
1530,2025-02-12,S01780,NEW,10,annual,partner_api_order
1531,2025-02-12,S02081,NEW,2,annual,partner_api_order
1532,2025-02-12,S02339,NEW,9,annual,partner_api_order
1533,2025-02-12,S03312,NEW,11,annual,partner_api_order
1534,2025-02-12,S00141,REDUCE,6,,partner_api_order
1535,2025-02-12,S00524,ADD,44,,partner_api_order
1536,2025-02-12,S03422,CANCEL,0,,partner_api_order
1537,2025-02-13,S01333,NEW,7,monthly,partner_api_order
1538,2025-02-13,S01585,NEW,1,monthly,partner_api_order
1539,2025-02-13,S02222,NEW,6,annual,partner_api_order
1540,2025-02-13,S02897,NEW,10,annual,partner_api_order
1541,2025-02-13,S03513,NEW,41,annual,partner_api_order
1542,2025-02-13,S03763,NEW,6,annual,partner_api_order
1543,2025-02-13,S02267,ADD,10,,partner_api_order
1544,2025-02-13,S02458,ADD,16,,partner_api_order
1545,2025-02-13,S02737,ADD,18,,partner_api_order
1546,2025-02-14,S00327,NEW,3,monthly,partner_api_order
1547,2025-02-14,S03048,ADD,158,,contract_record
1548,2025-02-14,S03400,CANCEL,0,,partner_api_order
1549,2025-02-15,S00545,NEW,4,monthly,partner_api_order
1550,2025-02-15,S00575,NEW,5,monthly,partner_api_order
1551,2025-02-15,S00679,NEW,17,annual,partner_api_order
1552,2025-02-15,S01275,NEW,2,annual,partner_api_order
1553,2025-02-15,S01758,NEW,4,annual,partner_api_order
1554,2025-02-15,S02072,NEW,7,monthly,partner_api_order
1555,2025-02-15,S02556,NEW,17,monthly,partner_api_order
1556,2025-02-15,S02607,NEW,24,annual,partner_api_order
1557,2025-02-15,S03197,NEW,9,annual,partner_api_order
1558,2025-02-15,S03201,NEW,16,annual,partner_api_order
1559,2025-02-15,S03874,NEW,9,annual,partner_api_order
1560,2025-02-15,S00051,ADD,9,,partner_api_order
1561,2025-02-15,S00719,REDUCE,7,,partner_api_order
1562,2025-02-15,S03734,ADD,9,,partner_api_order
1563,2025-02-15,S04222,ADD,3,,partner_api_order
1564,2025-02-16,S00146,NEW,7,monthly,partner_api_order
1565,2025-02-16,S00156,NEW,1,monthly,partner_api_order
1566,2025-02-16,S01057,NEW,6,monthly,partner_api_order
1567,2025-02-16,S01131,NEW,4,monthly,partner_api_order
1568,2025-02-16,S01334,NEW,6,annual,partner_api_order
1569,2025-02-16,S01750,NEW,13,annual,partner_api_order
1570,2025-02-16,S03565,NEW,15,annual,partner_api_order
1571,2025-02-16,S03741,NEW,16,annual,partner_api_order
1572,2025-02-16,S03952,ADD,7,,partner_api_order
1573,2025-02-17,S01072,NEW,6,annual,partner_api_order
1574,2025-02-17,S01188,NEW,17,monthly,partner_api_order
1575,2025-02-17,S00411,ADD,568,,contract_record
1576,2025-02-17,S00743,ADD,7,,partner_api_order
1577,2025-02-17,S01988,ADD,2,,partner_api_order
1578,2025-02-17,S03238,ADD,44,,partner_api_order
1579,2025-02-17,S03252,CANCEL,0,,partner_api_order
1580,2025-02-17,S03396,REDUCE,8,,partner_api_order
1581,2025-02-17,S03473,ADD,6,,partner_api_order
1582,2025-02-18,S00056,NEW,2,annual,partner_api_order
1583,2025-02-18,S00621,NEW,14,monthly,partner_api_order
1584,2025-02-18,S01129,NEW,22,annual,partner_api_order
1585,2025-02-18,S01191,NEW,21,monthly,partner_api_order
1586,2025-02-18,S02200,NEW,34,annual,partner_api_order
1587,2025-02-18,S02274,NEW,9,monthly,partner_api_order
1588,2025-02-18,S02440,NEW,9,monthly,partner_api_order
1589,2025-02-18,S03688,NEW,8,annual,partner_api_order
1590,2025-02-18,S03817,NEW,28,monthly,partner_api_order
1591,2025-02-18,S03729,ADD,21,,partner_api_order
1592,2025-02-18,S03793,REDUCE,14,,partner_api_order
1593,2025-02-19,S00143,NEW,14,annual,partner_api_order
1594,2025-02-19,S01027,NEW,3,annual,partner_api_order
1595,2025-02-19,S01133,NEW,6,monthly,partner_api_order
1596,2025-02-19,S01262,NEW,2,annual,partner_api_order
1597,2025-02-19,S01588,NEW,7,annual,partner_api_order
1598,2025-02-19,S02363,NEW,12,monthly,partner_api_order
1599,2025-02-19,S03040,NEW,2,annual,partner_api_order
1600,2025-02-19,S04209,NEW,15,monthly,partner_api_order
1601,2025-02-19,S00159,NEW,5,annual,partner_api_order
1602,2025-02-19,S02750,REDUCE,254,,contract_record
1603,2025-02-20,S00059,NEW,4,monthly,partner_api_order
1604,2025-02-20,S00521,NEW,8,monthly,partner_api_order
1605,2025-02-20,S01330,NEW,12,annual,partner_api_order
1606,2025-02-20,S01355,NEW,15,annual,partner_api_order
1607,2025-02-20,S02017,NEW,21,monthly,partner_api_order
1608,2025-02-20,S03308,NEW,17,annual,partner_api_order
1609,2025-02-20,S03504,NEW,4,annual,partner_api_order
1610,2025-02-20,S04111,NEW,8,monthly,partner_api_order
1611,2025-02-20,S03040,REDUCE,1,,partner_api_order
1612,2025-02-20,S03603,REDUCE,2,,partner_api_order
1613,2025-02-21,S00593,NEW,8,annual,partner_api_order
1614,2025-02-21,S01052,NEW,11,monthly,partner_api_order
1615,2025-02-21,S01649,NEW,8,monthly,partner_api_order
1616,2025-02-21,S03251,NEW,18,monthly,partner_api_order
1617,2025-02-21,S00679,REDUCE,12,,partner_api_order
1618,2025-02-21,S01068,REDUCE,1,,partner_api_order
1619,2025-02-21,S02218,REDUCE,5,,partner_api_order
1620,2025-02-22,S00012,NEW,27,annual,partner_api_order
1621,2025-02-22,S00994,NEW,15,annual,partner_api_order
1622,2025-02-22,S01049,NEW,8,annual,partner_api_order
1623,2025-02-22,S02846,NEW,9,annual,partner_api_order
1624,2025-02-22,S04104,ADD,34,,partner_api_order
1625,2025-02-23,S00871,NEW,8,annual,partner_api_order
1626,2025-02-23,S00986,NEW,6,annual,partner_api_order
1627,2025-02-23,S02054,NEW,13,annual,partner_api_order
1628,2025-02-23,S02546,NEW,2,annual,partner_api_order
1629,2025-02-23,S02798,NEW,9,annual,partner_api_order
1630,2025-02-23,S00912,CANCEL,0,,partner_api_order
1631,2025-02-23,S02199,ADD,2,,partner_api_order
1632,2025-02-23,S02607,CANCEL,0,,partner_api_order
1633,2025-02-23,S02845,CANCEL,0,,partner_api_order
1634,2025-02-23,S03294,ADD,8,,partner_api_order
1635,2025-02-24,S00166,NEW,3,monthly,partner_api_order
1636,2025-02-24,S01037,NEW,11,monthly,partner_api_order
1637,2025-02-24,S01695,NEW,4,monthly,partner_api_order
1638,2025-02-24,S01888,NEW,21,annual,partner_api_order
1639,2025-02-24,S02224,NEW,8,annual,partner_api_order
1640,2025-02-24,S03361,NEW,12,monthly,partner_api_order
1641,2025-02-24,S03429,NEW,4,annual,partner_api_order
1642,2025-02-24,S04290,NEW,10,monthly,partner_api_order
1643,2025-02-24,S00143,REDUCE,7,,partner_api_order
1644,2025-02-24,S02955,ADD,14,,partner_api_order
1645,2025-02-24,S04184,ADD,3,,partner_api_order
1646,2025-02-25,S00876,NEW,8,annual,partner_api_order
1647,2025-02-25,S00928,NEW,12,monthly,partner_api_order
1648,2025-02-25,S02345,NEW,19,annual,partner_api_order
1649,2025-02-25,S03016,NEW,29,annual,partner_api_order
1650,2025-02-25,S03225,NEW,15,monthly,partner_api_order
1651,2025-02-25,S03779,NEW,163,annual,contract_record
1652,2025-02-25,S04134,NEW,10,monthly,partner_api_order
1653,2025-02-25,S02389,ADD,8,,partner_api_order
1654,2025-02-25,S03038,ADD,10,,partner_api_order
1655,2025-02-26,S00856,NEW,5,annual,partner_api_order
1656,2025-02-26,S01981,NEW,5,annual,partner_api_order
1657,2025-02-26,S02375,NEW,3,annual,partner_api_order
1658,2025-02-26,S02765,NEW,19,monthly,partner_api_order
1659,2025-02-26,S02817,NEW,3,annual,partner_api_order
1660,2025-02-26,S00789,REDUCE,4,,partner_api_order
1661,2025-02-26,S01515,ADD,11,,partner_api_order
1662,2025-02-26,S01714,ADD,3,,partner_api_order
1663,2025-02-26,S02881,ADD,10,,partner_api_order
1664,2025-02-26,S02941,REDUCE,2,,partner_api_order
1665,2025-02-26,S03251,ADD,24,,partner_api_order
1666,2025-02-27,S00268,NEW,32,annual,partner_api_order
1667,2025-02-27,S01179,NEW,588,annual,contract_record
1668,2025-02-27,S02426,NEW,10,annual,partner_api_order
1669,2025-02-27,S02706,NEW,31,annual,partner_api_order
1670,2025-02-27,S04060,NEW,5,annual,partner_api_order
1671,2025-02-27,S04146,NEW,27,monthly,partner_api_order
1672,2025-02-27,S04217,NEW,6,monthly,partner_api_order
1673,2025-02-27,S00261,ADD,251,,contract_record
1674,2025-02-27,S02363,ADD,16,,partner_api_order
1675,2025-02-27,S03606,ADD,34,,partner_api_order
1676,2025-02-27,S03607,ADD,16,,partner_api_order
1677,2025-02-28,S00859,NEW,15,annual,partner_api_order
1678,2025-02-28,S01289,NEW,9,annual,partner_api_order
1679,2025-02-28,S01580,NEW,29,annual,partner_api_order
1680,2025-02-28,S02414,NEW,14,annual,partner_api_order
1681,2025-02-28,S03687,NEW,7,monthly,partner_api_order
1682,2025-02-28,S01831,ADD,15,,partner_api_order
1683,2025-02-28,S02765,ADD,21,,partner_api_order
1684,2025-03-01,S00231,NEW,17,monthly,partner_api_order
1685,2025-03-01,S02080,NEW,14,annual,partner_api_order
1686,2025-03-01,S02476,NEW,5,annual,partner_api_order
1687,2025-03-01,S03020,NEW,7,annual,partner_api_order
1688,2025-03-01,S03825,NEW,7,annual,partner_api_order
1689,2025-03-01,S03844,NEW,105,annual,contract_record
1690,2025-03-01,S01035,ADD,4,,partner_api_order
1691,2025-03-02,S00046,NEW,22,annual,partner_api_order
1692,2025-03-02,S01137,NEW,11,annual,partner_api_order
1693,2025-03-02,S03088,NEW,1,monthly,partner_api_order
1694,2025-03-02,S01044,ADD,11,,partner_api_order
1695,2025-03-02,S02481,REDUCE,1,,partner_api_order
1696,2025-03-02,S02601,ADD,3,,partner_api_order
1697,2025-03-02,S02759,ADD,3,,partner_api_order
1698,2025-03-02,S03197,ADD,14,,partner_api_order
1699,2025-03-03,S02201,NEW,32,monthly,partner_api_order
1700,2025-03-03,S03423,NEW,1,annual,partner_api_order
1701,2025-03-03,S03454,NEW,16,annual,partner_api_order
1702,2025-03-03,S00897,ADD,3,,partner_api_order
1703,2025-03-04,S00397,NEW,240,annual,contract_record
1704,2025-03-04,S00408,NEW,33,annual,partner_api_order
1705,2025-03-04,S00763,NEW,160,monthly,contract_record
1706,2025-03-04,S01234,NEW,11,monthly,partner_api_order
1707,2025-03-04,S01358,NEW,8,annual,partner_api_order
1708,2025-03-04,S02278,NEW,5,annual,partner_api_order
1709,2025-03-04,S03785,NEW,7,annual,partner_api_order
1710,2025-03-04,S04136,NEW,7,monthly,partner_api_order
1711,2025-03-04,S02184,CANCEL,0,,partner_api_order
1712,2025-03-04,S03587,REDUCE,3,,partner_api_order
1713,2025-03-05,S00405,NEW,6,annual,partner_api_order
1714,2025-03-05,S00470,NEW,5,monthly,partner_api_order
1715,2025-03-05,S01158,NEW,3,annual,partner_api_order
1716,2025-03-05,S01903,NEW,12,annual,partner_api_order
1717,2025-03-05,S02868,NEW,15,monthly,partner_api_order
1718,2025-03-05,S03297,NEW,6,annual,partner_api_order
1719,2025-03-05,S03305,NEW,29,monthly,partner_api_order
1720,2025-03-05,S03964,NEW,2,monthly,partner_api_order
1721,2025-03-05,S04261,NEW,10,annual,partner_api_order
1722,2025-03-05,S01635,CANCEL,0,,partner_api_order
1723,2025-03-05,S01867,ADD,10,,partner_api_order
1724,2025-03-05,S01966,CANCEL,0,,partner_api_order
1725,2025-03-06,S00047,NEW,9,monthly,partner_api_order
1726,2025-03-06,S01465,NEW,140,annual,contract_record
1727,2025-03-06,S02424,NEW,5,monthly,partner_api_order
1728,2025-03-06,S02804,NEW,6,annual,partner_api_order
1729,2025-03-06,S03064,NEW,13,annual,partner_api_order
1730,2025-03-06,S03966,NEW,1,monthly,partner_api_order
1731,2025-03-06,S03970,NEW,7,annual,partner_api_order
1732,2025-03-06,S03048,ADD,180,,contract_record
1733,2025-03-07,S00229,NEW,72,monthly,partner_api_order
1734,2025-03-07,S00307,NEW,13,annual,partner_api_order
1735,2025-03-07,S01159,NEW,6,annual,partner_api_order
1736,2025-03-07,S01489,NEW,11,annual,partner_api_order
1737,2025-03-07,S01736,NEW,37,monthly,partner_api_order
1738,2025-03-07,S02086,NEW,12,annual,partner_api_order
1739,2025-03-07,S03847,NEW,5,monthly,partner_api_order
1740,2025-03-07,S04231,NEW,12,annual,partner_api_order
1741,2025-03-07,S02050,REDUCE,2,,partner_api_order
1742,2025-03-07,S03875,REDUCE,4,,partner_api_order
1743,2025-03-07,S04356,CANCEL,0,,partner_api_order
1744,2025-03-08,S00959,NEW,1,annual,partner_api_order
1745,2025-03-08,S01081,NEW,10,monthly,partner_api_order
1746,2025-03-08,S01900,NEW,10,annual,partner_api_order
1747,2025-03-08,S02316,NEW,7,annual,partner_api_order
1748,2025-03-08,S03230,NEW,15,annual,partner_api_order
1749,2025-03-09,S00119,NEW,8,monthly,partner_api_order
1750,2025-03-09,S02217,NEW,289,monthly,contract_record
1751,2025-03-09,S03633,NEW,3,annual,partner_api_order
1752,2025-03-09,S04375,NEW,59,annual,partner_api_order
1753,2025-03-09,S01158,REDUCE,1,,partner_api_order
1754,2025-03-09,S02745,ADD,7,,partner_api_order
1755,2025-03-09,S04105,REDUCE,2,,partner_api_order
1756,2025-03-10,S00528,NEW,7,monthly,partner_api_order
1757,2025-03-10,S00922,NEW,8,annual,partner_api_order
1758,2025-03-10,S02699,NEW,6,monthly,partner_api_order
1759,2025-03-10,S02857,NEW,23,annual,partner_api_order
1760,2025-03-10,S03864,NEW,4,annual,partner_api_order
1761,2025-03-10,S04056,NEW,174,monthly,contract_record
1762,2025-03-10,S01176,ADD,7,,partner_api_order
1763,2025-03-10,S02376,ADD,4,,partner_api_order
1764,2025-03-10,S03396,ADD,11,,partner_api_order
1765,2025-03-11,S00591,NEW,2,annual,partner_api_order
1766,2025-03-11,S02923,NEW,9,annual,partner_api_order
1767,2025-03-11,S03148,NEW,9,monthly,partner_api_order
1768,2025-03-11,S03374,NEW,7,annual,partner_api_order
1769,2025-03-11,S01438,ADD,8,,partner_api_order
1770,2025-03-11,S03854,REDUCE,1,,partner_api_order
1771,2025-03-12,S00006,NEW,12,annual,partner_api_order
1772,2025-03-12,S00402,NEW,7,annual,partner_api_order
1773,2025-03-12,S01235,NEW,12,monthly,partner_api_order
1774,2025-03-12,S01425,NEW,1,annual,partner_api_order
1775,2025-03-12,S02581,NEW,4,monthly,partner_api_order
1776,2025-03-12,S03897,NEW,27,monthly,partner_api_order
1777,2025-03-12,S04215,NEW,11,monthly,partner_api_order
1778,2025-03-12,S02030,ADD,26,,partner_api_order
1779,2025-03-12,S02065,REDUCE,2,,partner_api_order
1780,2025-03-12,S02103,NEW,18,annual,partner_api_order
1781,2025-03-12,S02120,ADD,5,,partner_api_order
1782,2025-03-13,S00339,NEW,5,monthly,partner_api_order
1783,2025-03-13,S01281,NEW,17,annual,partner_api_order
1784,2025-03-13,S02270,NEW,8,annual,partner_api_order
1785,2025-03-13,S03405,NEW,4,monthly,partner_api_order
1786,2025-03-13,S02411,REDUCE,6,,partner_api_order
1787,2025-03-13,S90177,ADD,8,,partner_api_order
1788,2025-03-13,S02899,ADD,27,,partner_api_order
1789,2025-03-13,S03414,CANCEL,0,,partner_api_order
1790,2025-03-14,S01729,NEW,12,monthly,partner_api_order
1791,2025-03-14,S02966,NEW,10,monthly,partner_api_order
1792,2025-03-14,S03243,NEW,11,annual,partner_api_order
1793,2025-03-14,S03434,NEW,25,annual,partner_api_order
1794,2025-03-14,S03748,NEW,202,annual,contract_record
1795,2025-03-14,S02935,ADD,5,,partner_api_order
1796,2025-03-14,S03408,REDUCE,4,,partner_api_order
1797,2025-03-15,S01227,NEW,5,monthly,partner_api_order
1798,2025-03-15,S01921,NEW,36,monthly,partner_api_order
1799,2025-03-15,S02234,NEW,17,annual,partner_api_order
1800,2025-03-15,S02543,NEW,47,monthly,partner_api_order
1801,2025-03-15,S02987,NEW,29,annual,partner_api_order
1802,2025-03-15,S03037,NEW,4,monthly,partner_api_order
1803,2025-03-15,S04037,NEW,5,annual,partner_api_order
1804,2025-03-15,S00259,REDUCE,6,,partner_api_order
1805,2025-03-15,S02348,REDUCE,7,,partner_api_order
1806,2025-03-15,S03052,CANCEL,0,,contract_record
1807,2025-03-16,S01078,NEW,2,annual,partner_api_order
1808,2025-03-16,S01891,NEW,26,annual,partner_api_order
1809,2025-03-16,S02732,NEW,4,monthly,partner_api_order
1810,2025-03-16,S03780,NEW,10,annual,partner_api_order
1811,2025-03-16,S00261,ADD,376,,contract_record
1812,2025-03-17,S00550,NEW,4,annual,partner_api_order
1813,2025-03-17,S00968,NEW,6,monthly,partner_api_order
1814,2025-03-17,S03108,NEW,8,annual,partner_api_order
1815,2025-03-17,S01549,ADD,10,,partner_api_order
1816,2025-03-17,S02375,REDUCE,2,,partner_api_order
1817,2025-03-17,S03651,CANCEL,0,,partner_api_order
1818,2025-03-18,S00399,NEW,11,monthly,partner_api_order
1819,2025-03-18,S00501,NEW,15,annual,partner_api_order
1820,2025-03-18,S01259,NEW,4,monthly,partner_api_order
1821,2025-03-18,S02228,NEW,1,annual,partner_api_order
1822,2025-03-18,S03010,NEW,3,monthly,partner_api_order
1823,2025-03-18,S04133,REDUCE,2,,partner_api_order
1824,2025-03-19,S01252,NEW,4,annual,partner_api_order
1825,2025-03-19,S01384,NEW,8,annual,partner_api_order
1826,2025-03-19,S02021,NEW,11,annual,partner_api_order
1827,2025-03-19,S02088,NEW,3,annual,partner_api_order
1828,2025-03-19,S04034,NEW,16,annual,partner_api_order
1829,2025-03-19,S00559,REDUCE,5,,partner_api_order
1830,2025-03-19,S02339,ADD,12,,partner_api_order
1831,2025-03-19,S90068,ADD,19,,partner_api_order
1832,2025-03-20,S00544,NEW,189,annual,contract_record
1833,2025-03-20,S00839,NEW,4,annual,partner_api_order
1834,2025-03-20,S00873,NEW,2,annual,partner_api_order
1835,2025-03-20,S01165,NEW,7,monthly,partner_api_order
1836,2025-03-20,S01196,NEW,3,monthly,partner_api_order
1837,2025-03-20,S01781,NEW,10,annual,partner_api_order
1838,2025-03-20,S01786,NEW,2,annual,partner_api_order
1839,2025-03-20,S01843,NEW,403,annual,contract_record
1840,2025-03-20,S04345,NEW,4,annual,partner_api_order
1841,2025-03-20,S01221,ADD,40,,partner_api_order
1842,2025-03-20,S01259,REDUCE,2,,partner_api_order
1843,2025-03-20,S03977,ADD,4,,partner_api_order
1844,2025-03-21,S00321,NEW,6,annual,partner_api_order
1845,2025-03-21,S00496,NEW,8,annual,partner_api_order
1846,2025-03-21,S02341,NEW,8,monthly,partner_api_order
1847,2025-03-21,S02989,NEW,8,annual,partner_api_order
1848,2025-03-21,S03552,NEW,4,monthly,partner_api_order
1849,2025-03-21,S04016,NEW,6,annual,partner_api_order
1850,2025-03-21,S04107,NEW,15,annual,partner_api_order
1851,2025-03-21,S00938,ADD,4,,partner_api_order
1852,2025-03-21,S00992,ADD,16,,partner_api_order
1853,2025-03-21,S01319,CANCEL,0,,partner_api_order
1854,2025-03-21,S02458,REDUCE,10,,partner_api_order
1855,2025-03-22,S00646,NEW,34,annual,partner_api_order
1856,2025-03-22,S02397,NEW,17,annual,partner_api_order
1857,2025-03-22,S03041,NEW,8,monthly,partner_api_order
1858,2025-03-22,S03572,NEW,6,annual,partner_api_order
1859,2025-03-22,S03698,NEW,6,monthly,partner_api_order
1860,2025-03-22,S03434,ADD,25,,partner_api_order
1861,2025-03-22,S04010,REDUCE,2,,partner_api_order
1862,2025-03-22,S04380,ADD,112,,partner_api_order
1863,2025-03-23,S03629,NEW,14,monthly,partner_api_order
1864,2025-03-23,S03288,REDUCE,17,,partner_api_order
1865,2025-03-23,S04191,ADD,8,,partner_api_order
1866,2025-03-23,S04362,CANCEL,0,,partner_api_order
1867,2025-03-24,S00583,NEW,13,monthly,partner_api_order
1868,2025-03-24,S00629,NEW,7,annual,partner_api_order
1869,2025-03-24,S00728,NEW,2,annual,partner_api_order
1870,2025-03-24,S01220,NEW,4,annual,partner_api_order
1871,2025-03-24,S04079,NEW,9,annual,partner_api_order
1872,2025-03-24,S00048,CANCEL,0,,partner_api_order
1873,2025-03-24,S00662,REDUCE,11,,partner_api_order
1874,2025-03-24,S01466,REDUCE,0,,partner_api_order
1875,2025-03-24,S03021,ADD,42,,partner_api_order
1876,2025-03-24,S03041,REDUCE,5,,partner_api_order
1877,2025-03-24,S03267,CANCEL,0,,partner_api_order
1878,2025-03-24,S03347,ADD,7,,partner_api_order
1879,2025-03-24,S04029,CANCEL,0,,partner_api_order
1880,2025-03-24,S04127,REDUCE,27,,partner_api_order
1881,2025-03-25,S00031,NEW,9,annual,partner_api_order
1882,2025-03-25,S00987,NEW,17,annual,partner_api_order
1883,2025-03-25,S01946,NEW,6,annual,partner_api_order
1884,2025-03-25,S02194,NEW,4,annual,partner_api_order
1885,2025-03-25,S02958,NEW,8,monthly,partner_api_order
1886,2025-03-25,S04014,NEW,7,monthly,partner_api_order
1887,2025-03-25,S04109,NEW,12,annual,partner_api_order
1888,2025-03-25,S00276,ADD,47,,partner_api_order
1889,2025-03-25,S03103,ADD,6,,partner_api_order
1890,2025-03-26,S00102,NEW,3,annual,partner_api_order
1891,2025-03-26,S00623,NEW,13,annual,partner_api_order
1892,2025-03-26,S01823,NEW,13,monthly,partner_api_order
1893,2025-03-26,S01984,NEW,20,monthly,partner_api_order
1894,2025-03-26,S02069,NEW,7,annual,partner_api_order
1895,2025-03-26,S02711,NEW,13,monthly,partner_api_order
1896,2025-03-26,S03896,NEW,3,monthly,partner_api_order
1897,2025-03-26,S04223,NEW,18,annual,partner_api_order
1898,2025-03-26,S00781,ADD,11,,partner_api_order
1899,2025-03-26,S02543,REDUCE,23,,partner_api_order
1900,2025-03-26,S03983,ADD,26,,partner_api_order
1901,2025-03-27,S02256,NEW,2,monthly,partner_api_order
1902,2025-03-27,S03345,NEW,8,monthly,partner_api_order
1903,2025-03-27,S03382,NEW,5,monthly,partner_api_order
1904,2025-03-27,S00654,ADD,29,,partner_api_order
1905,2025-03-27,S00708,REDUCE,2,,partner_api_order
1906,2025-03-27,S01252,ADD,6,,partner_api_order
1907,2025-03-28,S00033,NEW,4,annual,partner_api_order
1908,2025-03-28,S00206,NEW,4,monthly,partner_api_order
1909,2025-03-28,S02330,NEW,1,annual,partner_api_order
1910,2025-03-28,S02849,NEW,2,annual,partner_api_order
1911,2025-03-28,S03593,NEW,15,annual,partner_api_order
1912,2025-03-28,S03612,NEW,5,annual,partner_api_order
1913,2025-03-28,S03989,NEW,4,monthly,partner_api_order
1914,2025-03-28,S04061,NEW,7,monthly,partner_api_order
1915,2025-03-28,S01307,ADD,45,,partner_api_order
1916,2025-03-28,S01431,ADD,5,,partner_api_order
1917,2025-03-28,S02946,ADD,9,,partner_api_order
1918,2025-03-28,S04107,CANCEL,0,,partner_api_order
1919,2025-03-28,S04144,ADD,18,,partner_api_order
1920,2025-03-29,S00442,NEW,12,monthly,partner_api_order
1921,2025-03-29,S00592,NEW,7,annual,partner_api_order
1922,2025-03-29,S00869,NEW,32,monthly,partner_api_order
1923,2025-03-29,S01061,NEW,10,annual,partner_api_order
1924,2025-03-29,S02569,NEW,4,annual,partner_api_order
1925,2025-03-29,S03927,NEW,2,annual,partner_api_order
1926,2025-03-29,S00404,ADD,30,,partner_api_order
1927,2025-03-29,S00463,ADD,12,,partner_api_order
1928,2025-03-29,S00509,REDUCE,7,,partner_api_order
1929,2025-03-29,S00954,ADD,3,,partner_api_order
1930,2025-03-29,S01016,ADD,6,,partner_api_order
1931,2025-03-29,S02590,CANCEL,0,,partner_api_order
1932,2025-03-29,S02711,REDUCE,10,,partner_api_order
1933,2025-03-29,S03268,REDUCE,5,,partner_api_order
1934,2025-03-29,S03412,REDUCE,5,,partner_api_order
1935,2025-03-30,S00446,NEW,16,annual,partner_api_order
1936,2025-03-30,S00515,NEW,1,annual,partner_api_order
1937,2025-03-30,S01450,NEW,10,monthly,partner_api_order
1938,2025-03-30,S02647,NEW,2,annual,partner_api_order
1939,2025-03-30,S03540,NEW,4,monthly,partner_api_order
1940,2025-03-30,S00283,CANCEL,0,,partner_api_order
1941,2025-03-30,S00345,ADD,95,,partner_api_order
1942,2025-03-30,S01030,REDUCE,6,,partner_api_order
1943,2025-03-30,S02520,REDUCE,0,,partner_api_order
1944,2025-03-31,S00264,NEW,7,monthly,partner_api_order
1945,2025-03-31,S01130,NEW,3,annual,partner_api_order
1946,2025-03-31,S01393,NEW,5,annual,partner_api_order
1947,2025-03-31,S02147,NEW,17,annual,partner_api_order
1948,2025-03-31,S02183,NEW,13,monthly,partner_api_order
1949,2025-03-31,S02223,NEW,6,annual,partner_api_order
1950,2025-03-31,S02638,NEW,11,monthly,partner_api_order
1951,2025-03-31,S02826,NEW,11,monthly,partner_api_order
1952,2025-03-31,S03105,NEW,16,annual,partner_api_order
1953,2025-03-31,S03545,NEW,8,monthly,partner_api_order
1954,2025-03-31,S03781,NEW,7,annual,partner_api_order
1955,2025-03-31,S00446,ADD,21,,partner_api_order
1956,2025-03-31,S00935,ADD,4,,partner_api_order
1957,2025-03-31,S01592,ADD,3,,partner_api_order
1958,2025-03-31,S02475,CANCEL,0,,partner_api_order
1959,2025-04-01,S00650,NEW,4,annual,partner_api_order
1960,2025-04-01,S00721,NEW,7,monthly,partner_api_order
1961,2025-04-01,S01447,NEW,28,monthly,partner_api_order
1962,2025-04-01,S02175,NEW,12,monthly,partner_api_order
1963,2025-04-01,S03030,NEW,8,annual,partner_api_order
1964,2025-04-01,S03576,NEW,7,monthly,partner_api_order
1965,2025-04-01,S04242,REDUCE,2,,partner_api_order
1966,2025-04-02,S01309,NEW,10,annual,partner_api_order
1967,2025-04-02,S02068,NEW,2,annual,partner_api_order
1968,2025-04-02,S02561,NEW,4,annual,partner_api_order
1969,2025-04-02,S02735,NEW,10,annual,partner_api_order
1970,2025-04-02,S03162,NEW,24,annual,partner_api_order
1971,2025-04-02,S03920,NEW,4,annual,partner_api_order
1972,2025-04-02,S04234,NEW,3,annual,partner_api_order
1973,2025-04-02,S00261,REDUCE,299,,contract_record
1974,2025-04-03,S01001,NEW,22,annual,partner_api_order
1975,2025-04-03,S01126,NEW,3,annual,partner_api_order
1976,2025-04-03,S02356,NEW,9,annual,partner_api_order
1977,2025-04-03,S03145,NEW,5,annual,partner_api_order
1978,2025-04-03,S03725,NEW,3,monthly,partner_api_order
1979,2025-04-03,S04091,NEW,4,monthly,partner_api_order
1980,2025-04-03,S04299,NEW,8,monthly,partner_api_order
1981,2025-04-03,S00644,REDUCE,1,,partner_api_order
1982,2025-04-03,S01279,ADD,12,,partner_api_order
1983,2025-04-03,S03965,ADD,51,,partner_api_order
1984,2025-04-03,S04044,ADD,37,,partner_api_order
1985,2025-04-04,S00519,NEW,24,annual,partner_api_order
1986,2025-04-04,S01201,NEW,8,annual,partner_api_order
1987,2025-04-04,S02266,NEW,5,annual,partner_api_order
1988,2025-04-04,S02271,NEW,6,annual,partner_api_order
1989,2025-04-04,S02299,NEW,8,monthly,partner_api_order
1990,2025-04-04,S02583,NEW,31,annual,partner_api_order
1991,2025-04-04,S02803,NEW,53,monthly,contract_record
1992,2025-04-04,S00776,CANCEL,0,,partner_api_order
1993,2025-04-04,S00870,REDUCE,0,,partner_api_order
1994,2025-04-04,S02748,CANCEL,0,,partner_api_order
1995,2025-04-05,S00713,NEW,15,monthly,partner_api_order
1996,2025-04-05,S00766,NEW,6,annual,partner_api_order
1997,2025-04-05,S01063,NEW,7,monthly,partner_api_order
1998,2025-04-05,S01989,NEW,7,annual,partner_api_order
1999,2025-04-05,S01993,NEW,12,annual,partner_api_order
2000,2025-04-05,S03834,NEW,2,annual,partner_api_order
2001,2025-04-05,S04162,NEW,13,annual,partner_api_order
2002,2025-04-05,S00406,REDUCE,2,,partner_api_order
2003,2025-04-05,S02853,NEW,4,monthly,partner_api_order
2004,2025-04-05,S03687,CANCEL,0,,partner_api_order
2005,2025-04-05,S04140,REDUCE,6,,partner_api_order
2006,2025-04-06,S00539,NEW,35,annual,partner_api_order
2007,2025-04-06,S00888,NEW,5,annual,partner_api_order
2008,2025-04-06,S01040,NEW,7,annual,partner_api_order
2009,2025-04-06,S01370,NEW,25,annual,partner_api_order
2010,2025-04-06,S01737,NEW,20,annual,partner_api_order
2011,2025-04-06,S02162,NEW,8,annual,partner_api_order
2012,2025-04-06,S02190,NEW,288,annual,contract_record
2013,2025-04-06,S02539,NEW,30,annual,partner_api_order
2014,2025-04-06,S03214,NEW,2,annual,partner_api_order
2015,2025-04-06,S03932,NEW,11,monthly,partner_api_order
2016,2025-04-06,S04267,NEW,2,monthly,partner_api_order
2017,2025-04-06,S00541,ADD,228,,contract_record
2018,2025-04-06,S02732,ADD,6,,partner_api_order
2019,2025-04-06,S90800,ADD,20,,partner_api_order
2020,2025-04-06,S03784,ADD,62,,partner_api_order
2021,2025-04-06,S04181,NEW,10,annual,partner_api_order
2022,2025-04-07,S00383,NEW,157,annual,contract_record
2023,2025-04-07,S00703,NEW,25,annual,partner_api_order
2024,2025-04-07,S01021,NEW,872,annual,contract_record
2025,2025-04-07,S02292,NEW,126,annual,contract_record
2026,2025-04-07,S03373,NEW,15,annual,partner_api_order
2027,2025-04-07,S03899,NEW,4,monthly,partner_api_order
2028,2025-04-07,S00202,ADD,16,,partner_api_order
2029,2025-04-07,S00456,ADD,3,,partner_api_order
2030,2025-04-07,S01059,REDUCE,8,,partner_api_order
2031,2025-04-07,S03174,REDUCE,7,,partner_api_order
2032,2025-04-08,S01579,NEW,206,monthly,contract_record
2033,2025-04-08,S01628,NEW,6,annual,partner_api_order
2034,2025-04-08,S01684,NEW,2,monthly,partner_api_order
2035,2025-04-08,S03176,NEW,26,annual,partner_api_order
2036,2025-04-08,S03826,NEW,19,monthly,partner_api_order
2037,2025-04-08,S04010,REDUCE,1,,partner_api_order
2038,2025-04-09,S00187,NEW,11,monthly,partner_api_order
2039,2025-04-09,S00624,NEW,15,monthly,partner_api_order
2040,2025-04-09,S01676,NEW,4,annual,partner_api_order
2041,2025-04-09,S01190,CANCEL,0,,partner_api_order
2042,2025-04-09,S02818,REDUCE,5,,partner_api_order
2043,2025-04-09,S03688,ADD,12,,partner_api_order
2044,2025-04-10,S00132,NEW,5,monthly,partner_api_order
2045,2025-04-10,S00673,NEW,88,annual,contract_record
2046,2025-04-10,S00864,NEW,4,annual,partner_api_order
2047,2025-04-10,S01041,NEW,11,annual,partner_api_order
2048,2025-04-10,S02353,NEW,17,annual,partner_api_order
2049,2025-04-10,S01474,REDUCE,0,,partner_api_order
2050,2025-04-10,S02215,REDUCE,26,,partner_api_order
2051,2025-04-10,S03588,CANCEL,0,,partner_api_order
2052,2025-04-10,S03691,CANCEL,0,,partner_api_order
2053,2025-04-10,S03876,ADD,3,,partner_api_order
2054,2025-04-11,S02289,NEW,1,annual,partner_api_order
2055,2025-04-11,S02355,NEW,7,annual,partner_api_order
2056,2025-04-11,S02553,NEW,11,monthly,partner_api_order
2057,2025-04-11,S02604,NEW,6,annual,partner_api_order
2058,2025-04-11,S02862,NEW,13,annual,partner_api_order
2059,2025-04-11,S02891,NEW,9,annual,partner_api_order
2060,2025-04-11,S04220,NEW,3,annual,partner_api_order
2061,2025-04-11,S02081,REDUCE,1,,partner_api_order
2062,2025-04-11,S03790,ADD,15,,partner_api_order
2063,2025-04-11,S04243,ADD,11,,partner_api_order
2064,2025-04-12,S00140,NEW,6,annual,partner_api_order
2065,2025-04-12,S00369,NEW,18,annual,partner_api_order
2066,2025-04-12,S00609,NEW,2,monthly,partner_api_order
2067,2025-04-12,S00726,NEW,21,annual,partner_api_order
2068,2025-04-12,S01728,NEW,10,annual,partner_api_order
2069,2025-04-12,S02156,NEW,16,annual,partner_api_order
2070,2025-04-12,S03812,NEW,5,annual,partner_api_order
2071,2025-04-12,S03879,NEW,12,monthly,partner_api_order
2072,2025-04-12,S04339,NEW,2,monthly,partner_api_order
2073,2025-04-12,S00148,ADD,157,,contract_record
2074,2025-04-12,S00937,ADD,16,,partner_api_order
2075,2025-04-12,S02183,REDUCE,11,,partner_api_order
2076,2025-04-13,S00845,NEW,6,monthly,partner_api_order
2077,2025-04-13,S00885,NEW,4,annual,partner_api_order
2078,2025-04-13,S02503,NEW,171,annual,contract_record
2079,2025-04-13,S03335,NEW,8,annual,partner_api_order
2080,2025-04-13,S02488,ADD,5,,partner_api_order
2081,2025-04-13,S04332,REDUCE,1,,partner_api_order
2082,2025-04-14,S01141,NEW,5,annual,partner_api_order
2083,2025-04-14,S01816,NEW,30,monthly,partner_api_order
2084,2025-04-14,S02307,NEW,3,monthly,partner_api_order
2085,2025-04-14,S02682,NEW,6,annual,partner_api_order
2086,2025-04-14,S03611,NEW,3,annual,partner_api_order
2087,2025-04-14,S04185,NEW,1,annual,partner_api_order
2088,2025-04-14,S00910,REDUCE,0,,partner_api_order
2089,2025-04-14,S03111,ADD,5,,partner_api_order
2090,2025-04-14,S03150,REDUCE,23,,partner_api_order
2091,2025-04-15,S00429,NEW,11,annual,partner_api_order
2092,2025-04-15,S00997,NEW,3,monthly,partner_api_order
2093,2025-04-15,S01681,NEW,16,annual,partner_api_order
2094,2025-04-15,S01710,NEW,4,monthly,partner_api_order
2095,2025-04-15,S01949,NEW,5,monthly,partner_api_order
2096,2025-04-15,S02558,NEW,13,annual,partner_api_order
2097,2025-04-15,S02596,NEW,34,annual,partner_api_order
2098,2025-04-15,S02851,NEW,17,annual,partner_api_order
2099,2025-04-15,S02990,NEW,2,monthly,partner_api_order
2100,2025-04-15,S03430,NEW,1,annual,partner_api_order
2101,2025-04-15,S00073,ADD,16,,partner_api_order
2102,2025-04-15,S00706,ADD,2,,partner_api_order
2103,2025-04-15,S01307,NEW,45,annual,partner_api_order
2104,2025-04-15,S01356,REDUCE,2,,partner_api_order
2105,2025-04-15,S03989,ADD,5,,partner_api_order
2106,2025-04-15,S04240,ADD,125,,partner_api_order
2107,2025-04-15,S04276,ADD,5,,partner_api_order
2108,2025-04-16,S00884,NEW,8,annual,partner_api_order
2109,2025-04-16,S01627,NEW,15,monthly,partner_api_order
2110,2025-04-16,S01878,NEW,8,annual,partner_api_order
2111,2025-04-16,S02033,NEW,7,annual,partner_api_order
2112,2025-04-16,S02626,NEW,7,annual,partner_api_order
2113,2025-04-16,S03057,NEW,11,annual,partner_api_order
2114,2025-04-16,S03076,NEW,11,monthly,partner_api_order
2115,2025-04-16,S03555,NEW,6,annual,partner_api_order
2116,2025-04-16,S03862,NEW,10,annual,partner_api_order
2117,2025-04-16,S00845,ADD,7,,partner_api_order
2118,2025-04-16,S90266,REDUCE,19,,partner_api_order
2119,2025-04-16,S02237,CANCEL,0,,partner_api_order
2120,2025-04-16,S03021,REDUCE,0,,partner_api_order
2121,2025-04-16,S03404,CANCEL,0,,partner_api_order
2122,2025-04-16,S90689,REDUCE,9,,partner_api_order
2123,2025-04-17,S00952,NEW,8,monthly,partner_api_order
2124,2025-04-17,S01422,NEW,3,monthly,partner_api_order
2125,2025-04-17,S01572,NEW,3,annual,partner_api_order
2126,2025-04-17,S01798,NEW,9,annual,partner_api_order
2127,2025-04-17,S02362,NEW,639,monthly,contract_record
2128,2025-04-17,S02662,NEW,188,monthly,contract_record
2129,2025-04-17,S03483,NEW,39,annual,partner_api_order
2130,2025-04-17,S00944,CANCEL,0,,partner_api_order
2131,2025-04-17,S01896,ADD,11,,partner_api_order
2132,2025-04-17,S03396,ADD,15,,partner_api_order
2133,2025-04-18,S00883,NEW,3,monthly,partner_api_order
2134,2025-04-18,S00927,NEW,5,annual,partner_api_order
2135,2025-04-18,S03161,NEW,12,annual,partner_api_order
2136,2025-04-18,S04316,NEW,2,annual,partner_api_order
2137,2025-04-18,S00184,ADD,7,,partner_api_order
2138,2025-04-18,S00433,ADD,11,,partner_api_order
2139,2025-04-18,S00449,ADD,4,,partner_api_order
2140,2025-04-18,S00928,CANCEL,0,,partner_api_order
2141,2025-04-18,S02520,ADD,20,,partner_api_order
2142,2025-04-18,S03727,CANCEL,0,,partner_api_order
2143,2025-04-18,S90063,REDUCE,2,,partner_api_order
2144,2025-04-19,S00168,NEW,5,monthly,partner_api_order
2145,2025-04-19,S00296,NEW,21,annual,partner_api_order
2146,2025-04-19,S00740,NEW,13,annual,partner_api_order
2147,2025-04-19,S00832,NEW,4,annual,partner_api_order
2148,2025-04-19,S01215,NEW,9,monthly,partner_api_order
2149,2025-04-19,S02034,NEW,8,annual,partner_api_order
2150,2025-04-19,S02549,NEW,31,annual,partner_api_order
2151,2025-04-19,S03069,NEW,6,monthly,partner_api_order
2152,2025-04-19,S03259,NEW,15,monthly,partner_api_order
2153,2025-04-19,S03616,NEW,32,monthly,partner_api_order
2154,2025-04-19,S01415,ADD,6,,partner_api_order
2155,2025-04-19,S02896,CANCEL,0,,partner_api_order
2156,2025-04-19,S03238,ADD,59,,partner_api_order
2157,2025-04-19,S03831,ADD,19,,partner_api_order
2158,2025-04-20,S00555,NEW,69,annual,partner_api_order
2159,2025-04-20,S00597,NEW,8,annual,partner_api_order
2160,2025-04-20,S01162,NEW,4,monthly,partner_api_order
2161,2025-04-20,S01313,NEW,31,monthly,partner_api_order
2162,2025-04-20,S01502,NEW,6,annual,partner_api_order
2163,2025-04-20,S04096,NEW,5,annual,partner_api_order
2164,2025-04-20,S00140,ADD,9,,partner_api_order
2165,2025-04-20,S01749,CANCEL,0,,partner_api_order
2166,2025-04-21,S00177,NEW,3,monthly,partner_api_order
2167,2025-04-21,S00717,NEW,3,monthly,partner_api_order
2168,2025-04-21,S00941,NEW,9,monthly,partner_api_order
2169,2025-04-21,S01007,NEW,19,monthly,partner_api_order
2170,2025-04-21,S01229,NEW,24,annual,partner_api_order
2171,2025-04-21,S01623,NEW,7,monthly,partner_api_order
2172,2025-04-21,S01709,NEW,2,monthly,partner_api_order
2173,2025-04-21,S02014,NEW,7,annual,partner_api_order
2174,2025-04-21,S03118,NEW,4,annual,partner_api_order
2175,2025-04-21,S03262,NEW,100,annual,contract_record
2176,2025-04-21,S03751,NEW,5,annual,partner_api_order
2177,2025-04-21,S04197,NEW,22,monthly,partner_api_order
2178,2025-04-21,S00440,CANCEL,0,,partner_api_order
2179,2025-04-21,S01030,ADD,7,,partner_api_order
2180,2025-04-21,S02182,REDUCE,2,,partner_api_order
2181,2025-04-21,S03898,REDUCE,3,,partner_api_order
2182,2025-04-21,S04180,ADD,4,,partner_api_order
2183,2025-04-21,S04278,ADD,20,,partner_api_order
2184,2025-04-22,S01848,NEW,10,annual,partner_api_order
2185,2025-04-22,S02170,NEW,5,annual,partner_api_order
2186,2025-04-22,S04170,NEW,5,monthly,partner_api_order
2187,2025-04-22,S04265,NEW,32,monthly,partner_api_order
2188,2025-04-22,S04298,NEW,9,monthly,partner_api_order
2189,2025-04-22,S00831,REDUCE,1,,partner_api_order
2190,2025-04-22,S03875,ADD,5,,partner_api_order
2191,2025-04-23,S02329,NEW,4,annual,partner_api_order
2192,2025-04-23,S02635,NEW,11,monthly,partner_api_order
2193,2025-04-23,S03713,NEW,3,annual,partner_api_order
2194,2025-04-23,S01084,REDUCE,18,,partner_api_order
2195,2025-04-23,S02427,ADD,1,,partner_api_order
2196,2025-04-23,S03268,REDUCE,2,,partner_api_order
2197,2025-04-24,S00057,NEW,6,monthly,partner_api_order
2198,2025-04-24,S00530,NEW,8,annual,partner_api_order
2199,2025-04-24,S01506,NEW,8,annual,partner_api_order
2200,2025-04-24,S01618,NEW,8,monthly,partner_api_order
2201,2025-04-24,S01953,NEW,14,annual,partner_api_order
2202,2025-04-24,S02037,NEW,64,monthly,partner_api_order
2203,2025-04-24,S03122,NEW,12,annual,partner_api_order
2204,2025-04-24,S03510,NEW,80,monthly,partner_api_order
2205,2025-04-24,S01848,REDUCE,8,,partner_api_order
2206,2025-04-24,S02130,REDUCE,12,,partner_api_order
2207,2025-04-25,S01253,NEW,1,monthly,partner_api_order
2208,2025-04-25,S02445,NEW,77,monthly,partner_api_order
2209,2025-04-25,S03359,NEW,5,annual,partner_api_order
2210,2025-04-25,S03548,NEW,21,annual,partner_api_order
2211,2025-04-25,S00378,CANCEL,0,,partner_api_order
2212,2025-04-25,S02016,ADD,14,,partner_api_order
2213,2025-04-25,S03599,REDUCE,9,,partner_api_order
2214,2025-04-25,S04262,ADD,49,,partner_api_order
2215,2025-04-26,S00027,NEW,6,annual,partner_api_order
2216,2025-04-26,S00219,NEW,11,monthly,partner_api_order
2217,2025-04-26,S00221,NEW,8,monthly,partner_api_order
2218,2025-04-26,S00240,NEW,14,monthly,partner_api_order
2219,2025-04-26,S00370,NEW,37,annual,partner_api_order
2220,2025-04-26,S01375,NEW,5,monthly,partner_api_order
2221,2025-04-26,S02208,NEW,38,monthly,partner_api_order
2222,2025-04-26,S02587,NEW,311,annual,contract_record
2223,2025-04-26,S04255,NEW,19,monthly,partner_api_order
2224,2025-04-26,S01849,REDUCE,11,,partner_api_order
2225,2025-04-26,S02838,REDUCE,9,,partner_api_order
2226,2025-04-26,S03290,ADD,21,,partner_api_order
2227,2025-04-26,S03408,ADD,5,,partner_api_order
2228,2025-04-27,S00293,NEW,6,monthly,partner_api_order
2229,2025-04-27,S03199,NEW,10,annual,partner_api_order
2230,2025-04-27,S00369,CANCEL,0,,partner_api_order
2231,2025-04-27,S00855,CANCEL,0,,partner_api_order
2232,2025-04-27,S01235,ADD,15,,partner_api_order
2233,2025-04-27,S02929,ADD,6,,partner_api_order
2234,2025-04-28,S03667,NEW,231,annual,contract_record
2235,2025-04-28,S01425,ADD,2,,partner_api_order
2236,2025-04-28,S01550,ADD,2,,partner_api_order
2237,2025-04-28,S01681,ADD,24,,partner_api_order
2238,2025-04-28,S02587,CANCEL,0,,contract_record
2239,2025-04-28,S03454,REDUCE,10,,partner_api_order
2240,2025-04-28,S03596,REDUCE,4,,partner_api_order
2241,2025-04-29,S00124,NEW,9,annual,partner_api_order
2242,2025-04-29,S00289,NEW,6,annual,partner_api_order
2243,2025-04-29,S01472,NEW,28,monthly,partner_api_order
2244,2025-04-29,S02155,NEW,10,monthly,partner_api_order
2245,2025-04-29,S03441,NEW,3,monthly,partner_api_order
2246,2025-04-29,S03821,NEW,14,annual,partner_api_order
2247,2025-04-29,S00682,REDUCE,32,,partner_api_order
2248,2025-04-29,S01088,REDUCE,2,,partner_api_order
2249,2025-04-29,S01786,REDUCE,1,,partner_api_order
2250,2025-04-29,S90949,ADD,16,,partner_api_order
2251,2025-04-29,S02635,CANCEL,0,,partner_api_order
2252,2025-04-29,S03133,ADD,3,,partner_api_order
2253,2025-04-30,S00045,NEW,3,monthly,partner_api_order
2254,2025-04-30,S00058,NEW,5,monthly,partner_api_order
2255,2025-04-30,S01827,NEW,5,monthly,partner_api_order
2256,2025-04-30,S01998,NEW,3,monthly,partner_api_order
2257,2025-04-30,S02468,NEW,5,annual,partner_api_order
2258,2025-04-30,S02510,NEW,4,annual,partner_api_order
2259,2025-04-30,S03229,NEW,4,annual,partner_api_order
2260,2025-05-01,S00098,NEW,8,monthly,partner_api_order
2261,2025-05-01,S00634,NEW,11,monthly,partner_api_order
2262,2025-05-01,S01912,NEW,5,monthly,partner_api_order
2263,2025-05-01,S02124,NEW,27,monthly,partner_api_order
2264,2025-05-01,S02709,NEW,7,annual,partner_api_order
2265,2025-05-01,S03490,NEW,6,monthly,partner_api_order
2266,2025-05-01,S03553,REDUCE,20,,partner_api_order
2267,2025-05-02,S00452,NEW,4,monthly,partner_api_order
2268,2025-05-02,S02420,NEW,13,monthly,partner_api_order
2269,2025-05-02,S02467,NEW,3,annual,partner_api_order
2270,2025-05-02,S02878,NEW,313,annual,contract_record
2271,2025-05-02,S03705,NEW,11,annual,partner_api_order
2272,2025-05-02,S03747,NEW,11,monthly,partner_api_order
2273,2025-05-02,S02528,CANCEL,0,,partner_api_order
2274,2025-05-02,S03434,REDUCE,19,,partner_api_order
2275,2025-05-02,S03565,ADD,24,,partner_api_order
2276,2025-05-03,S00070,NEW,7,monthly,partner_api_order
2277,2025-05-03,S00153,NEW,8,annual,partner_api_order
2278,2025-05-03,S00381,NEW,8,monthly,partner_api_order
2279,2025-05-03,S01850,NEW,19,monthly,partner_api_order
2280,2025-05-03,S02672,NEW,14,annual,partner_api_order
2281,2025-05-03,S03029,NEW,8,monthly,partner_api_order
2282,2025-05-03,S00321,CANCEL,0,,partner_api_order
2283,2025-05-03,S01837,ADD,9,,partner_api_order
2284,2025-05-03,S04353,REDUCE,4,,partner_api_order
2285,2025-05-04,S00556,NEW,2,monthly,partner_api_order
2286,2025-05-04,S00899,NEW,12,monthly,partner_api_order
2287,2025-05-04,S00484,ADD,3,,partner_api_order
2288,2025-05-04,S00857,CANCEL,0,,partner_api_order
2289,2025-05-04,S01631,REDUCE,38,,partner_api_order
2290,2025-05-04,S02393,ADD,1970,,contract_record
2291,2025-05-04,S02556,REDUCE,7,,partner_api_order
2292,2025-05-04,S02930,CANCEL,0,,partner_api_order
2293,2025-05-04,S04082,CANCEL,0,,partner_api_order
2294,2025-05-05,S00288,NEW,18,annual,partner_api_order
2295,2025-05-05,S04244,NEW,86,annual,contract_record
2296,2025-05-05,S01170,ADD,37,,partner_api_order
2297,2025-05-05,S01515,REDUCE,9,,partner_api_order
2298,2025-05-05,S01695,ADD,4,,partner_api_order
2299,2025-05-05,S02424,REDUCE,3,,partner_api_order
2300,2025-05-06,S00589,NEW,6,annual,partner_api_order
2301,2025-05-06,S01276,NEW,11,annual,partner_api_order
2302,2025-05-06,S01449,NEW,6,annual,partner_api_order
2303,2025-05-06,S01923,NEW,17,annual,partner_api_order
2304,2025-05-06,S01969,NEW,3,annual,partner_api_order
2305,2025-05-06,S03015,NEW,5,annual,partner_api_order
2306,2025-05-06,S03922,NEW,25,annual,partner_api_order
2307,2025-05-06,S04017,NEW,25,annual,partner_api_order
2308,2025-05-06,S04225,NEW,2,monthly,partner_api_order
2309,2025-05-06,S00431,CANCEL,0,,partner_api_order
2310,2025-05-07,S03654,NEW,7,annual,partner_api_order
2311,2025-05-08,S00088,NEW,9,annual,partner_api_order
2312,2025-05-08,S01244,NEW,10,monthly,partner_api_order
2313,2025-05-08,S01298,NEW,32,annual,partner_api_order
2314,2025-05-08,S01928,NEW,6,annual,partner_api_order
2315,2025-05-08,S02240,NEW,29,annual,partner_api_order
2316,2025-05-08,S02263,NEW,1,annual,partner_api_order
2317,2025-05-08,S00682,REDUCE,16,,partner_api_order
2318,2025-05-08,S00688,ADD,19,,partner_api_order
2319,2025-05-08,S00818,ADD,6,,partner_api_order
2320,2025-05-08,S02369,ADD,17,,partner_api_order
2321,2025-05-08,S02552,REDUCE,1,,partner_api_order
2322,2025-05-08,S02745,CANCEL,0,,partner_api_order
2323,2025-05-09,S00561,NEW,9,monthly,partner_api_order
2324,2025-05-09,S00669,NEW,6,monthly,partner_api_order
2325,2025-05-09,S01079,NEW,54,monthly,partner_api_order
2326,2025-05-09,S01469,NEW,32,monthly,partner_api_order
2327,2025-05-09,S01575,NEW,7,monthly,partner_api_order
2328,2025-05-09,S01667,NEW,207,annual,contract_record
2329,2025-05-09,S03856,NEW,6,monthly,partner_api_order
2330,2025-05-09,S04067,NEW,21,annual,partner_api_order
2331,2025-05-09,S03259,REDUCE,10,,partner_api_order
2332,2025-05-09,S03342,REDUCE,10,,partner_api_order
2333,2025-05-09,S03883,ADD,10,,partner_api_order
2334,2025-05-10,S01056,NEW,2,annual,partner_api_order
2335,2025-05-10,S02534,NEW,2,monthly,partner_api_order
2336,2025-05-10,S02697,NEW,13,annual,partner_api_order
2337,2025-05-10,S03024,NEW,25,annual,partner_api_order
2338,2025-05-10,S03649,NEW,3,monthly,partner_api_order
2339,2025-05-10,S04102,NEW,4,annual,partner_api_order
2340,2025-05-10,S04328,NEW,5,annual,partner_api_order
2341,2025-05-10,S00639,REDUCE,2,,partner_api_order
2342,2025-05-10,S02817,ADD,4,,partner_api_order
2343,2025-05-10,S02917,REDUCE,10,,partner_api_order
2344,2025-05-11,S00178,NEW,3,annual,partner_api_order
2345,2025-05-11,S00803,NEW,82,annual,contract_record
2346,2025-05-11,S01064,NEW,7,monthly,partner_api_order
2347,2025-05-11,S01321,NEW,167,annual,contract_record
2348,2025-05-11,S01480,NEW,8,annual,partner_api_order
2349,2025-05-11,S03204,NEW,171,monthly,contract_record
2350,2025-05-11,S00929,ADD,4,,partner_api_order
2351,2025-05-11,S01993,REDUCE,9,,partner_api_order
2352,2025-05-11,S02048,ADD,8,,partner_api_order
2353,2025-05-11,S03186,REDUCE,4,,partner_api_order
2354,2025-05-11,S90119,ADD,11,,partner_api_order
2355,2025-05-12,S03813,NEW,4,annual,partner_api_order
2356,2025-05-12,S00550,CANCEL,0,,partner_api_order
2357,2025-05-12,S00609,ADD,3,,partner_api_order
2358,2025-05-12,S00690,ADD,16,,partner_api_order
2359,2025-05-12,S01276,REDUCE,4,,partner_api_order
2360,2025-05-12,S03735,ADD,6,,partner_api_order
2361,2025-05-12,S03736,CANCEL,0,,partner_api_order
2362,2025-05-13,S01607,NEW,11,monthly,partner_api_order
2363,2025-05-14,S00347,NEW,4,annual,partner_api_order
2364,2025-05-14,S00438,NEW,5,monthly,partner_api_order
2365,2025-05-14,S00548,REDUCE,39,,partner_api_order
2366,2025-05-14,S01475,REDUCE,3,,partner_api_order
2367,2025-05-14,S01562,ADD,14,,partner_api_order
2368,2025-05-14,S02987,CANCEL,0,,partner_api_order
2369,2025-05-14,S03294,ADD,10,,partner_api_order
2370,2025-05-15,S00341,NEW,75,annual,contract_record
2371,2025-05-15,S02821,NEW,7,annual,partner_api_order
2372,2025-05-15,S03147,NEW,3,annual,partner_api_order
2373,2025-05-15,S03487,NEW,11,monthly,partner_api_order
2374,2025-05-15,S00968,ADD,8,,partner_api_order
2375,2025-05-15,S01309,ADD,15,,partner_api_order
2376,2025-05-15,S03530,ADD,4,,partner_api_order
2377,2025-05-16,S01200,NEW,35,annual,partner_api_order
2378,2025-05-16,S01509,NEW,35,monthly,partner_api_order
2379,2025-05-16,S02394,NEW,129,annual,contract_record
2380,2025-05-16,S03386,NEW,23,annual,partner_api_order
2381,2025-05-16,S00511,REDUCE,10,,partner_api_order
2382,2025-05-16,S00592,ADD,9,,partner_api_order
2383,2025-05-16,S00614,REDUCE,3,,partner_api_order
2384,2025-05-16,S01400,ADD,4,,partner_api_order
2385,2025-05-16,S01422,ADD,4,,partner_api_order
2386,2025-05-16,S01990,CANCEL,0,,partner_api_order
2387,2025-05-16,S03484,REDUCE,3,,partner_api_order
2388,2025-05-17,S02280,NEW,19,annual,partner_api_order
2389,2025-05-17,S02400,NEW,9,monthly,partner_api_order
2390,2025-05-17,S02965,NEW,7,annual,partner_api_order
2391,2025-05-17,S00679,REDUCE,10,,partner_api_order
2392,2025-05-17,S03429,ADD,5,,partner_api_order
2393,2025-05-17,S03896,REDUCE,1,,partner_api_order
2394,2025-05-18,S00188,NEW,21,monthly,partner_api_order
2395,2025-05-18,S00934,NEW,6,annual,partner_api_order
2396,2025-05-18,S01266,NEW,16,monthly,partner_api_order
2397,2025-05-18,S01390,NEW,12,annual,partner_api_order
2398,2025-05-18,S03819,NEW,15,monthly,partner_api_order
2399,2025-05-18,S00266,CANCEL,0,,partner_api_order
2400,2025-05-18,S00560,REDUCE,8,,partner_api_order
2401,2025-05-18,S02440,CANCEL,0,,partner_api_order
2402,2025-05-18,S03346,ADD,3,,partner_api_order
2403,2025-05-18,S04108,ADD,11,,partner_api_order
2404,2025-05-19,S00637,NEW,10,annual,partner_api_order
2405,2025-05-19,S03116,NEW,7,annual,partner_api_order
2406,2025-05-19,S03586,NEW,10,annual,partner_api_order
2407,2025-05-19,S02231,REDUCE,6,,partner_api_order
2408,2025-05-19,S02900,ADD,61,,partner_api_order
2409,2025-05-19,S03105,ADD,23,,partner_api_order
2410,2025-05-19,S03955,ADD,40,,partner_api_order
2411,2025-05-20,S00813,NEW,18,annual,partner_api_order
2412,2025-05-20,S01805,NEW,14,monthly,partner_api_order
2413,2025-05-20,S02171,NEW,58,annual,partner_api_order
2414,2025-05-20,S02835,NEW,11,annual,partner_api_order
2415,2025-05-20,S00187,REDUCE,6,,partner_api_order
2416,2025-05-20,S00370,ADD,42,,partner_api_order
2417,2025-05-20,S01489,REDUCE,7,,partner_api_order
2418,2025-05-20,S02648,CANCEL,0,,partner_api_order
2419,2025-05-20,S03583,ADD,17,,partner_api_order
2420,2025-05-21,S00395,NEW,7,monthly,partner_api_order
2421,2025-05-21,S00741,NEW,12,annual,partner_api_order
2422,2025-05-21,S01181,NEW,2,annual,partner_api_order
2423,2025-05-21,S02384,NEW,30,monthly,partner_api_order
2424,2025-05-21,S02932,NEW,2,monthly,partner_api_order
2425,2025-05-21,S03926,NEW,2,monthly,partner_api_order
2426,2025-05-21,S01480,ADD,11,,partner_api_order
2427,2025-05-21,S02794,ADD,156,,contract_record
2428,2025-05-21,S02986,REDUCE,7,,partner_api_order
2429,2025-05-21,S04154,ADD,25,,partner_api_order
2430,2025-05-21,S04315,ADD,5,,partner_api_order
2431,2025-05-22,S00823,NEW,1,monthly,partner_api_order
2432,2025-05-22,S01123,NEW,8,annual,partner_api_order
2433,2025-05-22,S01128,NEW,86,annual,contract_record
2434,2025-05-22,S02258,NEW,9,annual,partner_api_order
2435,2025-05-22,S02383,NEW,4,annual,partner_api_order
2436,2025-05-22,S02736,NEW,13,monthly,partner_api_order
2437,2025-05-22,S02814,NEW,6,annual,partner_api_order
2438,2025-05-22,S01410,ADD,5,,partner_api_order
2439,2025-05-22,S01574,REDUCE,9,,partner_api_order
2440,2025-05-22,S01896,ADD,17,,partner_api_order
2441,2025-05-22,S02363,REDUCE,10,,partner_api_order
2442,2025-05-22,S02372,ADD,10,,partner_api_order
2443,2025-05-22,S02821,REDUCE,4,,partner_api_order
2444,2025-05-22,S04215,ADD,13,,partner_api_order
2445,2025-05-23,S00691,NEW,6,annual,partner_api_order
2446,2025-05-23,S02153,NEW,24,annual,partner_api_order
2447,2025-05-23,S03730,NEW,100,monthly,contract_record
2448,2025-05-23,S04352,NEW,3,annual,partner_api_order
2449,2025-05-23,S00183,ADD,20,,partner_api_order
2450,2025-05-23,S00841,REDUCE,1,,partner_api_order
2451,2025-05-23,S01372,REDUCE,7,,partner_api_order
2452,2025-05-24,S00483,NEW,21,monthly,partner_api_order
2453,2025-05-24,S00900,NEW,1,monthly,partner_api_order
2454,2025-05-24,S01251,NEW,11,annual,partner_api_order
2455,2025-05-24,S01305,NEW,16,monthly,partner_api_order
2456,2025-05-24,S01331,NEW,6,monthly,partner_api_order
2457,2025-05-24,S02877,NEW,35,annual,partner_api_order
2458,2025-05-24,S02997,NEW,7,annual,partner_api_order
2459,2025-05-24,S03129,NEW,3,annual,partner_api_order
2460,2025-05-24,S03217,NEW,7,annual,partner_api_order
2461,2025-05-24,S04233,NEW,11,annual,partner_api_order
2462,2025-05-24,S00225,REDUCE,14,,partner_api_order
2463,2025-05-24,S02283,REDUCE,7,,partner_api_order
2464,2025-05-24,S03599,REDUCE,4,,partner_api_order
2465,2025-05-24,S04265,CANCEL,0,,partner_api_order
2466,2025-05-25,S00626,NEW,150,monthly,contract_record
2467,2025-05-25,S00964,NEW,5,annual,partner_api_order
2468,2025-05-25,S01437,NEW,2,monthly,partner_api_order
2469,2025-05-25,S01914,NEW,2,annual,partner_api_order
2470,2025-05-25,S02096,NEW,7,monthly,partner_api_order
2471,2025-05-25,S02196,NEW,234,annual,contract_record
2472,2025-05-25,S02915,NEW,4,monthly,partner_api_order
2473,2025-05-25,S03867,NEW,16,annual,partner_api_order
2474,2025-05-25,S04325,NEW,21,annual,partner_api_order
2475,2025-05-25,S01527,REDUCE,20,,partner_api_order
2476,2025-05-25,S03741,REDUCE,10,,partner_api_order
2477,2025-05-26,S00916,NEW,28,annual,partner_api_order
2478,2025-05-26,S01545,NEW,5,monthly,partner_api_order
2479,2025-05-26,S01753,NEW,3,monthly,partner_api_order
2480,2025-05-26,S03839,NEW,12,monthly,partner_api_order
2481,2025-05-26,S00904,REDUCE,4,,partner_api_order
2482,2025-05-26,S02226,REDUCE,9,,partner_api_order
2483,2025-05-27,S01402,NEW,8,annual,partner_api_order
2484,2025-05-27,S02651,NEW,3,monthly,partner_api_order
2485,2025-05-27,S02788,NEW,4,annual,partner_api_order
2486,2025-05-27,S03168,NEW,13,annual,partner_api_order
2487,2025-05-27,S04245,NEW,24,monthly,partner_api_order
2488,2025-05-27,S00316,REDUCE,2,,partner_api_order
2489,2025-05-27,S01027,REDUCE,2,,partner_api_order
2490,2025-05-27,S02098,ADD,11,,partner_api_order
2491,2025-05-27,S02749,REDUCE,19,,partner_api_order
2492,2025-05-27,S03614,CANCEL,0,,partner_api_order
2493,2025-05-28,S00981,NEW,5,annual,partner_api_order
2494,2025-05-28,S02070,NEW,11,monthly,partner_api_order
2495,2025-05-28,S02107,NEW,3,annual,partner_api_order
2496,2025-05-28,S02860,NEW,3,annual,partner_api_order
2497,2025-05-28,S03802,NEW,3,monthly,partner_api_order
2498,2025-05-28,S03892,NEW,1,annual,partner_api_order
2499,2025-05-28,S04135,NEW,765,annual,contract_record
2500,2025-05-28,S01644,REDUCE,18,,partner_api_order
2501,2025-05-28,S02949,REDUCE,2,,partner_api_order
2502,2025-05-28,S04364,CANCEL,0,,partner_api_order
2503,2025-05-29,S00522,NEW,4,annual,partner_api_order
2504,2025-05-29,S00710,NEW,156,annual,contract_record
2505,2025-05-29,S00770,NEW,6,annual,partner_api_order
2506,2025-05-29,S01552,NEW,7,annual,partner_api_order
2507,2025-05-29,S02882,NEW,5,annual,partner_api_order
2508,2025-05-29,S03171,NEW,2,annual,partner_api_order
2509,2025-05-29,S03871,NEW,8,monthly,partner_api_order
2510,2025-05-29,S00296,CANCEL,0,,partner_api_order
2511,2025-05-29,S01648,CANCEL,0,,partner_api_order
2512,2025-05-29,S04350,NEW,4,annual,partner_api_order
2513,2025-05-29,S04385,ADD,14,,partner_api_order
2514,2025-05-30,S00013,NEW,2,annual,partner_api_order
2515,2025-05-30,S00218,NEW,3,monthly,partner_api_order
2516,2025-05-30,S00474,NEW,6,annual,partner_api_order
2517,2025-05-30,S03573,NEW,198,monthly,contract_record
2518,2025-05-30,S00494,REDUCE,11,,partner_api_order
2519,2025-05-30,S00500,REDUCE,3,,partner_api_order
2520,2025-05-30,S01729,ADD,17,,partner_api_order
2521,2025-05-30,S02517,REDUCE,5,,partner_api_order
2522,2025-05-31,S00147,NEW,9,annual,partner_api_order
2523,2025-05-31,S00423,NEW,4,monthly,partner_api_order
2524,2025-05-31,S02380,NEW,2,annual,partner_api_order
2525,2025-05-31,S04155,NEW,3,annual,partner_api_order
2526,2025-05-31,S04186,NEW,3,annual,partner_api_order
2527,2025-05-31,S04257,NEW,6,monthly,partner_api_order
2528,2025-05-31,S00671,REDUCE,6,,partner_api_order
2529,2025-05-31,S02651,ADD,4,,partner_api_order
2530,2025-05-31,S02686,ADD,106,,partner_api_order
2531,2025-05-31,S04325,ADD,30,,partner_api_order
2532,2025-06-01,S00459,NEW,7,monthly,partner_api_order
2533,2025-06-01,S01821,NEW,36,annual,partner_api_order
2534,2025-06-01,S03222,NEW,196,annual,contract_record
2535,2025-06-01,S03939,NEW,25,monthly,partner_api_order
2536,2025-06-01,S04001,NEW,4,monthly,partner_api_order
2537,2025-06-01,S04022,NEW,2,monthly,partner_api_order
2538,2025-06-01,S01710,ADD,6,,partner_api_order
2539,2025-06-01,S03473,CANCEL,0,,partner_api_order
2540,2025-06-02,S01341,NEW,9,monthly,partner_api_order
2541,2025-06-02,S01411,NEW,7,monthly,partner_api_order
2542,2025-06-02,S02177,NEW,8,annual,partner_api_order
2543,2025-06-02,S02236,NEW,9,annual,partner_api_order
2544,2025-06-02,S02663,NEW,13,monthly,partner_api_order
2545,2025-06-02,S02666,NEW,18,monthly,partner_api_order
2546,2025-06-02,S03061,NEW,8,monthly,partner_api_order
2547,2025-06-02,S04312,REDUCE,12,,partner_api_order
2548,2025-06-03,S02095,NEW,5,annual,partner_api_order
2549,2025-06-03,S02625,NEW,7,annual,partner_api_order
2550,2025-06-03,S03311,NEW,8,annual,partner_api_order
2551,2025-06-03,S03541,NEW,82,monthly,contract_record
2552,2025-06-03,S03737,NEW,1,annual,partner_api_order
2553,2025-06-03,S00178,ADD,5,,partner_api_order
2554,2025-06-03,S00684,REDUCE,10,,partner_api_order
2555,2025-06-03,S01848,CANCEL,0,,partner_api_order
2556,2025-06-03,S02737,REDUCE,13,,partner_api_order
2557,2025-06-04,S01563,NEW,4,monthly,partner_api_order
2558,2025-06-04,S01573,NEW,3,monthly,partner_api_order
2559,2025-06-04,S01546,REDUCE,2,,partner_api_order
2560,2025-06-04,S01985,REDUCE,2,,partner_api_order
2561,2025-06-04,S02891,ADD,13,,partner_api_order
2562,2025-06-04,S04262,REDUCE,24,,partner_api_order
2563,2025-06-05,S01127,NEW,14,annual,partner_api_order
2564,2025-06-05,S01350,NEW,4,monthly,partner_api_order
2565,2025-06-05,S01902,NEW,5,annual,partner_api_order
2566,2025-06-05,S02629,NEW,17,annual,partner_api_order
2567,2025-06-05,S03410,NEW,33,annual,partner_api_order
2568,2025-06-05,S00323,REDUCE,9,,partner_api_order
2569,2025-06-05,S00381,ADD,10,,partner_api_order
2570,2025-06-05,S00626,REDUCE,106,,contract_record
2571,2025-06-05,S01069,CANCEL,0,,partner_api_order
2572,2025-06-05,S02601,CANCEL,0,,partner_api_order
2573,2025-06-05,S02878,ADD,363,,contract_record
2574,2025-06-05,S03288,CANCEL,0,,partner_api_order
2575,2025-06-06,S00242,NEW,15,annual,partner_api_order
2576,2025-06-06,S00540,NEW,10,monthly,partner_api_order
2577,2025-06-06,S00574,NEW,3,annual,partner_api_order
2578,2025-06-06,S00697,NEW,41,monthly,partner_api_order
2579,2025-06-06,S00737,NEW,6,annual,partner_api_order
2580,2025-06-06,S01978,NEW,11,monthly,partner_api_order
2581,2025-06-06,S02334,NEW,6,annual,partner_api_order
2582,2025-06-06,S02482,NEW,5,annual,partner_api_order
2583,2025-06-06,S03070,NEW,11,annual,partner_api_order
2584,2025-06-06,S03080,NEW,6,monthly,partner_api_order
2585,2025-06-06,S03119,NEW,12,annual,partner_api_order
2586,2025-06-06,S03608,NEW,1,annual,partner_api_order
2587,2025-06-06,S00036,CANCEL,0,,partner_api_order
2588,2025-06-06,S00703,ADD,28,,partner_api_order
2589,2025-06-06,S00903,ADD,8,,partner_api_order
2590,2025-06-06,S03154,CANCEL,0,,partner_api_order
2591,2025-06-06,S03796,REDUCE,4,,partner_api_order
2592,2025-06-07,S00208,NEW,33,monthly,partner_api_order
2593,2025-06-07,S00889,NEW,45,annual,partner_api_order
2594,2025-06-07,S00995,NEW,9,annual,partner_api_order
2595,2025-06-07,S01160,NEW,2,monthly,partner_api_order
2596,2025-06-07,S02164,NEW,171,annual,contract_record
2597,2025-06-07,S02493,NEW,1,monthly,partner_api_order
2598,2025-06-07,S03026,NEW,5,monthly,partner_api_order
2599,2025-06-07,S03071,NEW,6,annual,partner_api_order
2600,2025-06-07,S03942,NEW,60,annual,partner_api_order
2601,2025-06-07,S01425,REDUCE,1,,partner_api_order
2602,2025-06-07,S03667,ADD,231,,contract_record
2603,2025-06-07,S03776,REDUCE,5,,partner_api_order
2604,2025-06-08,S00165,NEW,4,monthly,partner_api_order
2605,2025-06-08,S01306,NEW,2,monthly,partner_api_order
2606,2025-06-08,S02730,NEW,37,annual,partner_api_order
2607,2025-06-08,S03770,NEW,3,annual,partner_api_order
2608,2025-06-08,S00614,REDUCE,2,,partner_api_order
2609,2025-06-08,S00915,CANCEL,0,,partner_api_order
2610,2025-06-08,S01088,ADD,3,,partner_api_order
2611,2025-06-08,S01436,REDUCE,2,,partner_api_order
2612,2025-06-08,S03575,ADD,3,,partner_api_order
2613,2025-06-09,S00257,NEW,3,annual,partner_api_order
2614,2025-06-09,S00351,NEW,17,annual,partner_api_order
2615,2025-06-09,S01122,NEW,14,monthly,partner_api_order
2616,2025-06-09,S01671,NEW,37,annual,partner_api_order
2617,2025-06-09,S01733,NEW,6,annual,partner_api_order
2618,2025-06-09,S02128,NEW,10,annual,partner_api_order
2619,2025-06-09,S03526,NEW,5,annual,partner_api_order
2620,2025-06-09,S03550,NEW,3,monthly,partner_api_order
2621,2025-06-09,S03890,NEW,5,monthly,partner_api_order
2622,2025-06-09,S00522,REDUCE,1,,partner_api_order
2623,2025-06-09,S00923,ADD,7,,partner_api_order
2624,2025-06-09,S00986,ADD,8,,partner_api_order
2625,2025-06-09,S01296,CANCEL,0,,partner_api_order
2626,2025-06-09,S01981,ADD,7,,partner_api_order
2627,2025-06-09,S02453,REDUCE,9,,partner_api_order
2628,2025-06-09,S03996,ADD,11,,partner_api_order
2629,2025-06-10,S00315,NEW,5,annual,partner_api_order
2630,2025-06-10,S00659,NEW,5,monthly,partner_api_order
2631,2025-06-10,S01095,NEW,5,monthly,partner_api_order
2632,2025-06-10,S01832,NEW,4,annual,partner_api_order
2633,2025-06-10,S02131,NEW,972,annual,contract_record
2634,2025-06-10,S03257,NEW,7,monthly,partner_api_order
2635,2025-06-10,S03850,NEW,7,monthly,partner_api_order
2636,2025-06-10,S03915,NEW,17,monthly,partner_api_order
2637,2025-06-10,S04382,NEW,35,annual,partner_api_order
2638,2025-06-10,S00706,REDUCE,1,,partner_api_order
2639,2025-06-10,S03606,REDUCE,19,,partner_api_order
2640,2025-06-11,S01090,NEW,13,monthly,partner_api_order
2641,2025-06-11,S01149,NEW,21,annual,partner_api_order
2642,2025-06-11,S04227,NEW,80,monthly,partner_api_order
2643,2025-06-11,S00051,REDUCE,0,,partner_api_order
2644,2025-06-11,S00688,ADD,21,,partner_api_order
2645,2025-06-11,S02559,ADD,17,,partner_api_order
2646,2025-06-11,S02663,ADD,19,,partner_api_order
2647,2025-06-12,S02044,NEW,5,monthly,partner_api_order
2648,2025-06-12,S02774,NEW,4,monthly,partner_api_order
2649,2025-06-12,S02822,NEW,10,monthly,partner_api_order
2650,2025-06-12,S00673,ADD,112,,contract_record
2651,2025-06-12,S01051,ADD,39,,partner_api_order
2652,2025-06-12,S01089,CANCEL,0,,partner_api_order
2653,2025-06-12,S02170,NEW,5,annual,partner_api_order
2654,2025-06-12,S03209,REDUCE,3,,partner_api_order
2655,2025-06-13,S01734,NEW,4,annual,partner_api_order
2656,2025-06-13,S02884,NEW,7,annual,partner_api_order
2657,2025-06-13,S03971,NEW,7,annual,partner_api_order
2658,2025-06-13,S01618,CANCEL,0,,partner_api_order
2659,2025-06-13,S04139,ADD,10,,partner_api_order
2660,2025-06-13,S04239,ADD,4,,partner_api_order
2661,2025-06-13,S04336,REDUCE,21,,partner_api_order
2662,2025-06-14,S00665,NEW,11,annual,partner_api_order
2663,2025-06-14,S01530,NEW,8,annual,partner_api_order
2664,2025-06-14,S00831,CANCEL,0,,partner_api_order
2665,2025-06-14,S03071,CANCEL,0,,partner_api_order
2666,2025-06-14,S03117,REDUCE,1,,partner_api_order
2667,2025-06-14,S03999,ADD,7,,partner_api_order
2668,2025-06-14,S04353,ADD,5,,partner_api_order
2669,2025-06-15,S00413,NEW,8,annual,partner_api_order
2670,2025-06-15,S00457,NEW,12,annual,partner_api_order
2671,2025-06-15,S01065,NEW,1,monthly,partner_api_order
2672,2025-06-15,S01602,NEW,7,monthly,partner_api_order
2673,2025-06-15,S01797,NEW,10,monthly,partner_api_order
2674,2025-06-15,S02357,NEW,8,monthly,partner_api_order
2675,2025-06-15,S03291,NEW,2,monthly,partner_api_order
2676,2025-06-15,S03338,NEW,4,annual,partner_api_order
2677,2025-06-15,S04088,NEW,7,annual,partner_api_order
2678,2025-06-15,S00302,REDUCE,3,,partner_api_order
2679,2025-06-15,S03777,ADD,11,,partner_api_order
2680,2025-06-15,S03859,REDUCE,7,,partner_api_order
2681,2025-06-16,S01632,NEW,11,monthly,partner_api_order
2682,2025-06-16,S03500,NEW,5,annual,partner_api_order
2683,2025-06-16,S00833,ADD,40,,partner_api_order
2684,2025-06-16,S01100,ADD,24,,partner_api_order
2685,2025-06-16,S03064,ADD,21,,partner_api_order
2686,2025-06-16,S03883,REDUCE,8,,partner_api_order
2687,2025-06-17,S00762,NEW,8,monthly,partner_api_order
2688,2025-06-17,S01773,NEW,8,annual,partner_api_order
2689,2025-06-17,S02179,NEW,4,monthly,partner_api_order
2690,2025-06-17,S03242,NEW,6,annual,partner_api_order
2691,2025-06-17,S03299,NEW,33,annual,partner_api_order
2692,2025-06-17,S01049,REDUCE,3,,partner_api_order
2693,2025-06-18,S01239,NEW,1,annual,partner_api_order
2694,2025-06-18,S01974,NEW,17,annual,partner_api_order
2695,2025-06-18,S02039,NEW,6,monthly,partner_api_order
2696,2025-06-18,S02406,NEW,9,annual,partner_api_order
2697,2025-06-18,S03982,NEW,122,annual,contract_record
2698,2025-06-18,S03985,NEW,7,annual,partner_api_order
2699,2025-06-18,S00741,ADD,19,,partner_api_order
2700,2025-06-18,S02458,REDUCE,6,,partner_api_order
2701,2025-06-18,S03790,ADD,23,,partner_api_order
2702,2025-06-19,S00358,NEW,1,annual,partner_api_order
2703,2025-06-19,S00761,NEW,15,annual,partner_api_order
2704,2025-06-19,S01762,NEW,3,annual,partner_api_order
2705,2025-06-19,S02423,NEW,168,annual,contract_record
2706,2025-06-19,S02613,NEW,8,annual,partner_api_order
2707,2025-06-19,S02621,NEW,8,monthly,partner_api_order
2708,2025-06-19,S00261,ADD,387,,contract_record
2709,2025-06-19,S01736,ADD,52,,partner_api_order
2710,2025-06-19,S01888,ADD,25,,partner_api_order
2711,2025-06-19,S02823,ADD,24,,partner_api_order
2712,2025-06-19,S03566,REDUCE,8,,partner_api_order
2713,2025-06-20,S00854,NEW,10,annual,partner_api_order
2714,2025-06-20,S02485,NEW,14,monthly,partner_api_order
2715,2025-06-20,S02532,NEW,16,monthly,partner_api_order
2716,2025-06-20,S02658,NEW,21,annual,partner_api_order
2717,2025-06-20,S02905,NEW,30,monthly,partner_api_order
2718,2025-06-20,S04338,ADD,11,,partner_api_order
2719,2025-06-21,S00144,NEW,2,monthly,partner_api_order
2720,2025-06-21,S01285,NEW,7,annual,partner_api_order
2721,2025-06-21,S03046,NEW,6,monthly,partner_api_order
2722,2025-06-21,S03112,NEW,276,monthly,contract_record
2723,2025-06-21,S03165,NEW,4,annual,partner_api_order
2724,2025-06-21,S03279,NEW,60,monthly,partner_api_order
2725,2025-06-21,S00987,REDUCE,14,,partner_api_order
2726,2025-06-21,S01535,REDUCE,8,,partner_api_order
2727,2025-06-21,S02278,REDUCE,4,,partner_api_order
2728,2025-06-21,S03844,REDUCE,76,,contract_record
2729,2025-06-22,S00333,NEW,12,monthly,partner_api_order
2730,2025-06-22,S00502,NEW,15,annual,partner_api_order
2731,2025-06-22,S00828,NEW,75,annual,partner_api_order
2732,2025-06-22,S01268,NEW,2,annual,partner_api_order
2733,2025-06-22,S01314,NEW,7,monthly,partner_api_order
2734,2025-06-22,S01335,NEW,4,annual,partner_api_order
2735,2025-06-22,S03652,NEW,5,monthly,partner_api_order
2736,2025-06-22,S04291,NEW,12,annual,partner_api_order
2737,2025-06-22,S00762,ADD,12,,partner_api_order
2738,2025-06-22,S02747,ADD,18,,partner_api_order
2739,2025-06-22,S03296,CANCEL,0,,partner_api_order
2740,2025-06-22,S03312,REDUCE,7,,partner_api_order
2741,2025-06-22,S03688,ADD,15,,partner_api_order
2742,2025-06-22,S04186,CANCEL,0,,partner_api_order
2743,2025-06-23,S00581,NEW,2,monthly,partner_api_order
2744,2025-06-23,S01022,NEW,7,annual,partner_api_order
2745,2025-06-23,S01143,NEW,7,annual,partner_api_order
2746,2025-06-23,S01794,NEW,1,monthly,partner_api_order
2747,2025-06-23,S01895,NEW,36,monthly,partner_api_order
2748,2025-06-23,S01972,NEW,7,monthly,partner_api_order
2749,2025-06-23,S02216,NEW,12,annual,partner_api_order
2750,2025-06-23,S02852,NEW,31,monthly,partner_api_order
2751,2025-06-23,S00012,CANCEL,0,,partner_api_order
2752,2025-06-23,S00218,REDUCE,1,,partner_api_order
2753,2025-06-23,S01277,ADD,8,,partner_api_order
2754,2025-06-23,S02532,CANCEL,0,,partner_api_order
2755,2025-06-23,S03652,REDUCE,4,,partner_api_order
2756,2025-06-23,S03989,ADD,7,,partner_api_order
2757,2025-06-23,S04227,ADD,111,,partner_api_order
2758,2025-06-24,S00305,NEW,4,monthly,partner_api_order
2759,2025-06-24,S01809,NEW,48,annual,partner_api_order
2760,2025-06-24,S02327,NEW,5,monthly,partner_api_order
2761,2025-06-24,S03402,NEW,2,monthly,partner_api_order
2762,2025-06-24,S03745,NEW,25,monthly,partner_api_order
2763,2025-06-24,S03787,NEW,5,monthly,partner_api_order
2764,2025-06-24,S04090,NEW,2,annual,partner_api_order
2765,2025-06-24,S04348,NEW,16,monthly,partner_api_order
2766,2025-06-24,S02543,ADD,29,,partner_api_order
2767,2025-06-24,S02566,ADD,5,,partner_api_order
2768,2025-06-24,S02599,ADD,4,,partner_api_order
2769,2025-06-24,S03118,CANCEL,0,,partner_api_order
2770,2025-06-24,S03186,ADD,5,,partner_api_order
2771,2025-06-24,S03389,REDUCE,3,,partner_api_order
2772,2025-06-25,S00227,NEW,20,annual,partner_api_order
2773,2025-06-25,S00631,NEW,11,annual,partner_api_order
2774,2025-06-25,S01442,NEW,7,monthly,partner_api_order
2775,2025-06-25,S01950,NEW,5,annual,partner_api_order
2776,2025-06-25,S02602,NEW,5,monthly,partner_api_order
2777,2025-06-25,S03968,NEW,3,monthly,partner_api_order
2778,2025-06-25,S04230,NEW,65,annual,partner_api_order
2779,2025-06-25,S04378,NEW,11,annual,partner_api_order
2780,2025-06-25,S00013,ADD,3,,partner_api_order
2781,2025-06-26,S00161,NEW,1,annual,partner_api_order
2782,2025-06-26,S00309,NEW,2,annual,partner_api_order
2783,2025-06-26,S00704,NEW,11,annual,partner_api_order
2784,2025-06-26,S00796,NEW,14,annual,partner_api_order
2785,2025-06-26,S01014,NEW,2,annual,partner_api_order
2786,2025-06-26,S01834,NEW,3,annual,partner_api_order
2787,2025-06-26,S01964,NEW,5,monthly,partner_api_order
2788,2025-06-26,S02165,NEW,14,annual,partner_api_order
2789,2025-06-26,S02188,NEW,2,monthly,partner_api_order
2790,2025-06-26,S02670,NEW,1,monthly,partner_api_order
2791,2025-06-26,S02753,NEW,19,annual,partner_api_order
2792,2025-06-26,S02962,NEW,72,annual,partner_api_order
2793,2025-06-26,S04235,NEW,7,annual,partner_api_order
2794,2025-06-26,S00227,REDUCE,13,,partner_api_order
2795,2025-06-26,S02044,CANCEL,0,,partner_api_order
2796,2025-06-26,S03057,ADD,15,,partner_api_order
2797,2025-06-26,S03070,ADD,12,,partner_api_order
2798,2025-06-26,S03231,CANCEL,0,,partner_api_order
2799,2025-06-26,S04382,REDUCE,28,,partner_api_order
2800,2025-06-27,S00250,NEW,5,annual,partner_api_order
2801,2025-06-27,S00342,NEW,11,annual,partner_api_order
2802,2025-06-27,S00787,NEW,13,annual,partner_api_order
2803,2025-06-27,S00840,NEW,3,monthly,partner_api_order
2804,2025-06-27,S01107,NEW,3,annual,partner_api_order
2805,2025-06-27,S01116,NEW,2,annual,partner_api_order
2806,2025-06-27,S01690,NEW,5,annual,partner_api_order
2807,2025-06-27,S02214,NEW,258,annual,contract_record
2808,2025-06-27,S03054,NEW,3,monthly,partner_api_order
2809,2025-06-27,S03245,NEW,6,monthly,partner_api_order
2810,2025-06-27,S03887,NEW,19,monthly,partner_api_order
2811,2025-06-27,S00042,REDUCE,9,,partner_api_order
2812,2025-06-27,S00442,REDUCE,10,,partner_api_order
2813,2025-06-27,S02060,ADD,26,,partner_api_order
2814,2025-06-27,S02494,REDUCE,4,,partner_api_order
2815,2025-06-27,S02613,ADD,9,,partner_api_order
2816,2025-06-28,S00067,NEW,469,annual,contract_record
2817,2025-06-28,S01692,NEW,12,annual,partner_api_order
2818,2025-06-28,S02780,NEW,2,monthly,partner_api_order
2819,2025-06-28,S02902,NEW,9,annual,partner_api_order
2820,2025-06-28,S03991,NEW,21,annual,partner_api_order
2821,2025-06-28,S00561,ADD,12,,partner_api_order
2822,2025-06-28,S01220,REDUCE,3,,partner_api_order
2823,2025-06-28,S02199,REDUCE,1,,partner_api_order
2824,2025-06-28,S03541,ADD,104,,contract_record
2825,2025-06-28,S04018,ADD,8,,partner_api_order
2826,2025-06-28,S04126,ADD,8,,partner_api_order
2827,2025-06-28,S04235,ADD,11,,partner_api_order
2828,2025-06-29,S00921,NEW,12,monthly,partner_api_order
2829,2025-06-29,S01603,NEW,9,annual,partner_api_order
2830,2025-06-29,S01963,NEW,2,annual,partner_api_order
2831,2025-06-29,S04068,NEW,7,annual,partner_api_order
2832,2025-06-29,S02385,ADD,7,,partner_api_order
2833,2025-06-29,S02852,REDUCE,18,,partner_api_order
2834,2025-06-29,S03054,ADD,4,,partner_api_order
2835,2025-06-30,S00060,NEW,3,annual,partner_api_order
2836,2025-06-30,S00335,NEW,12,annual,partner_api_order
2837,2025-06-30,S00374,NEW,5,monthly,partner_api_order
2838,2025-06-30,S01485,NEW,486,monthly,contract_record
2839,2025-06-30,S01511,NEW,13,monthly,partner_api_order
2840,2025-06-30,S01751,NEW,1,monthly,partner_api_order
2841,2025-06-30,S02740,NEW,3,annual,partner_api_order
2842,2025-06-30,S03743,NEW,6,annual,partner_api_order
2843,2025-06-30,S03829,NEW,21,annual,partner_api_order
2844,2025-06-30,S04188,NEW,21,annual,partner_api_order
2845,2025-06-30,S00006,REDUCE,5,,partner_api_order
2846,2025-06-30,S00823,ADD,2,,partner_api_order
2847,2025-06-30,S01171,ADD,5,,partner_api_order
2848,2025-06-30,S01181,CANCEL,0,,partner_api_order
2849,2025-06-30,S02114,ADD,7,,partner_api_order
2850,2025-06-30,S02332,REDUCE,13,,partner_api_order
2851,2025-06-30,S02902,REDUCE,5,,partner_api_order
2852,2025-06-30,S02955,REDUCE,10,,partner_api_order
2853,2025-06-30,S03899,ADD,5,,partner_api_order
2854,2025-07-01,S00149,NEW,6,annual,partner_api_order
2855,2025-07-01,S01256,NEW,17,annual,partner_api_order
2856,2025-07-01,S01493,NEW,3,monthly,partner_api_order
2857,2025-07-01,S01576,NEW,22,annual,partner_api_order
2858,2025-07-01,S02260,NEW,9,annual,partner_api_order
2859,2025-07-01,S03035,NEW,21,annual,partner_api_order
2860,2025-07-01,S03521,NEW,185,annual,contract_record
2861,2025-07-01,S03522,NEW,19,annual,partner_api_order
2862,2025-07-01,S03815,NEW,6,annual,partner_api_order
2863,2025-07-01,S04059,NEW,12,annual,partner_api_order
2864,2025-07-01,S00539,REDUCE,29,,partner_api_order
2865,2025-07-01,S00973,CANCEL,0,,partner_api_order
2866,2025-07-01,S01949,REDUCE,4,,partner_api_order
2867,2025-07-01,S03635,REDUCE,2,,partner_api_order
2868,2025-07-01,S03806,REDUCE,2,,partner_api_order
2869,2025-07-01,S04127,REDUCE,15,,partner_api_order
2870,2025-07-02,S00176,NEW,5,monthly,partner_api_order
2871,2025-07-02,S01008,NEW,1,annual,partner_api_order
2872,2025-07-02,S01295,NEW,3,monthly,partner_api_order
2873,2025-07-02,S01490,NEW,6,monthly,partner_api_order
2874,2025-07-02,S01686,NEW,1,monthly,partner_api_order
2875,2025-07-02,S02391,NEW,2,annual,partner_api_order
2876,2025-07-02,S02511,NEW,3,monthly,partner_api_order
2877,2025-07-02,S03007,NEW,16,annual,partner_api_order
2878,2025-07-02,S03568,NEW,6,annual,partner_api_order
2879,2025-07-02,S01021,REDUCE,368,,contract_record
2880,2025-07-02,S01188,REDUCE,13,,partner_api_order
2881,2025-07-02,S03594,REDUCE,5,,partner_api_order
2882,2025-07-03,S01396,NEW,18,annual,partner_api_order
2883,2025-07-03,S01597,NEW,14,annual,partner_api_order
2884,2025-07-03,S02091,NEW,8,annual,partner_api_order
2885,2025-07-03,S04026,NEW,6,monthly,partner_api_order
2886,2025-07-03,S04033,NEW,172,monthly,contract_record
2887,2025-07-03,S04285,NEW,8,annual,partner_api_order
2888,2025-07-03,S04358,NEW,3,monthly,partner_api_order
2889,2025-07-03,S00994,REDUCE,6,,partner_api_order
2890,2025-07-04,S00299,NEW,4,monthly,partner_api_order
2891,2025-07-04,S00666,NEW,5,annual,partner_api_order
2892,2025-07-04,S00674,NEW,2,annual,partner_api_order
2893,2025-07-04,S01302,NEW,26,monthly,partner_api_order
2894,2025-07-04,S01421,NEW,12,monthly,partner_api_order
2895,2025-07-04,S02322,NEW,3,monthly,partner_api_order
2896,2025-07-04,S02991,NEW,21,annual,partner_api_order
2897,2025-07-04,S04077,NEW,11,monthly,partner_api_order
2898,2025-07-04,S04254,NEW,11,monthly,partner_api_order
2899,2025-07-04,S01107,ADD,4,,partner_api_order
2900,2025-07-04,S02266,ADD,8,,partner_api_order
2901,2025-07-04,S04021,ADD,11,,partner_api_order
2902,2025-07-05,S00360,NEW,17,annual,partner_api_order
2903,2025-07-05,S01055,NEW,21,annual,partner_api_order
2904,2025-07-05,S01785,NEW,14,annual,partner_api_order
2905,2025-07-05,S02354,NEW,61,monthly,partner_api_order
2906,2025-07-05,S02776,NEW,16,annual,partner_api_order
2907,2025-07-05,S04171,NEW,2,annual,partner_api_order
2908,2025-07-05,S00519,ADD,33,,partner_api_order
2909,2025-07-05,S01283,REDUCE,13,,partner_api_order
2910,2025-07-05,S02065,ADD,3,,partner_api_order
2911,2025-07-05,S04079,REDUCE,5,,partner_api_order
2912,2025-07-06,S00284,NEW,11,annual,partner_api_order
2913,2025-07-06,S00557,NEW,5,annual,partner_api_order
2914,2025-07-06,S00735,NEW,11,monthly,partner_api_order
2915,2025-07-06,S01553,NEW,6,monthly,partner_api_order
2916,2025-07-06,S02055,NEW,34,monthly,contract_record
2917,2025-07-06,S02873,NEW,8,monthly,partner_api_order
2918,2025-07-06,S03124,NEW,2,annual,partner_api_order
2919,2025-07-06,S04101,NEW,27,monthly,partner_api_order
2920,2025-07-06,S04343,NEW,3,monthly,partner_api_order
2921,2025-07-06,S00639,CANCEL,0,,partner_api_order
2922,2025-07-06,S00702,ADD,35,,partner_api_order
2923,2025-07-07,S01407,NEW,8,annual,partner_api_order
2924,2025-07-07,S01440,NEW,8,annual,partner_api_order
2925,2025-07-07,S02100,NEW,12,annual,partner_api_order
2926,2025-07-07,S02140,NEW,86,annual,contract_record
2927,2025-07-07,S02733,NEW,242,monthly,contract_record
2928,2025-07-07,S03415,NEW,6,monthly,partner_api_order
2929,2025-07-07,S03843,NEW,5,annual,partner_api_order
2930,2025-07-07,S00018,REDUCE,4,,partner_api_order
2931,2025-07-07,S00719,REDUCE,5,,partner_api_order
2932,2025-07-07,S00747,ADD,22,,partner_api_order
2933,2025-07-07,S01573,REDUCE,2,,partner_api_order
2934,2025-07-07,S02035,REDUCE,3,,partner_api_order
2935,2025-07-08,S00086,NEW,4,monthly,partner_api_order
2936,2025-07-08,S00625,NEW,3,annual,partner_api_order
2937,2025-07-08,S01182,NEW,6,monthly,partner_api_order
2938,2025-07-08,S01224,NEW,2,monthly,partner_api_order
2939,2025-07-08,S02115,NEW,3,annual,partner_api_order
2940,2025-07-08,S02690,NEW,17,annual,partner_api_order
2941,2025-07-08,S03948,NEW,10,annual,partner_api_order
2942,2025-07-08,S04319,NEW,3,monthly,partner_api_order
2943,2025-07-08,S01130,ADD,4,,partner_api_order
2944,2025-07-08,S01728,ADD,15,,partner_api_order
2945,2025-07-09,S00368,NEW,35,annual,partner_api_order
2946,2025-07-09,S01929,NEW,36,monthly,partner_api_order
2947,2025-07-09,S90254,REDUCE,11,,partner_api_order
2948,2025-07-09,S00889,ADD,66,,partner_api_order
2949,2025-07-10,S00239,NEW,8,monthly,partner_api_order
2950,2025-07-10,S00782,NEW,34,monthly,partner_api_order
2951,2025-07-10,S02674,NEW,20,annual,partner_api_order
2952,2025-07-10,S03141,NEW,10,annual,partner_api_order
2953,2025-07-10,S00666,ADD,7,,partner_api_order
2954,2025-07-10,S01630,CANCEL,0,,partner_api_order
2955,2025-07-10,S02406,CANCEL,0,,partner_api_order
2956,2025-07-10,S02736,CANCEL,0,,partner_api_order
2957,2025-07-10,S03136,ADD,33,,partner_api_order
2958,2025-07-11,S00329,NEW,18,annual,partner_api_order
2959,2025-07-11,S00572,NEW,18,annual,partner_api_order
2960,2025-07-11,S00998,NEW,16,annual,partner_api_order
2961,2025-07-11,S01357,NEW,6,annual,partner_api_order
2962,2025-07-11,S02490,NEW,7,annual,partner_api_order
2963,2025-07-11,S02939,NEW,10,annual,partner_api_order
2964,2025-07-11,S03592,NEW,1,monthly,partner_api_order
2965,2025-07-11,S03893,NEW,9,annual,partner_api_order
2966,2025-07-11,S03924,NEW,22,monthly,partner_api_order
2967,2025-07-11,S04115,NEW,8,annual,partner_api_order
2968,2025-07-11,S04349,NEW,4,annual,partner_api_order
2969,2025-07-11,S00508,ADD,4,,partner_api_order
2970,2025-07-11,S01405,REDUCE,2,,partner_api_order
2971,2025-07-11,S01809,CANCEL,0,,partner_api_order
2972,2025-07-12,S00493,NEW,2,monthly,partner_api_order
2973,2025-07-12,S01697,NEW,5,annual,partner_api_order
2974,2025-07-12,S01745,NEW,23,monthly,partner_api_order
2975,2025-07-12,S02721,NEW,46,monthly,partner_api_order
2976,2025-07-12,S02869,NEW,4,annual,partner_api_order
2977,2025-07-12,S02981,NEW,20,monthly,partner_api_order
2978,2025-07-12,S00282,ADD,19,,partner_api_order
2979,2025-07-12,S01541,ADD,5,,partner_api_order
2980,2025-07-12,S01794,ADD,2,,partner_api_order
2981,2025-07-12,S01978,ADD,17,,partner_api_order
2982,2025-07-12,S02165,REDUCE,6,,partner_api_order
2983,2025-07-12,S02613,REDUCE,7,,partner_api_order
2984,2025-07-12,S03612,ADD,5,,partner_api_order
2985,2025-07-13,S00387,NEW,9,monthly,partner_api_order
2986,2025-07-13,S01011,NEW,11,annual,partner_api_order
2987,2025-07-13,S01260,NEW,23,annual,partner_api_order
2988,2025-07-13,S02592,NEW,22,monthly,partner_api_order
2989,2025-07-13,S03619,NEW,3,annual,partner_api_order
2990,2025-07-13,S03740,NEW,8,monthly,partner_api_order
2991,2025-07-13,S04092,NEW,11,monthly,partner_api_order
2992,2025-07-13,S00609,REDUCE,2,,partner_api_order
2993,2025-07-13,S90968,REDUCE,4,,partner_api_order
2994,2025-07-13,S01700,CANCEL,0,,partner_api_order
2995,2025-07-13,S01829,CANCEL,0,,partner_api_order
2996,2025-07-13,S02354,CANCEL,0,,partner_api_order
2997,2025-07-13,S02941,CANCEL,0,,partner_api_order
2998,2025-07-13,S03116,REDUCE,3,,partner_api_order
2999,2025-07-13,S04115,ADD,10,,partner_api_order
3000,2025-07-14,S00655,NEW,13,monthly,partner_api_order
3001,2025-07-14,S02361,NEW,1,annual,partner_api_order
3002,2025-07-14,S00305,CANCEL,0,,partner_api_order
3003,2025-07-14,S02457,ADD,4,,partner_api_order
3004,2025-07-14,S04136,ADD,10,,partner_api_order
3005,2025-07-15,S00785,NEW,16,annual,partner_api_order
3006,2025-07-15,S03249,NEW,1,annual,partner_api_order
3007,2025-07-15,S03560,NEW,17,monthly,partner_api_order
3008,2025-07-15,S03888,NEW,4,annual,partner_api_order
3009,2025-07-15,S01344,ADD,16,,partner_api_order
3010,2025-07-15,S03403,ADD,9,,partner_api_order
3011,2025-07-15,S03941,REDUCE,3,,partner_api_order
3012,2025-07-15,S04110,ADD,55,,partner_api_order
3013,2025-07-16,S00078,NEW,10,annual,partner_api_order
3014,2025-07-16,S00971,NEW,6,annual,partner_api_order
3015,2025-07-16,S01428,NEW,20,annual,partner_api_order
3016,2025-07-16,S03269,NEW,2,monthly,partner_api_order
3017,2025-07-16,S00153,ADD,10,,partner_api_order
3018,2025-07-16,S01260,ADD,30,,partner_api_order
3019,2025-07-16,S01579,REDUCE,96,,contract_record
3020,2025-07-16,S02870,REDUCE,6,,partner_api_order
3021,2025-07-16,S03371,ADD,8,,partner_api_order
3022,2025-07-16,S03405,ADD,5,,partner_api_order
3023,2025-07-16,S03773,ADD,22,,partner_api_order
3024,2025-07-16,S04037,ADD,6,,partner_api_order
3025,2025-07-17,S01046,NEW,4,annual,partner_api_order
3026,2025-07-17,S01582,NEW,6,annual,partner_api_order
3027,2025-07-17,S01791,NEW,6,monthly,partner_api_order
3028,2025-07-17,S02169,NEW,6,annual,partner_api_order
3029,2025-07-17,S03151,NEW,4,annual,partner_api_order
3030,2025-07-17,S03626,NEW,2,annual,partner_api_order
3031,2025-07-17,S03975,NEW,3,annual,partner_api_order
3032,2025-07-17,S04392,NEW,3,monthly,partner_api_order
3033,2025-07-17,S01210,REDUCE,3,,partner_api_order
3034,2025-07-17,S02623,ADD,10,,partner_api_order
3035,2025-07-17,S04257,ADD,9,,partner_api_order
3036,2025-07-18,S00020,NEW,6,monthly,partner_api_order
3037,2025-07-18,S02758,NEW,6,annual,partner_api_order
3038,2025-07-18,S02801,NEW,2,annual,partner_api_order
3039,2025-07-18,S03956,NEW,3,annual,partner_api_order
3040,2025-07-18,S00170,ADD,12,,partner_api_order
3041,2025-07-18,S00949,ADD,49,,partner_api_order
3042,2025-07-18,S03070,ADD,13,,partner_api_order
3043,2025-07-19,S00622,NEW,3,monthly,partner_api_order
3044,2025-07-19,S00865,NEW,112,annual,contract_record
3045,2025-07-19,S00943,NEW,24,annual,partner_api_order
3046,2025-07-19,S03714,NEW,13,monthly,partner_api_order
3047,2025-07-19,S00061,ADD,38,,partner_api_order
3048,2025-07-19,S01939,ADD,3,,partner_api_order
3049,2025-07-19,S03624,ADD,9,,partner_api_order
3050,2025-07-20,S00163,NEW,3,monthly,partner_api_order
3051,2025-07-20,S00748,NEW,20,monthly,partner_api_order
3052,2025-07-20,S00816,NEW,3,monthly,partner_api_order
3053,2025-07-20,S01713,NEW,11,monthly,partner_api_order
3054,2025-07-20,S02734,NEW,2,annual,partner_api_order
3055,2025-07-20,S03436,NEW,7,annual,partner_api_order
3056,2025-07-20,S03912,NEW,12,annual,partner_api_order
3057,2025-07-20,S00623,ADD,20,,partner_api_order
3058,2025-07-20,S00985,ADD,6,,partner_api_order
3059,2025-07-20,S01097,CANCEL,0,,partner_api_order
3060,2025-07-20,S02463,REDUCE,9,,partner_api_order
3061,2025-07-21,S00619,NEW,8,annual,partner_api_order
3062,2025-07-21,S01620,NEW,22,annual,partner_api_order
3063,2025-07-21,S03200,NEW,2,monthly,partner_api_order
3064,2025-07-21,S03900,NEW,3,annual,partner_api_order
3065,2025-07-21,S04072,NEW,10,monthly,partner_api_order
3066,2025-07-21,S00800,ADD,5,,partner_api_order
3067,2025-07-21,S02494,REDUCE,2,,partner_api_order
3068,2025-07-22,S00072,NEW,5,monthly,partner_api_order
3069,2025-07-22,S01915,NEW,2,annual,partner_api_order
3070,2025-07-22,S02982,NEW,1,annual,partner_api_order
3071,2025-07-22,S00198,CANCEL,0,,partner_api_order
3072,2025-07-22,S00286,CANCEL,0,,partner_api_order
3073,2025-07-22,S00597,ADD,9,,partner_api_order
3074,2025-07-22,S02280,REDUCE,12,,partner_api_order
3075,2025-07-22,S02334,REDUCE,4,,partner_api_order
3076,2025-07-22,S02443,REDUCE,2,,partner_api_order
3077,2025-07-23,S00963,NEW,6,annual,partner_api_order
3078,2025-07-23,S01258,NEW,15,monthly,partner_api_order
3079,2025-07-23,S01554,NEW,4,annual,partner_api_order
3080,2025-07-23,S01860,NEW,5,annual,partner_api_order
3081,2025-07-23,S04294,NEW,6,annual,partner_api_order
3082,2025-07-23,S00450,ADD,21,,partner_api_order
3083,2025-07-23,S03445,ADD,59,,partner_api_order
3084,2025-07-23,S03912,ADD,16,,partner_api_order
3085,2025-07-23,S03966,ADD,1,,partner_api_order
3086,2025-07-23,S04091,CANCEL,0,,partner_api_order
3087,2025-07-24,S00990,NEW,13,monthly,partner_api_order
3088,2025-07-24,S02137,NEW,10,annual,partner_api_order
3089,2025-07-24,S03377,NEW,9,annual,partner_api_order
3090,2025-07-24,S03963,NEW,7,annual,partner_api_order
3091,2025-07-24,S04039,NEW,9,annual,partner_api_order
3092,2025-07-24,S00681,REDUCE,33,,partner_api_order
3093,2025-07-24,S02047,CANCEL,0,,partner_api_order
3094,2025-07-24,S03117,ADD,2,,partner_api_order
3095,2025-07-24,S03844,ADD,88,,contract_record
3096,2025-07-24,S04339,ADD,3,,partner_api_order
3097,2025-07-25,S00610,NEW,1,monthly,partner_api_order
3098,2025-07-25,S01028,NEW,8,annual,partner_api_order
3099,2025-07-25,S02704,NEW,9,monthly,partner_api_order
3100,2025-07-25,S03042,NEW,18,monthly,partner_api_order
3101,2025-07-25,S00488,REDUCE,4,,partner_api_order
3102,2025-07-25,S01616,ADD,13,,partner_api_order
3103,2025-07-25,S02220,REDUCE,4,,partner_api_order
3104,2025-07-25,S04039,REDUCE,3,,partner_api_order
3105,2025-07-25,S04355,CANCEL,0,,partner_api_order
3106,2025-07-26,S01273,NEW,2,annual,partner_api_order
3107,2025-07-26,S04165,NEW,2,annual,partner_api_order
3108,2025-07-26,S01709,CANCEL,0,,partner_api_order
3109,2025-07-26,S03987,ADD,7,,partner_api_order
3110,2025-07-26,S04254,CANCEL,0,,partner_api_order
3111,2025-07-27,S01217,NEW,4,annual,partner_api_order
3112,2025-07-27,S03113,NEW,145,monthly,contract_record
3113,2025-07-27,S03350,NEW,1,annual,partner_api_order
3114,2025-07-27,S03564,NEW,13,monthly,partner_api_order
3115,2025-07-27,S04122,NEW,7,annual,partner_api_order
3116,2025-07-27,S04289,NEW,2,annual,partner_api_order
3117,2025-07-27,S00052,CANCEL,0,,partner_api_order
3118,2025-07-27,S01145,ADD,2,,partner_api_order
3119,2025-07-27,S01438,REDUCE,4,,partner_api_order
3120,2025-07-27,S03822,ADD,5,,partner_api_order
3121,2025-07-28,S02449,NEW,183,annual,contract_record
3122,2025-07-28,S02536,NEW,8,monthly,partner_api_order
3123,2025-07-28,S03258,NEW,13,annual,partner_api_order
3124,2025-07-28,S03835,NEW,34,annual,partner_api_order
3125,2025-07-28,S04020,NEW,4,annual,partner_api_order
3126,2025-07-28,S04157,NEW,24,monthly,partner_api_order
3127,2025-07-28,S04317,NEW,9,monthly,partner_api_order
3128,2025-07-28,S04397,NEW,34,monthly,partner_api_order
3129,2025-07-28,S00849,REDUCE,3,,partner_api_order
3130,2025-07-28,S01156,CANCEL,0,,partner_api_order
3131,2025-07-28,S02322,ADD,4,,partner_api_order
3132,2025-07-28,S03093,REDUCE,3,,partner_api_order
3133,2025-07-28,S03128,REDUCE,3,,partner_api_order
3134,2025-07-29,S00071,NEW,25,monthly,partner_api_order
3135,2025-07-29,S00152,NEW,20,annual,partner_api_order
3136,2025-07-29,S00253,NEW,14,annual,partner_api_order
3137,2025-07-29,S00652,NEW,1,annual,partner_api_order
3138,2025-07-29,S00714,NEW,7,annual,partner_api_order
3139,2025-07-29,S02253,NEW,1,annual,partner_api_order
3140,2025-07-29,S02306,NEW,22,monthly,partner_api_order
3141,2025-07-29,S02978,NEW,8,monthly,partner_api_order
3142,2025-07-29,S03470,NEW,9,annual,partner_api_order
3143,2025-07-29,S03670,NEW,2,monthly,partner_api_order
3144,2025-07-29,S00748,ADD,25,,partner_api_order
3145,2025-07-29,S01098,CANCEL,0,,partner_api_order
3146,2025-07-29,S01167,CANCEL,0,,partner_api_order
3147,2025-07-29,S01225,REDUCE,1,,partner_api_order
3148,2025-07-29,S01605,REDUCE,14,,partner_api_order
3149,2025-07-29,S02704,REDUCE,6,,partner_api_order
3150,2025-07-29,S03008,ADD,76,,contract_record
3151,2025-07-29,S03297,REDUCE,3,,partner_api_order
3152,2025-07-30,S00325,NEW,10,monthly,partner_api_order
3153,2025-07-30,S04049,NEW,4,monthly,partner_api_order
3154,2025-07-30,S90118,REDUCE,1,,partner_api_order
3155,2025-07-30,S00092,ADD,1,,partner_api_order
3156,2025-07-30,S01644,REDUCE,11,,partner_api_order
3157,2025-07-30,S03977,CANCEL,0,,partner_api_order
3158,2025-07-30,S04020,ADD,5,,partner_api_order
3159,2025-07-31,S00189,NEW,3,annual,partner_api_order
3160,2025-07-31,S02057,NEW,6,annual,partner_api_order
3161,2025-07-31,S02249,NEW,497,annual,contract_record
3162,2025-07-31,S03764,NEW,33,annual,partner_api_order
3163,2025-07-31,S00359,ADD,11,,partner_api_order
3164,2025-07-31,S01791,ADD,8,,partner_api_order
3165,2025-07-31,S02008,REDUCE,2,,partner_api_order
3166,2025-07-31,S02306,ADD,22,,partner_api_order
3167,2025-07-31,S02939,ADD,12,,partner_api_order
3168,2025-07-31,S03898,CANCEL,0,,partner_api_order
3169,2025-07-31,S03918,ADD,6,,partner_api_order
3170,2025-07-31,S03928,ADD,715,,contract_record
3171,2025-08-01,S00479,NEW,26,annual,partner_api_order
3172,2025-08-01,S01082,NEW,35,monthly,partner_api_order
3173,2025-08-01,S01361,NEW,8,monthly,partner_api_order
3174,2025-08-01,S01656,NEW,3,annual,partner_api_order
3175,2025-08-01,S02204,NEW,4,monthly,partner_api_order
3176,2025-08-01,S02622,NEW,48,monthly,contract_record
3177,2025-08-01,S02717,NEW,5,monthly,partner_api_order
3178,2025-08-01,S03738,NEW,22,monthly,partner_api_order
3179,2025-08-01,S01498,ADD,8,,partner_api_order
3180,2025-08-01,S03490,ADD,9,,partner_api_order
3181,2025-08-01,S04391,ADD,15,,partner_api_order
3182,2025-08-02,S00303,NEW,29,annual,partner_api_order
3183,2025-08-02,S00443,NEW,52,monthly,partner_api_order
3184,2025-08-02,S01010,NEW,4,annual,partner_api_order
3185,2025-08-02,S02073,NEW,14,monthly,partner_api_order
3186,2025-08-02,S03617,NEW,14,annual,partner_api_order
3187,2025-08-02,S03809,NEW,25,annual,partner_api_order
3188,2025-08-02,S01022,ADD,9,,partner_api_order
3189,2025-08-02,S03262,CANCEL,0,,contract_record
3190,2025-08-02,S03496,REDUCE,14,,partner_api_order
3191,2025-08-02,S03875,REDUCE,2,,partner_api_order
3192,2025-08-02,S03895,REDUCE,3,,partner_api_order
3193,2025-08-03,S00730,NEW,13,annual,partner_api_order
3194,2025-08-03,S00811,NEW,8,annual,partner_api_order
3195,2025-08-03,S01117,NEW,9,annual,partner_api_order
3196,2025-08-03,S01875,NEW,58,annual,partner_api_order
3197,2025-08-03,S01907,NEW,9,monthly,partner_api_order
3198,2025-08-03,S02119,NEW,16,annual,partner_api_order
3199,2025-08-03,S03609,NEW,37,annual,partner_api_order
3200,2025-08-03,S03731,NEW,4,annual,partner_api_order
3201,2025-08-03,S90090,ADD,8,,partner_api_order
3202,2025-08-03,S00289,ADD,7,,partner_api_order
3203,2025-08-03,S00513,REDUCE,164,,contract_record
3204,2025-08-03,S00717,REDUCE,2,,partner_api_order
3205,2025-08-03,S01734,ADD,6,,partner_api_order
3206,2025-08-03,S02321,ADD,51,,partner_api_order
3207,2025-08-03,S03915,ADD,26,,partner_api_order
3208,2025-08-03,S04215,ADD,16,,partner_api_order
3209,2025-08-03,S04339,ADD,4,,partner_api_order
3210,2025-08-04,S01223,NEW,5,annual,partner_api_order
3211,2025-08-04,S01387,NEW,87,monthly,contract_record
3212,2025-08-04,S01997,NEW,2,annual,partner_api_order
3213,2025-08-04,S02807,NEW,3,monthly,partner_api_order
3214,2025-08-04,S02663,ADD,28,,partner_api_order
3215,2025-08-04,S03201,CANCEL,0,,partner_api_order
3216,2025-08-04,S03280,ADD,6,,partner_api_order
3217,2025-08-04,S03843,ADD,6,,partner_api_order
3218,2025-08-05,S00330,NEW,4,monthly,partner_api_order
3219,2025-08-05,S00489,NEW,9,annual,partner_api_order
3220,2025-08-05,S00966,NEW,9,annual,partner_api_order
3221,2025-08-05,S01739,NEW,3,annual,partner_api_order
3222,2025-08-05,S02909,NEW,9,monthly,partner_api_order
3223,2025-08-05,S03126,NEW,11,monthly,partner_api_order
3224,2025-08-05,S03284,NEW,12,annual,partner_api_order
3225,2025-08-05,S03292,NEW,3,monthly,partner_api_order
3226,2025-08-05,S03660,NEW,28,monthly,partner_api_order
3227,2025-08-05,S03791,NEW,3,annual,partner_api_order
3228,2025-08-05,S01900,REDUCE,6,,partner_api_order
3229,2025-08-05,S01910,REDUCE,16,,partner_api_order
3230,2025-08-06,S00190,NEW,8,monthly,partner_api_order
3231,2025-08-06,S01748,NEW,60,annual,partner_api_order
3232,2025-08-06,S02487,NEW,8,annual,partner_api_order
3233,2025-08-06,S03463,NEW,14,monthly,partner_api_order
3234,2025-08-06,S04054,NEW,169,monthly,contract_record
3235,2025-08-06,S04368,NEW,15,annual,partner_api_order
3236,2025-08-06,S00481,ADD,3,,partner_api_order
3237,2025-08-06,S02458,REDUCE,2,,partner_api_order
3238,2025-08-06,S03548,REDUCE,13,,partner_api_order
3239,2025-08-06,S04363,REDUCE,0,,contract_record
3240,2025-08-07,S00267,NEW,3,annual,partner_api_order
3241,2025-08-07,S01851,NEW,2,annual,partner_api_order
3242,2025-08-07,S02001,NEW,56,annual,partner_api_order
3243,2025-08-07,S03205,NEW,3,monthly,partner_api_order
3244,2025-08-07,S03671,NEW,18,annual,partner_api_order
3245,2025-08-07,S03771,NEW,7,annual,partner_api_order
3246,2025-08-07,S00743,ADD,11,,partner_api_order
3247,2025-08-07,S01929,REDUCE,31,,partner_api_order
3248,2025-08-07,S02629,ADD,25,,partner_api_order
3249,2025-08-08,S00448,NEW,8,monthly,partner_api_order
3250,2025-08-08,S01194,NEW,10,annual,partner_api_order
3251,2025-08-08,S02142,NEW,272,annual,contract_record
3252,2025-08-08,S03625,NEW,12,annual,partner_api_order
3253,2025-08-08,S03707,NEW,12,annual,partner_api_order
3254,2025-08-08,S04226,NEW,3,annual,partner_api_order
3255,2025-08-08,S04281,NEW,20,monthly,partner_api_order
3256,2025-08-08,S02592,ADD,33,,partner_api_order
3257,2025-08-08,S03459,REDUCE,148,,contract_record
3258,2025-08-09,S01096,NEW,15,monthly,partner_api_order
3259,2025-08-09,S01612,NEW,50,monthly,partner_api_order
3260,2025-08-09,S02608,NEW,24,monthly,partner_api_order
3261,2025-08-09,S02973,NEW,10,annual,partner_api_order
3262,2025-08-09,S04009,NEW,10,annual,partner_api_order
3263,2025-08-09,S04174,NEW,442,annual,contract_record
3264,2025-08-09,S00856,REDUCE,3,,partner_api_order
3265,2025-08-09,S01436,ADD,3,,partner_api_order
3266,2025-08-09,S03266,REDUCE,4,,partner_api_order
3267,2025-08-09,S04389,ADD,21,,partner_api_order
3268,2025-08-10,S00196,NEW,12,annual,partner_api_order
3269,2025-08-10,S01110,NEW,29,annual,partner_api_order
3270,2025-08-10,S01303,NEW,19,annual,partner_api_order
3271,2025-08-10,S03368,NEW,4,annual,partner_api_order
3272,2025-08-10,S90518,ADD,2,,partner_api_order
3273,2025-08-10,S01239,CANCEL,0,,partner_api_order
3274,2025-08-10,S01811,ADD,60,,partner_api_order
3275,2025-08-10,S02604,ADD,8,,partner_api_order
3276,2025-08-10,S02967,REDUCE,0,,partner_api_order
3277,2025-08-10,S02994,CANCEL,0,,partner_api_order
3278,2025-08-10,S03036,ADD,11,,partner_api_order
3279,2025-08-10,S03475,ADD,16,,partner_api_order
3280,2025-08-10,S04235,ADD,16,,partner_api_order
3281,2025-08-11,S00022,NEW,4,monthly,partner_api_order
3282,2025-08-11,S00246,NEW,249,annual,contract_record
3283,2025-08-11,S00564,NEW,54,monthly,partner_api_order
3284,2025-08-11,S00882,NEW,22,monthly,partner_api_order
3285,2025-08-11,S01186,NEW,25,monthly,partner_api_order
3286,2025-08-11,S01320,NEW,42,annual,partner_api_order
3287,2025-08-11,S01983,NEW,11,annual,partner_api_order
3288,2025-08-11,S02719,NEW,19,monthly,partner_api_order
3289,2025-08-11,S02864,NEW,59,monthly,partner_api_order
3290,2025-08-11,S03232,NEW,4,annual,partner_api_order
3291,2025-08-11,S03340,NEW,14,annual,partner_api_order
3292,2025-08-11,S04318,NEW,5,annual,partner_api_order
3293,2025-08-11,S00728,REDUCE,1,,partner_api_order
3294,2025-08-11,S00956,ADD,30,,partner_api_order
3295,2025-08-11,S01384,ADD,9,,partner_api_order
3296,2025-08-11,S90636,REDUCE,3,,partner_api_order
3297,2025-08-12,S00090,NEW,4,annual,partner_api_order
3298,2025-08-12,S00352,NEW,8,annual,partner_api_order
3299,2025-08-12,S00577,NEW,7,annual,partner_api_order
3300,2025-08-12,S00667,NEW,13,monthly,partner_api_order
3301,2025-08-12,S00745,NEW,7,monthly,partner_api_order
3302,2025-08-12,S01083,NEW,80,annual,partner_api_order
3303,2025-08-12,S02707,NEW,3,monthly,partner_api_order
3304,2025-08-12,S00515,ADD,2,,partner_api_order
3305,2025-08-12,S02186,ADD,5,,partner_api_order
3306,2025-08-12,S02485,ADD,20,,partner_api_order
3307,2025-08-12,S02849,CANCEL,0,,partner_api_order
3308,2025-08-12,S02921,REDUCE,18,,partner_api_order
3309,2025-08-12,S03018,ADD,7,,partner_api_order
3310,2025-08-13,S00238,NEW,1,annual,partner_api_order
3311,2025-08-13,S00578,NEW,29,monthly,partner_api_order
3312,2025-08-13,S01555,NEW,10,monthly,partner_api_order
3313,2025-08-13,S03432,NEW,3,annual,partner_api_order
3314,2025-08-13,S04169,NEW,54,annual,partner_api_order
3315,2025-08-13,S00014,REDUCE,9,,partner_api_order
3316,2025-08-13,S02674,ADD,20,,partner_api_order
3317,2025-08-13,S03908,ADD,6,,partner_api_order
3318,2025-08-14,S00297,NEW,12,annual,partner_api_order
3319,2025-08-14,S01017,NEW,6,annual,partner_api_order
3320,2025-08-14,S01825,NEW,2,annual,partner_api_order
3321,2025-08-14,S01958,NEW,7,annual,partner_api_order
3322,2025-08-14,S02160,NEW,2,annual,partner_api_order
3323,2025-08-14,S02338,NEW,7,annual,partner_api_order
3324,2025-08-14,S03872,NEW,7,annual,partner_api_order
3325,2025-08-14,S03944,NEW,9,monthly,partner_api_order
3326,2025-08-14,S00539,REDUCE,17,,partner_api_order
3327,2025-08-14,S00564,ADD,74,,partner_api_order
3328,2025-08-14,S00578,CANCEL,0,,partner_api_order
3329,2025-08-14,S03326,CANCEL,0,,partner_api_order
3330,2025-08-14,S03562,REDUCE,8,,partner_api_order
3331,2025-08-14,S04351,CANCEL,0,,contract_record
3332,2025-08-15,S02586,NEW,7,annual,partner_api_order
3333,2025-08-15,S03077,NEW,4,annual,partner_api_order
3334,2025-08-15,S04113,NEW,10,annual,partner_api_order
3335,2025-08-15,S00764,ADD,2,,partner_api_order
3336,2025-08-15,S00870,REDUCE,19,,partner_api_order
3337,2025-08-15,S04061,REDUCE,5,,partner_api_order
3338,2025-08-16,S00185,NEW,5,annual,partner_api_order
3339,2025-08-16,S01301,NEW,28,annual,partner_api_order
3340,2025-08-16,S02486,NEW,2,annual,partner_api_order
3341,2025-08-16,S03448,NEW,5,monthly,partner_api_order
3342,2025-08-16,S03622,NEW,10,annual,partner_api_order
3343,2025-08-16,S00046,NEW,22,annual,partner_api_order
3344,2025-08-16,S01616,REDUCE,9,,partner_api_order
3345,2025-08-16,S03629,ADD,20,,partner_api_order
3346,2025-08-16,S03854,ADD,2,,partner_api_order
3347,2025-08-16,S03974,ADD,22,,partner_api_order
3348,2025-08-16,S04094,ADD,18,,partner_api_order
3349,2025-08-17,S01329,NEW,11,annual,partner_api_order
3350,2025-08-17,S03634,NEW,5,annual,partner_api_order
3351,2025-08-17,S03810,NEW,109,annual,contract_record
3352,2025-08-17,S01337,REDUCE,6,,partner_api_order
3353,2025-08-17,S02135,REDUCE,7,,partner_api_order
3354,2025-08-17,S02857,ADD,31,,partner_api_order
3355,2025-08-17,S02993,REDUCE,8,,partner_api_order
3356,2025-08-17,S03583,ADD,24,,partner_api_order
3357,2025-08-17,S04009,ADD,15,,partner_api_order
3358,2025-08-18,S00023,NEW,7,annual,partner_api_order
3359,2025-08-18,S00825,NEW,470,monthly,contract_record
3360,2025-08-18,S00879,NEW,35,annual,partner_api_order
3361,2025-08-18,S01140,NEW,17,annual,partner_api_order
3362,2025-08-18,S01732,NEW,15,annual,partner_api_order
3363,2025-08-18,S02557,NEW,17,annual,partner_api_order
3364,2025-08-18,S03298,NEW,115,annual,contract_record
3365,2025-08-18,S00264,CANCEL,0,,partner_api_order
3366,2025-08-18,S00751,REDUCE,5,,partner_api_order
3367,2025-08-18,S01039,REDUCE,30,,partner_api_order
3368,2025-08-18,S01227,ADD,5,,partner_api_order
3369,2025-08-18,S01997,REDUCE,1,,partner_api_order
3370,2025-08-19,S01520,NEW,2,annual,partner_api_order
3371,2025-08-19,S02829,NEW,126,annual,contract_record
3372,2025-08-19,S03957,NEW,7,annual,partner_api_order
3373,2025-08-19,S01223,REDUCE,3,,partner_api_order
3374,2025-08-19,S01471,ADD,12,,partner_api_order
3375,2025-08-19,S01709,REDUCE,1,,partner_api_order
3376,2025-08-19,S02868,ADD,17,,partner_api_order
3377,2025-08-19,S03611,ADD,4,,partner_api_order
3378,2025-08-19,S04397,NEW,34,monthly,partner_api_order
3379,2025-08-20,S01699,NEW,8,monthly,partner_api_order
3380,2025-08-20,S02191,NEW,7,monthly,partner_api_order
3381,2025-08-20,S00181,ADD,10,,partner_api_order
3382,2025-08-20,S01244,ADD,15,,partner_api_order
3383,2025-08-20,S01461,ADD,10,,partner_api_order
3384,2025-08-20,S01475,REDUCE,2,,partner_api_order
3385,2025-08-20,S02224,ADD,9,,partner_api_order
3386,2025-08-20,S02427,ADD,2,,partner_api_order
3387,2025-08-20,S02565,REDUCE,66,,contract_record
3388,2025-08-20,S03146,REDUCE,1,,partner_api_order
3389,2025-08-21,S00722,NEW,30,annual,partner_api_order
3390,2025-08-21,S01242,NEW,8,monthly,partner_api_order
3391,2025-08-21,S01763,NEW,18,monthly,partner_api_order
3392,2025-08-21,S02298,NEW,8,annual,partner_api_order
3393,2025-08-21,S04005,NEW,3,annual,partner_api_order
3394,2025-08-21,S00293,REDUCE,3,,partner_api_order
3395,2025-08-21,S02561,REDUCE,0,,partner_api_order
3396,2025-08-21,S03209,ADD,4,,partner_api_order
3397,2025-08-22,S00273,NEW,6,annual,partner_api_order
3398,2025-08-22,S00926,NEW,19,annual,partner_api_order
3399,2025-08-22,S01172,NEW,7,annual,partner_api_order
3400,2025-08-22,S02013,NEW,7,monthly,partner_api_order
3401,2025-08-22,S02876,NEW,7,monthly,partner_api_order
3402,2025-08-22,S03135,NEW,2,monthly,partner_api_order
3403,2025-08-22,S03352,NEW,6,annual,partner_api_order
3404,2025-08-22,S02072,CANCEL,0,,partner_api_order
3405,2025-08-22,S02608,REDUCE,17,,partner_api_order
3406,2025-08-22,S02774,REDUCE,2,,partner_api_order
3407,2025-08-22,S02779,ADD,14,,partner_api_order
3408,2025-08-22,S02817,REDUCE,3,,partner_api_order
3409,2025-08-23,S01468,NEW,20,monthly,partner_api_order
3410,2025-08-23,S01538,NEW,9,annual,partner_api_order
3411,2025-08-23,S02516,NEW,16,annual,partner_api_order
3412,2025-08-23,S03066,NEW,20,annual,partner_api_order
3413,2025-08-23,S03378,NEW,15,annual,partner_api_order
3414,2025-08-23,S03507,NEW,1,monthly,partner_api_order
3415,2025-08-23,S04148,NEW,13,annual,partner_api_order
3416,2025-08-23,S00673,ADD,140,,contract_record
3417,2025-08-23,S00799,ADD,8,,partner_api_order
3418,2025-08-23,S01061,ADD,13,,partner_api_order
3419,2025-08-23,S01090,ADD,18,,partner_api_order
3420,2025-08-23,S03138,ADD,7,,partner_api_order
3421,2025-08-23,S03604,REDUCE,5,,partner_api_order
3422,2025-08-24,S00925,NEW,23,annual,partner_api_order
3423,2025-08-24,S02113,NEW,3,annual,partner_api_order
3424,2025-08-24,S02410,NEW,4,annual,partner_api_order
3425,2025-08-24,S02422,NEW,20,monthly,partner_api_order
3426,2025-08-24,S02657,NEW,21,annual,partner_api_order
3427,2025-08-24,S02705,NEW,4,annual,partner_api_order
3428,2025-08-24,S02762,NEW,3,monthly,partner_api_order
3429,2025-08-24,S01121,ADD,22,,partner_api_order
3430,2025-08-25,S00312,NEW,4,monthly,partner_api_order
3431,2025-08-25,S00356,NEW,41,monthly,partner_api_order
3432,2025-08-25,S00907,NEW,3,annual,partner_api_order
3433,2025-08-25,S01199,NEW,15,monthly,partner_api_order
3434,2025-08-25,S01250,NEW,1,annual,partner_api_order
3435,2025-08-25,S01901,NEW,10,monthly,partner_api_order
3436,2025-08-25,S02649,NEW,6,monthly,partner_api_order
3437,2025-08-25,S03772,NEW,28,monthly,partner_api_order
3438,2025-08-25,S03880,NEW,5,annual,partner_api_order
3439,2025-08-25,S00150,REDUCE,1,,partner_api_order
3440,2025-08-25,S00845,ADD,10,,partner_api_order
3441,2025-08-25,S02516,REDUCE,6,,partner_api_order
3442,2025-08-25,S02892,REDUCE,26,,partner_api_order
3443,2025-08-25,S03722,CANCEL,0,,partner_api_order
3444,2025-08-25,S04081,CANCEL,0,,partner_api_order
3445,2025-08-25,S04317,CANCEL,0,,partner_api_order
3446,2025-08-26,S01441,NEW,11,monthly,partner_api_order
3447,2025-08-26,S02254,NEW,12,monthly,partner_api_order
3448,2025-08-26,S02272,NEW,4,monthly,partner_api_order
3449,2025-08-26,S02472,NEW,80,annual,partner_api_order
3450,2025-08-26,S02529,NEW,8,monthly,partner_api_order
3451,2025-08-26,S00370,CANCEL,0,,partner_api_order
3452,2025-08-26,S00624,REDUCE,12,,partner_api_order
3453,2025-08-26,S01338,ADD,28,,partner_api_order
3454,2025-08-26,S01348,ADD,3,,partner_api_order
3455,2025-08-26,S02055,REDUCE,26,,contract_record
3456,2025-08-26,S03711,REDUCE,4,,partner_api_order
3457,2025-08-27,S00434,NEW,2,monthly,partner_api_order
3458,2025-08-27,S00801,NEW,29,monthly,partner_api_order
3459,2025-08-27,S01222,NEW,16,monthly,partner_api_order
3460,2025-08-27,S01730,NEW,11,annual,partner_api_order
3461,2025-08-27,S01908,NEW,33,monthly,partner_api_order
3462,2025-08-27,S04040,NEW,5,annual,partner_api_order
3463,2025-08-27,S04066,NEW,12,monthly,partner_api_order
3464,2025-08-27,S04087,NEW,15,annual,partner_api_order
3465,2025-08-27,S04256,NEW,7,annual,partner_api_order
3466,2025-08-27,S00825,ADD,722,,contract_record
3467,2025-08-27,S00988,CANCEL,0,,partner_api_order
3468,2025-08-27,S02181,ADD,6,,partner_api_order
3469,2025-08-27,S04319,ADD,5,,partner_api_order
3470,2025-08-28,S00858,NEW,1,annual,partner_api_order
3471,2025-08-28,S00931,NEW,5,annual,partner_api_order
3472,2025-08-28,S02076,NEW,12,monthly,partner_api_order
3473,2025-08-28,S02229,NEW,5,annual,partner_api_order
3474,2025-08-28,S02580,NEW,14,monthly,partner_api_order
3475,2025-08-28,S02785,NEW,8,annual,partner_api_order
3476,2025-08-28,S03672,NEW,47,monthly,partner_api_order
3477,2025-08-28,S03761,NEW,7,annual,partner_api_order
3478,2025-08-28,S03936,NEW,14,monthly,partner_api_order
3479,2025-08-28,S00156,CANCEL,0,,partner_api_order
3480,2025-08-28,S00250,ADD,7,,partner_api_order
3481,2025-08-28,S00959,ADD,2,,partner_api_order
3482,2025-08-28,S01224,ADD,3,,partner_api_order
3483,2025-08-28,S02527,ADD,18,,partner_api_order
3484,2025-08-28,S03796,CANCEL,0,,partner_api_order
3485,2025-08-28,S03857,NEW,7,annual,partner_api_order
3486,2025-08-29,S00826,NEW,9,annual,partner_api_order
3487,2025-08-29,S00909,NEW,31,monthly,partner_api_order
3488,2025-08-29,S01105,NEW,5,monthly,partner_api_order
3489,2025-08-29,S01255,NEW,10,annual,partner_api_order
3490,2025-08-29,S01754,NEW,11,annual,partner_api_order
3491,2025-08-29,S02514,NEW,19,annual,partner_api_order
3492,2025-08-29,S03092,NEW,10,annual,partner_api_order
3493,2025-08-29,S03865,NEW,14,monthly,partner_api_order
3494,2025-08-29,S01487,CANCEL,0,,partner_api_order
3495,2025-08-29,S02047,ADD,5,,partner_api_order
3496,2025-08-29,S03135,REDUCE,1,,partner_api_order
3497,2025-08-29,S04182,REDUCE,5,,partner_api_order
3498,2025-08-30,S00234,NEW,8,annual,partner_api_order
3499,2025-08-30,S01206,NEW,2,monthly,partner_api_order
3500,2025-08-30,S02525,NEW,19,monthly,partner_api_order
3501,2025-08-30,S03169,NEW,6,monthly,partner_api_order
3502,2025-08-30,S00297,ADD,18,,partner_api_order
3503,2025-08-30,S01003,REDUCE,20,,partner_api_order
3504,2025-08-30,S01901,REDUCE,7,,partner_api_order
3505,2025-08-30,S02131,CANCEL,0,,contract_record
3506,2025-08-30,S03656,REDUCE,57,,contract_record
3507,2025-08-30,S04039,NEW,3,annual,partner_api_order
3508,2025-08-30,S04066,REDUCE,4,,partner_api_order
3509,2025-08-31,S00957,NEW,5,monthly,partner_api_order
3510,2025-08-31,S01009,NEW,80,annual,partner_api_order
3511,2025-08-31,S01377,NEW,11,monthly,partner_api_order
3512,2025-08-31,S03574,NEW,18,annual,partner_api_order
3513,2025-08-31,S00090,REDUCE,2,,partner_api_order
3514,2025-08-31,S00412,ADD,37,,partner_api_order
3515,2025-08-31,S01286,ADD,9,,partner_api_order
3516,2025-08-31,S02370,ADD,4,,partner_api_order
3517,2025-08-31,S02412,REDUCE,3,,partner_api_order
3518,2025-08-31,S02510,ADD,5,,partner_api_order
3519,2025-08-31,S03169,CANCEL,0,,partner_api_order
3520,2025-08-31,S04366,REDUCE,10,,partner_api_order
3521,2025-09-01,S01537,NEW,1,annual,partner_api_order
3522,2025-09-01,S01937,NEW,2,monthly,partner_api_order
3523,2025-09-01,S02428,NEW,2,annual,partner_api_order
3524,2025-09-01,S03753,NEW,3,monthly,partner_api_order
3525,2025-09-01,S00182,REDUCE,4,,partner_api_order
3526,2025-09-01,S00208,REDUCE,24,,partner_api_order
3527,2025-09-01,S00383,REDUCE,138,,contract_record
3528,2025-09-01,S02267,REDUCE,6,,partner_api_order
3529,2025-09-01,S02280,CANCEL,0,,partner_api_order
3530,2025-09-01,S02851,CANCEL,0,,partner_api_order
3531,2025-09-01,S03545,REDUCE,4,,partner_api_order
3532,2025-09-01,S03711,ADD,6,,partner_api_order
3533,2025-09-02,S00505,NEW,3,annual,partner_api_order
3534,2025-09-02,S00547,NEW,2,monthly,partner_api_order
3535,2025-09-02,S00911,NEW,23,monthly,partner_api_order
3536,2025-09-02,S01085,NEW,5,annual,partner_api_order
3537,2025-09-02,S01433,NEW,2,annual,partner_api_order
3538,2025-09-02,S02464,NEW,2,annual,partner_api_order
3539,2025-09-02,S02722,NEW,23,annual,partner_api_order
3540,2025-09-02,S02819,NEW,22,monthly,partner_api_order
3541,2025-09-02,S03172,NEW,25,monthly,partner_api_order
3542,2025-09-02,S01768,ADD,2,,partner_api_order
3543,2025-09-02,S02853,ADD,6,,partner_api_order
3544,2025-09-02,S03350,ADD,2,,partner_api_order
3545,2025-09-02,S04026,ADD,9,,partner_api_order
3546,2025-09-03,S00220,NEW,4,annual,partner_api_order
3547,2025-09-03,S01408,NEW,13,annual,partner_api_order
3548,2025-09-03,S01960,NEW,6,annual,partner_api_order
3549,2025-09-03,S02029,NEW,19,annual,partner_api_order
3550,2025-09-03,S02594,NEW,2,annual,partner_api_order
3551,2025-09-03,S00552,ADD,6,,partner_api_order
3552,2025-09-03,S01921,CANCEL,0,,partner_api_order
3553,2025-09-03,S02135,REDUCE,3,,partner_api_order
3554,2025-09-03,S02367,REDUCE,0,,partner_api_order
3555,2025-09-04,S00969,NEW,6,monthly,partner_api_order
3556,2025-09-04,S01894,NEW,40,annual,partner_api_order
3557,2025-09-04,S02371,NEW,24,monthly,partner_api_order
3558,2025-09-04,S01754,ADD,17,,partner_api_order
3559,2025-09-04,S02467,ADD,4,,partner_api_order
3560,2025-09-04,S03915,CANCEL,0,,partner_api_order
3561,2025-09-05,S00390,NEW,8,annual,partner_api_order
3562,2025-09-05,S00698,NEW,28,annual,partner_api_order
3563,2025-09-05,S01247,NEW,110,annual,contract_record
3564,2025-09-05,S01265,NEW,1,monthly,partner_api_order
3565,2025-09-05,S02136,NEW,12,annual,partner_api_order
3566,2025-09-05,S02180,NEW,6,monthly,partner_api_order
3567,2025-09-05,S02843,NEW,206,annual,contract_record
3568,2025-09-05,S00621,ADD,21,,partner_api_order
3569,2025-09-05,S01059,CANCEL,0,,partner_api_order
3570,2025-09-05,S02270,CANCEL,0,,partner_api_order
3571,2025-09-05,S02588,CANCEL,0,,partner_api_order
3572,2025-09-05,S02790,REDUCE,2,,partner_api_order
3573,2025-09-05,S03785,ADD,10,,partner_api_order
3574,2025-09-05,S04198,ADD,4,,partner_api_order
3575,2025-09-06,S03025,NEW,2,annual,partner_api_order
3576,2025-09-06,S00532,ADD,10,,partner_api_order
3577,2025-09-06,S02028,ADD,6,,partner_api_order
3578,2025-09-06,S02580,ADD,21,,partner_api_order
3579,2025-09-06,S03513,CANCEL,0,,partner_api_order
3580,2025-09-06,S03958,REDUCE,0,,partner_api_order
3581,2025-09-07,S00093,NEW,16,monthly,partner_api_order
3582,2025-09-07,S00317,NEW,9,annual,partner_api_order
3583,2025-09-07,S01744,NEW,24,annual,partner_api_order
3584,2025-09-07,S01828,NEW,3,monthly,partner_api_order
3585,2025-09-07,S01916,NEW,3,annual,partner_api_order
3586,2025-09-07,S02388,NEW,5,monthly,partner_api_order
3587,2025-09-07,S02931,NEW,6,annual,partner_api_order
3588,2025-09-07,S02975,NEW,21,monthly,partner_api_order
3589,2025-09-07,S03367,NEW,36,annual,partner_api_order
3590,2025-09-07,S03903,NEW,8,annual,partner_api_order
3591,2025-09-07,S04095,NEW,3,monthly,partner_api_order
3592,2025-09-07,S01498,ADD,12,,partner_api_order
3593,2025-09-07,S01588,ADD,10,,partner_api_order
3594,2025-09-07,S03562,REDUCE,5,,partner_api_order
3595,2025-09-07,S04013,REDUCE,1,,partner_api_order
3596,2025-09-07,S04387,REDUCE,18,,partner_api_order
3597,2025-09-08,S00715,NEW,16,annual,partner_api_order
3598,2025-09-08,S02435,NEW,51,annual,partner_api_order
3599,2025-09-08,S03285,NEW,4,monthly,partner_api_order
3600,2025-09-08,S03511,NEW,11,annual,partner_api_order
3601,2025-09-08,S04274,NEW,4,monthly,partner_api_order
3602,2025-09-08,S00176,REDUCE,3,,partner_api_order
3603,2025-09-08,S00583,REDUCE,6,,partner_api_order
3604,2025-09-08,S01121,ADD,26,,partner_api_order
3605,2025-09-08,S01730,REDUCE,5,,partner_api_order
3606,2025-09-08,S03129,ADD,4,,partner_api_order
3607,2025-09-09,S00386,NEW,18,annual,partner_api_order
3608,2025-09-09,S00689,NEW,21,annual,partner_api_order
3609,2025-09-09,S01807,NEW,7,annual,partner_api_order
3610,2025-09-09,S02605,NEW,7,annual,partner_api_order
3611,2025-09-09,S03480,NEW,15,annual,partner_api_order
3612,2025-09-09,S03832,NEW,9,monthly,partner_api_order
3613,2025-09-09,S02322,CANCEL,0,,partner_api_order
3614,2025-09-09,S02377,REDUCE,1,,partner_api_order
3615,2025-09-09,S02625,REDUCE,4,,partner_api_order
3616,2025-09-09,S03705,ADD,15,,partner_api_order
3617,2025-09-10,S02324,NEW,23,annual,partner_api_order
3618,2025-09-10,S03211,NEW,6,annual,partner_api_order
3619,2025-09-10,S04011,NEW,10,monthly,partner_api_order
3620,2025-09-10,S00730,ADD,13,,partner_api_order
3621,2025-09-10,S02004,REDUCE,181,,contract_record
3622,2025-09-10,S03224,REDUCE,28,,partner_api_order
3623,2025-09-10,S03657,REDUCE,4,,partner_api_order
3624,2025-09-10,S04087,ADD,22,,partner_api_order
3625,2025-09-10,S04291,REDUCE,9,,partner_api_order
3626,2025-09-11,S00439,NEW,6,annual,partner_api_order
3627,2025-09-11,S01918,NEW,2,annual,partner_api_order
3628,2025-09-11,S02378,NEW,3,monthly,partner_api_order
3629,2025-09-11,S02477,NEW,219,monthly,contract_record
3630,2025-09-11,S03456,NEW,7,annual,partner_api_order
3631,2025-09-11,S04058,NEW,5,annual,partner_api_order
3632,2025-09-11,S90084,ADD,13,,partner_api_order
3633,2025-09-11,S01900,ADD,9,,partner_api_order
3634,2025-09-11,S02070,REDUCE,8,,partner_api_order
3635,2025-09-11,S02617,CANCEL,0,,partner_api_order
3636,2025-09-11,S03415,ADD,8,,partner_api_order
3637,2025-09-11,S03552,ADD,6,,partner_api_order
3638,2025-09-11,S03781,CANCEL,0,,partner_api_order
3639,2025-09-12,S01154,NEW,48,monthly,partner_api_order
3640,2025-09-12,S03102,NEW,8,annual,partner_api_order
3641,2025-09-12,S03840,NEW,4,annual,partner_api_order
3642,2025-09-12,S00778,ADD,5,,partner_api_order
3643,2025-09-12,S01252,ADD,7,,partner_api_order
3644,2025-09-12,S01445,REDUCE,15,,partner_api_order
3645,2025-09-12,S01604,ADD,8,,partner_api_order
3646,2025-09-12,S01641,CANCEL,0,,partner_api_order
3647,2025-09-12,S02345,REDUCE,9,,partner_api_order
3648,2025-09-12,S02663,REDUCE,20,,partner_api_order
3649,2025-09-13,S00200,NEW,36,annual,partner_api_order
3650,2025-09-13,S00566,NEW,2,monthly,partner_api_order
3651,2025-09-13,S00647,NEW,6,annual,partner_api_order
3652,2025-09-13,S01036,NEW,4,annual,partner_api_order
3653,2025-09-13,S02125,NEW,9,monthly,partner_api_order
3654,2025-09-13,S02401,NEW,1,monthly,partner_api_order
3655,2025-09-13,S01465,CANCEL,0,,contract_record
3656,2025-09-13,S01807,ADD,9,,partner_api_order
3657,2025-09-13,S03352,REDUCE,5,,partner_api_order
3658,2025-09-14,S00398,NEW,64,annual,partner_api_order
3659,2025-09-14,S01663,NEW,53,monthly,partner_api_order
3660,2025-09-14,S02038,NEW,6,monthly,partner_api_order
3661,2025-09-14,S02279,NEW,19,annual,partner_api_order
3662,2025-09-14,S02328,NEW,5,annual,partner_api_order
3663,2025-09-14,S02436,NEW,186,annual,contract_record
3664,2025-09-14,S03011,NEW,2,monthly,partner_api_order
3665,2025-09-14,S03366,NEW,9,annual,partner_api_order
3666,2025-09-14,S03783,NEW,9,annual,partner_api_order
3667,2025-09-14,S04259,NEW,2,monthly,partner_api_order
3668,2025-09-14,S00130,ADD,21,,partner_api_order
3669,2025-09-14,S01247,CANCEL,0,,contract_record
3670,2025-09-14,S01480,REDUCE,6,,partner_api_order
3671,2025-09-14,S01949,CANCEL,0,,partner_api_order
3672,2025-09-14,S03102,ADD,11,,partner_api_order
3673,2025-09-14,S03541,ADD,118,,contract_record
3674,2025-09-15,S00893,NEW,6,monthly,partner_api_order
3675,2025-09-15,S01343,NEW,10,monthly,partner_api_order
3676,2025-09-15,S01517,NEW,4,annual,partner_api_order
3677,2025-09-15,S04201,NEW,8,annual,partner_api_order
3678,2025-09-15,S00521,ADD,11,,partner_api_order
3679,2025-09-15,S01010,REDUCE,3,,partner_api_order
3680,2025-09-16,S00464,NEW,269,annual,contract_record
3681,2025-09-16,S03558,NEW,2,annual,partner_api_order
3682,2025-09-16,S01281,ADD,19,,partner_api_order
3683,2025-09-16,S01447,REDUCE,24,,partner_api_order
3684,2025-09-16,S01495,ADD,23,,partner_api_order
3685,2025-09-16,S02409,REDUCE,9,,partner_api_order
3686,2025-09-16,S04171,ADD,2,,partner_api_order
3687,2025-09-17,S02767,NEW,7,annual,partner_api_order
3688,2025-09-17,S02792,NEW,8,annual,partner_api_order
3689,2025-09-17,S03309,NEW,8,monthly,partner_api_order
3690,2025-09-17,S03653,NEW,2,monthly,partner_api_order
3691,2025-09-17,S00120,CANCEL,0,,partner_api_order
3692,2025-09-18,S00275,NEW,1,annual,partner_api_order
3693,2025-09-18,S00970,NEW,5,monthly,partner_api_order
3694,2025-09-18,S01551,NEW,7,annual,partner_api_order
3695,2025-09-18,S01599,NEW,10,monthly,partner_api_order
3696,2025-09-18,S01646,NEW,1,monthly,partner_api_order
3697,2025-09-18,S02350,NEW,7,annual,partner_api_order
3698,2025-09-18,S02531,NEW,3,annual,partner_api_order
3699,2025-09-18,S02744,NEW,80,monthly,partner_api_order
3700,2025-09-18,S03187,NEW,8,monthly,partner_api_order
3701,2025-09-18,S03613,NEW,16,monthly,partner_api_order
3702,2025-09-18,S03684,NEW,6,annual,partner_api_order
3703,2025-09-18,S03749,NEW,11,monthly,partner_api_order
3704,2025-09-18,S02132,REDUCE,6,,partner_api_order
3705,2025-09-18,S04348,ADD,22,,partner_api_order
3706,2025-09-19,S00914,NEW,8,monthly,partner_api_order
3707,2025-09-19,S01211,NEW,26,monthly,partner_api_order
3708,2025-09-19,S02521,NEW,14,annual,partner_api_order
3709,2025-09-19,S03488,NEW,23,annual,partner_api_order
3710,2025-09-19,S00813,REDUCE,14,,partner_api_order
3711,2025-09-19,S00858,ADD,2,,partner_api_order
3712,2025-09-19,S03632,ADD,6,,partner_api_order
3713,2025-09-20,S00002,NEW,8,annual,partner_api_order
3714,2025-09-20,S00394,NEW,6,annual,partner_api_order
3715,2025-09-20,S00712,NEW,18,annual,partner_api_order
3716,2025-09-20,S00881,NEW,6,annual,partner_api_order
3717,2025-09-20,S01584,NEW,3,monthly,partner_api_order
3718,2025-09-20,S02667,NEW,5,monthly,partner_api_order
3719,2025-09-20,S02712,NEW,8,monthly,partner_api_order
3720,2025-09-20,S02777,NEW,4,annual,partner_api_order
3721,2025-09-20,S02834,NEW,248,monthly,contract_record
3722,2025-09-20,S02928,NEW,143,monthly,contract_record
3723,2025-09-20,S03241,NEW,1,annual,partner_api_order
3724,2025-09-20,S03719,NEW,44,monthly,partner_api_order
3725,2025-09-20,S02224,REDUCE,4,,partner_api_order
3726,2025-09-20,S02243,CANCEL,0,,partner_api_order
3727,2025-09-20,S02566,ADD,5,,partner_api_order
3728,2025-09-21,S00525,NEW,13,monthly,partner_api_order
3729,2025-09-21,S02811,NEW,3,monthly,partner_api_order
3730,2025-09-21,S03509,NEW,19,monthly,partner_api_order
3731,2025-09-21,S03546,NEW,3,monthly,partner_api_order
3732,2025-09-21,S00250,REDUCE,4,,partner_api_order
3733,2025-09-21,S00317,ADD,13,,partner_api_order
3734,2025-09-21,S00784,CANCEL,0,,partner_api_order
3735,2025-09-21,S00943,CANCEL,0,,partner_api_order
3736,2025-09-21,S01104,ADD,16,,partner_api_order
3737,2025-09-21,S01379,ADD,9,,partner_api_order
3738,2025-09-21,S01553,ADD,9,,partner_api_order
3739,2025-09-22,S00365,NEW,9,annual,partner_api_order
3740,2025-09-22,S01118,NEW,50,monthly,partner_api_order
3741,2025-09-22,S02094,NEW,40,annual,partner_api_order
3742,2025-09-22,S02429,NEW,6,annual,partner_api_order
3743,2025-09-22,S03547,NEW,452,monthly,contract_record
3744,2025-09-22,S03695,NEW,4,monthly,partner_api_order
3745,2025-09-22,S03792,NEW,5,annual,partner_api_order
3746,2025-09-22,S01204,ADD,53,,partner_api_order
3747,2025-09-22,S01258,REDUCE,6,,partner_api_order
3748,2025-09-22,S01987,CANCEL,0,,partner_api_order
3749,2025-09-22,S02035,REDUCE,2,,partner_api_order
3750,2025-09-22,S02142,ADD,329,,contract_record
3751,2025-09-22,S02573,ADD,145,,contract_record
3752,2025-09-22,S02602,REDUCE,3,,partner_api_order
3753,2025-09-22,S03309,CANCEL,0,,partner_api_order
3754,2025-09-22,S03524,ADD,14,,partner_api_order
3755,2025-09-22,S03698,ADD,8,,partner_api_order
3756,2025-09-22,S03819,ADD,21,,partner_api_order
3757,2025-09-22,S04315,REDUCE,2,,partner_api_order
3758,2025-09-23,S00529,NEW,5,annual,partner_api_order
3759,2025-09-23,S02442,NEW,15,annual,partner_api_order
3760,2025-09-23,S02633,NEW,27,annual,partner_api_order
3761,2025-09-23,S03109,NEW,5,annual,partner_api_order
3762,2025-09-23,S01915,ADD,3,,partner_api_order
3763,2025-09-23,S02199,ADD,2,,partner_api_order
3764,2025-09-23,S02594,ADD,3,,partner_api_order
3765,2025-09-23,S03064,CANCEL,0,,partner_api_order
3766,2025-09-23,S03634,ADD,7,,partner_api_order
3767,2025-09-23,S04390,REDUCE,19,,partner_api_order
3768,2025-09-24,S01890,NEW,5,annual,partner_api_order
3769,2025-09-24,S01931,NEW,10,monthly,partner_api_order
3770,2025-09-24,S02441,NEW,3,monthly,partner_api_order
3771,2025-09-24,S03446,NEW,13,annual,partner_api_order
3772,2025-09-24,S04151,NEW,3,annual,partner_api_order
3773,2025-09-24,S04269,NEW,6,monthly,partner_api_order
3774,2025-09-24,S00144,CANCEL,0,,partner_api_order
3775,2025-09-24,S00821,REDUCE,4,,partner_api_order
3776,2025-09-24,S03606,ADD,27,,partner_api_order
3777,2025-09-25,S00034,NEW,6,annual,partner_api_order
3778,2025-09-25,S02948,NEW,27,annual,partner_api_order
3779,2025-09-25,S03413,NEW,14,monthly,partner_api_order
3780,2025-09-25,S03674,NEW,8,monthly,partner_api_order
3781,2025-09-25,S03849,NEW,10,monthly,partner_api_order
3782,2025-09-25,S04340,NEW,6,monthly,partner_api_order
3783,2025-09-25,S00200,ADD,51,,partner_api_order
3784,2025-09-25,S00931,CANCEL,0,,partner_api_order
3785,2025-09-25,S01433,REDUCE,1,,partner_api_order
3786,2025-09-25,S02681,ADD,207,,contract_record
3787,2025-09-25,S03933,ADD,5,,partner_api_order
3788,2025-09-25,S04016,ADD,7,,partner_api_order
3789,2025-09-26,S00958,NEW,3,annual,partner_api_order
3790,2025-09-26,S01665,NEW,6,annual,partner_api_order
3791,2025-09-26,S02143,NEW,138,annual,contract_record
3792,2025-09-26,S02919,NEW,11,annual,partner_api_order
3793,2025-09-26,S03344,NEW,5,monthly,partner_api_order
3794,2025-09-26,S03472,NEW,13,monthly,partner_api_order
3795,2025-09-26,S01764,ADD,6,,partner_api_order
3796,2025-09-27,S00425,NEW,4,annual,partner_api_order
3797,2025-09-27,S01774,NEW,15,annual,partner_api_order
3798,2025-09-27,S02250,NEW,18,monthly,partner_api_order
3799,2025-09-27,S02836,NEW,27,annual,partner_api_order
3800,2025-09-27,S03247,NEW,510,annual,contract_record
3801,2025-09-27,S03518,NEW,16,monthly,partner_api_order
3802,2025-09-27,S03775,NEW,9,monthly,partner_api_order
3803,2025-09-27,S01638,ADD,22,,partner_api_order
3804,2025-09-27,S01998,ADD,4,,partner_api_order
3805,2025-09-27,S02427,CANCEL,0,,partner_api_order
3806,2025-09-27,S03087,REDUCE,4,,partner_api_order
3807,2025-09-27,S04395,CANCEL,0,,partner_api_order
3808,2025-09-28,S01006,NEW,13,annual,partner_api_order
3809,2025-09-28,S01111,NEW,4,annual,partner_api_order
3810,2025-09-28,S01839,NEW,13,monthly,partner_api_order
3811,2025-09-28,S02692,NEW,9,annual,partner_api_order
3812,2025-09-28,S03137,NEW,25,annual,partner_api_order
3813,2025-09-28,S01279,ADD,19,,partner_api_order
3814,2025-09-28,S01399,ADD,6,,partner_api_order
3815,2025-09-28,S01428,CANCEL,0,,partner_api_order
3816,2025-09-28,S01931,ADD,10,,partner_api_order
3817,2025-09-28,S02250,CANCEL,0,,partner_api_order
3818,2025-09-28,S02836,ADD,27,,partner_api_order
3819,2025-09-28,S03425,REDUCE,5,,partner_api_order
3820,2025-09-28,S03784,ADD,95,,partner_api_order
3821,2025-09-29,S01803,NEW,5,monthly,partner_api_order
3822,2025-09-29,S02746,NEW,225,annual,contract_record
3823,2025-09-29,S03690,NEW,8,monthly,partner_api_order
3824,2025-09-29,S04178,NEW,13,annual,partner_api_order
3825,2025-09-29,S00643,REDUCE,3,,partner_api_order
3826,2025-09-29,S01234,REDUCE,9,,partner_api_order
3827,2025-09-29,S02666,ADD,28,,partner_api_order
3828,2025-09-29,S02817,ADD,5,,partner_api_order
3829,2025-09-30,S01696,NEW,12,monthly,partner_api_order
3830,2025-09-30,S01948,NEW,22,annual,partner_api_order
3831,2025-09-30,S03600,NEW,4,monthly,partner_api_order
3832,2025-09-30,S01352,REDUCE,2,,partner_api_order
3833,2025-09-30,S01890,ADD,5,,partner_api_order
3834,2025-09-30,S01941,REDUCE,2,,partner_api_order
3835,2025-09-30,S02113,ADD,5,,partner_api_order
3836,2025-09-30,S03235,REDUCE,12,,partner_api_order
3837,2025-09-30,S03477,ADD,5,,partner_api_order
3838,2025-09-30,S03489,ADD,28,,partner_api_order
3839,2025-10-01,S00270,NEW,173,annual,contract_record
3840,2025-10-01,S00628,NEW,12,annual,partner_api_order
3841,2025-10-01,S00807,NEW,3,annual,partner_api_order
3842,2025-10-01,S01403,NEW,21,annual,partner_api_order
3843,2025-10-01,S02122,NEW,12,annual,partner_api_order
3844,2025-10-01,S02509,NEW,10,monthly,partner_api_order
3845,2025-10-01,S03458,NEW,17,annual,partner_api_order
3846,2025-10-01,S03636,NEW,12,annual,partner_api_order
3847,2025-10-01,S03760,NEW,16,annual,partner_api_order
3848,2025-10-01,S03820,NEW,9,monthly,partner_api_order
3849,2025-10-01,S03938,NEW,11,annual,partner_api_order
3850,2025-10-01,S04268,NEW,10,monthly,partner_api_order
3851,2025-10-01,S00116,ADD,8,,partner_api_order
3852,2025-10-01,S00171,ADD,16,,partner_api_order
3853,2025-10-02,S00037,NEW,17,monthly,partner_api_order
3854,2025-10-02,S01508,NEW,11,monthly,partner_api_order
3855,2025-10-02,S01973,NEW,12,annual,partner_api_order
3856,2025-10-02,S02570,NEW,140,monthly,contract_record
3857,2025-10-02,S02718,NEW,8,monthly,partner_api_order
3858,2025-10-02,S03428,NEW,12,annual,partner_api_order
3859,2025-10-02,S03637,NEW,16,annual,partner_api_order
3860,2025-10-02,S03681,NEW,11,annual,partner_api_order
3861,2025-10-02,S01104,REDUCE,14,,partner_api_order
3862,2025-10-02,S02300,ADD,41,,partner_api_order
3863,2025-10-02,S03035,ADD,32,,partner_api_order
3864,2025-10-02,S03359,CANCEL,0,,partner_api_order
3865,2025-10-02,S03864,ADD,5,,partner_api_order
3866,2025-10-03,S01383,NEW,30,monthly,partner_api_order
3867,2025-10-03,S01519,NEW,6,annual,partner_api_order
3868,2025-10-03,S02589,NEW,21,annual,partner_api_order
3869,2025-10-03,S02833,NEW,2,monthly,partner_api_order
3870,2025-10-03,S04047,NEW,7,monthly,partner_api_order
3871,2025-10-03,S00070,ADD,9,,partner_api_order
3872,2025-10-03,S00368,ADD,52,,partner_api_order
3873,2025-10-03,S00505,ADD,4,,partner_api_order
3874,2025-10-03,S00713,ADD,23,,partner_api_order
3875,2025-10-03,S01149,ADD,31,,partner_api_order
3876,2025-10-03,S01902,ADD,7,,partner_api_order
3877,2025-10-03,S01918,ADD,3,,partner_api_order
3878,2025-10-03,S02493,ADD,2,,partner_api_order
3879,2025-10-03,S02559,REDUCE,7,,partner_api_order
3880,2025-10-03,S02935,ADD,6,,partner_api_order
3881,2025-10-03,S03472,ADD,19,,partner_api_order
3882,2025-10-03,S03688,REDUCE,10,,partner_api_order
3883,2025-10-04,S02563,NEW,9,annual,partner_api_order
3884,2025-10-04,S02782,NEW,12,annual,partner_api_order
3885,2025-10-04,S03615,NEW,242,annual,contract_record
3886,2025-10-04,S00929,ADD,5,,partner_api_order
3887,2025-10-04,S01252,CANCEL,0,,partner_api_order
3888,2025-10-04,S01289,REDUCE,7,,partner_api_order
3889,2025-10-04,S01553,REDUCE,7,,partner_api_order
3890,2025-10-04,S02328,REDUCE,2,,partner_api_order
3891,2025-10-04,S02370,ADD,6,,partner_api_order
3892,2025-10-04,S02721,CANCEL,0,,partner_api_order
3893,2025-10-04,S04231,ADD,13,,partner_api_order
3894,2025-10-05,S00233,NEW,16,monthly,partner_api_order
3895,2025-10-05,S00313,NEW,70,annual,partner_api_order
3896,2025-10-05,S00499,NEW,12,annual,partner_api_order
3897,2025-10-05,S02178,NEW,1,annual,partner_api_order
3898,2025-10-05,S01751,ADD,2,,partner_api_order
3899,2025-10-05,S03141,REDUCE,0,,partner_api_order
3900,2025-10-05,S03488,REDUCE,20,,partner_api_order
3901,2025-10-06,S00364,NEW,2,annual,partner_api_order
3902,2025-10-06,S00480,NEW,35,monthly,partner_api_order
3903,2025-10-06,S00638,NEW,3,annual,partner_api_order
3904,2025-10-06,S01288,NEW,17,annual,partner_api_order
3905,2025-10-06,S01310,NEW,1,annual,partner_api_order
3906,2025-10-06,S02743,NEW,2,monthly,partner_api_order
3907,2025-10-06,S01240,ADD,12,,partner_api_order
3908,2025-10-06,S02592,CANCEL,0,,partner_api_order
3909,2025-10-06,S02645,REDUCE,3,,partner_api_order
3910,2025-10-06,S02694,ADD,3,,partner_api_order
3911,2025-10-06,S02846,ADD,12,,partner_api_order
3912,2025-10-06,S03751,CANCEL,0,,partner_api_order
3913,2025-10-07,S00862,NEW,4,annual,partner_api_order
3914,2025-10-07,S01701,NEW,237,monthly,contract_record
3915,2025-10-07,S01847,NEW,5,annual,partner_api_order
3916,2025-10-07,S02106,NEW,6,annual,partner_api_order
3917,2025-10-07,S02544,NEW,2,annual,partner_api_order
3918,2025-10-07,S03130,NEW,263,monthly,contract_record
3919,2025-10-07,S04221,NEW,32,annual,partner_api_order
3920,2025-10-07,S00521,REDUCE,7,,partner_api_order
3921,2025-10-07,S00710,CANCEL,0,,contract_record
3922,2025-10-07,S00981,REDUCE,4,,partner_api_order
3923,2025-10-07,S01121,ADD,37,,partner_api_order
3924,2025-10-07,S01699,CANCEL,0,,partner_api_order
3925,2025-10-07,S02020,ADD,18,,partner_api_order
3926,2025-10-07,S03220,ADD,10,,partner_api_order
3927,2025-10-07,S03455,ADD,10,,partner_api_order
3928,2025-10-08,S00478,NEW,5,annual,partner_api_order
3929,2025-10-08,S01075,NEW,9,monthly,partner_api_order
3930,2025-10-08,S01715,NEW,30,monthly,partner_api_order
3931,2025-10-08,S03420,NEW,8,monthly,partner_api_order
3932,2025-10-08,S01034,CANCEL,0,,partner_api_order
3933,2025-10-08,S02344,ADD,4,,partner_api_order
3934,2025-10-08,S03072,CANCEL,0,,partner_api_order
3935,2025-10-08,S03428,ADD,13,,partner_api_order
3936,2025-10-08,S03463,REDUCE,9,,partner_api_order
3937,2025-10-09,S01207,NEW,9,monthly,partner_api_order
3938,2025-10-09,S01654,NEW,2,monthly,partner_api_order
3939,2025-10-09,S01721,NEW,9,monthly,partner_api_order
3940,2025-10-09,S01870,NEW,4,annual,partner_api_order
3941,2025-10-09,S03012,NEW,4,annual,partner_api_order
3942,2025-10-09,S03192,NEW,6,annual,partner_api_order
3943,2025-10-09,S00090,ADD,2,,partner_api_order
3944,2025-10-09,S01818,REDUCE,6,,partner_api_order
3945,2025-10-09,S03826,REDUCE,16,,partner_api_order
3946,2025-10-09,S04254,ADD,5,,partner_api_order
3947,2025-10-10,S02716,NEW,10,annual,partner_api_order
3948,2025-10-10,S04330,NEW,7,annual,partner_api_order
3949,2025-10-10,S01892,CANCEL,0,,partner_api_order
3950,2025-10-10,S02027,ADD,9,,partner_api_order
3951,2025-10-10,S02147,REDUCE,7,,partner_api_order
3952,2025-10-10,S03504,ADD,6,,partner_api_order
3953,2025-10-11,S00314,NEW,3,annual,partner_api_order
3954,2025-10-11,S01766,NEW,8,annual,partner_api_order
3955,2025-10-11,S03693,NEW,17,monthly,partner_api_order
3956,2025-10-11,S01062,REDUCE,9,,partner_api_order
3957,2025-10-11,S01164,ADD,4,,partner_api_order
3958,2025-10-11,S01716,ADD,30,,partner_api_order
3959,2025-10-11,S02231,ADD,7,,partner_api_order
3960,2025-10-11,S02629,ADD,34,,partner_api_order
3961,2025-10-11,S03334,REDUCE,16,,partner_api_order
3962,2025-10-11,S04068,CANCEL,0,,partner_api_order
3963,2025-10-12,S00780,NEW,8,annual,partner_api_order
3964,2025-10-12,S01812,NEW,3,monthly,partner_api_order
3965,2025-10-12,S02484,NEW,6,annual,partner_api_order
3966,2025-10-12,S03091,NEW,8,annual,partner_api_order
3967,2025-10-12,S90201,ADD,12,,partner_api_order
3968,2025-10-12,S00719,REDUCE,2,,partner_api_order
3969,2025-10-12,S01432,ADD,4,,partner_api_order
3970,2025-10-12,S02831,REDUCE,0,,partner_api_order
3971,2025-10-12,S03006,ADD,25,,partner_api_order
3972,2025-10-12,S03273,REDUCE,4,,partner_api_order
3973,2025-10-13,S01503,NEW,4,annual,partner_api_order
3974,2025-10-13,S02432,NEW,20,monthly,partner_api_order
3975,2025-10-13,S02787,NEW,1,monthly,partner_api_order
3976,2025-10-13,S02998,NEW,2,monthly,partner_api_order
3977,2025-10-13,S03618,NEW,2,annual,partner_api_order
3978,2025-10-13,S03659,NEW,19,monthly,partner_api_order
3979,2025-10-13,S01701,REDUCE,189,,contract_record
3980,2025-10-13,S02236,REDUCE,7,,partner_api_order
3981,2025-10-14,S00306,NEW,3,annual,partner_api_order
3982,2025-10-14,S00918,NEW,9,annual,partner_api_order
3983,2025-10-14,S01311,NEW,5,monthly,partner_api_order
3984,2025-10-14,S01496,NEW,20,annual,partner_api_order
3985,2025-10-14,S02097,NEW,5,monthly,partner_api_order
3986,2025-10-14,S02189,NEW,7,annual,partner_api_order
3987,2025-10-14,S02305,NEW,26,annual,partner_api_order
3988,2025-10-14,S02347,NEW,6,monthly,partner_api_order
3989,2025-10-14,S02600,NEW,6,monthly,partner_api_order
3990,2025-10-14,S03501,NEW,3,monthly,partner_api_order
3991,2025-10-14,S03602,NEW,26,annual,partner_api_order
3992,2025-10-14,S00828,ADD,120,,partner_api_order
3993,2025-10-14,S02029,ADD,29,,partner_api_order
3994,2025-10-14,S02946,REDUCE,6,,partner_api_order
3995,2025-10-14,S03340,ADD,14,,partner_api_order
3996,2025-10-15,S00066,NEW,17,monthly,partner_api_order
3997,2025-10-15,S01451,NEW,2,monthly,partner_api_order
3998,2025-10-15,S03525,NEW,8,monthly,partner_api_order
3999,2025-10-15,S03569,NEW,35,annual,partner_api_order
4000,2025-10-15,S03953,NEW,3,monthly,partner_api_order
4001,2025-10-15,S00752,ADD,2,,partner_api_order
4002,2025-10-15,S00958,ADD,5,,partner_api_order
4003,2025-10-15,S01075,ADD,11,,partner_api_order
4004,2025-10-15,S03308,REDUCE,8,,partner_api_order
4005,2025-10-15,S03458,REDUCE,8,,partner_api_order
4006,2025-10-15,S03545,REDUCE,1,,partner_api_order
4007,2025-10-15,S03697,REDUCE,3,,partner_api_order
4008,2025-10-15,S04099,ADD,7,,partner_api_order
4009,2025-10-16,S00403,NEW,3,monthly,partner_api_order
4010,2025-10-16,S01711,NEW,13,monthly,partner_api_order
4011,2025-10-16,S02893,NEW,10,monthly,partner_api_order
4012,2025-10-16,S03533,NEW,10,annual,partner_api_order
4013,2025-10-16,S00020,ADD,9,,partner_api_order
4014,2025-10-16,S01370,ADD,38,,partner_api_order
4015,2025-10-16,S01895,REDUCE,15,,partner_api_order
4016,2025-10-16,S02482,CANCEL,0,,partner_api_order
4017,2025-10-16,S02604,REDUCE,4,,partner_api_order
4018,2025-10-16,S03890,ADD,7,,partner_api_order
4019,2025-10-16,S04342,REDUCE,4,,partner_api_order
4020,2025-10-17,S00426,NEW,8,monthly,partner_api_order
4021,2025-10-17,S00534,NEW,6,annual,partner_api_order
4022,2025-10-17,S00724,NEW,15,monthly,partner_api_order
4023,2025-10-17,S01139,NEW,4,annual,partner_api_order
4024,2025-10-17,S01759,NEW,8,annual,partner_api_order
4025,2025-10-17,S02349,NEW,135,annual,contract_record
4026,2025-10-17,S02726,NEW,3,monthly,partner_api_order
4027,2025-10-17,S04357,NEW,17,monthly,partner_api_order
4028,2025-10-17,S02153,ADD,24,,partner_api_order
4029,2025-10-17,S02888,ADD,33,,partner_api_order
4030,2025-10-17,S03075,REDUCE,3,,partner_api_order
4031,2025-10-17,S03409,REDUCE,3,,partner_api_order
4032,2025-10-17,S03844,ADD,98,,contract_record
4033,2025-10-17,S03874,CANCEL,0,,partner_api_order
4034,2025-10-18,S00410,NEW,36,monthly,partner_api_order
4035,2025-10-18,S00562,NEW,1,monthly,partner_api_order
4036,2025-10-18,S01412,NEW,21,monthly,partner_api_order
4037,2025-10-18,S01476,NEW,4,annual,partner_api_order
4038,2025-10-18,S02454,NEW,56,monthly,partner_api_order
4039,2025-10-18,S02478,NEW,12,annual,partner_api_order
4040,2025-10-18,S01602,ADD,8,,partner_api_order
4041,2025-10-19,S00802,NEW,17,monthly,partner_api_order
4042,2025-10-19,S02227,NEW,22,annual,partner_api_order
4043,2025-10-19,S03439,NEW,8,annual,partner_api_order
4044,2025-10-19,S03916,NEW,37,annual,partner_api_order
4045,2025-10-19,S00717,CANCEL,0,,partner_api_order
4046,2025-10-19,S01412,REDUCE,16,,partner_api_order
4047,2025-10-19,S01464,REDUCE,3,,partner_api_order
4048,2025-10-19,S02329,REDUCE,2,,partner_api_order
4049,2025-10-19,S02367,CANCEL,0,,partner_api_order
4050,2025-10-19,S04262,CANCEL,0,,partner_api_order
4051,2025-10-20,S00082,NEW,7,annual,partner_api_order
4052,2025-10-20,S00226,NEW,12,monthly,partner_api_order
4053,2025-10-20,S00428,NEW,11,monthly,partner_api_order
4054,2025-10-20,S01634,NEW,4,annual,partner_api_order
4055,2025-10-20,S01853,NEW,10,annual,partner_api_order
4056,2025-10-20,S02297,NEW,3,annual,partner_api_order
4057,2025-10-20,S02505,NEW,203,annual,contract_record
4058,2025-10-20,S00027,ADD,8,,partner_api_order
4059,2025-10-20,S01186,REDUCE,10,,partner_api_order
4060,2025-10-20,S01210,CANCEL,0,,partner_api_order
4061,2025-10-20,S02313,ADD,8,,partner_api_order
4062,2025-10-20,S02525,ADD,26,,partner_api_order
4063,2025-10-20,S02613,REDUCE,5,,partner_api_order
4064,2025-10-20,S03103,ADD,6,,partner_api_order
4065,2025-10-21,S00215,NEW,13,monthly,partner_api_order
4066,2025-10-21,S01640,NEW,3,annual,partner_api_order
4067,2025-10-21,S03310,NEW,4,annual,partner_api_order
4068,2025-10-21,S03709,NEW,3,annual,partner_api_order
4069,2025-10-21,S04164,NEW,10,annual,partner_api_order
4070,2025-10-21,S01442,REDUCE,6,,partner_api_order
4071,2025-10-21,S04327,ADD,14,,partner_api_order
4072,2025-10-22,S02918,NEW,5,monthly,partner_api_order
4073,2025-10-22,S03535,NEW,4,monthly,partner_api_order
4074,2025-10-22,S00190,ADD,12,,partner_api_order
4075,2025-10-22,S00519,ADD,45,,partner_api_order
4076,2025-10-22,S01634,ADD,4,,partner_api_order
4077,2025-10-22,S02034,ADD,12,,partner_api_order
4078,2025-10-22,S02381,CANCEL,0,,partner_api_order
4079,2025-10-22,S02515,ADD,5,,partner_api_order
4080,2025-10-22,S02557,REDUCE,7,,partner_api_order
4081,2025-10-23,S02404,NEW,30,annual,partner_api_order
4082,2025-10-23,S02593,NEW,3,annual,partner_api_order
4083,2025-10-23,S00593,ADD,12,,partner_api_order
4084,2025-10-23,S00925,REDUCE,14,,partner_api_order
4085,2025-10-23,S01511,REDUCE,10,,partner_api_order
4086,2025-10-23,S01569,ADD,10,,partner_api_order
4087,2025-10-24,S00094,NEW,6,annual,partner_api_order
4088,2025-10-24,S00363,NEW,13,monthly,partner_api_order
4089,2025-10-24,S00549,NEW,1,annual,partner_api_order
4090,2025-10-24,S01000,NEW,1,annual,partner_api_order
4091,2025-10-24,S01394,NEW,3,annual,partner_api_order
4092,2025-10-24,S01858,NEW,15,monthly,partner_api_order
4093,2025-10-24,S03597,NEW,364,annual,contract_record
4094,2025-10-24,S03976,NEW,3,annual,partner_api_order
4095,2025-10-24,S03994,NEW,3,monthly,partner_api_order
4096,2025-10-24,S00284,ADD,15,,partner_api_order
4097,2025-10-24,S01962,NEW,19,annual,partner_api_order
4098,2025-10-24,S02324,REDUCE,9,,partner_api_order
4099,2025-10-24,S02386,REDUCE,1,,partner_api_order
4100,2025-10-24,S02428,ADD,3,,partner_api_order
4101,2025-10-24,S02552,ADD,2,,partner_api_order
4102,2025-10-25,S00084,NEW,12,monthly,partner_api_order
4103,2025-10-25,S00424,NEW,10,annual,partner_api_order
4104,2025-10-25,S00677,NEW,12,monthly,partner_api_order
4105,2025-10-25,S02251,NEW,8,monthly,partner_api_order
4106,2025-10-25,S02259,NEW,5,annual,partner_api_order
4107,2025-10-25,S03362,NEW,3,annual,partner_api_order
4108,2025-10-25,S03641,NEW,10,monthly,partner_api_order
4109,2025-10-25,S04251,NEW,6,annual,partner_api_order
4110,2025-10-25,S01082,ADD,52,,partner_api_order
4111,2025-10-25,S02377,ADD,1,,partner_api_order
4112,2025-10-25,S03773,REDUCE,10,,partner_api_order
4113,2025-10-26,S00819,NEW,9,annual,partner_api_order
4114,2025-10-26,S01864,NEW,19,annual,partner_api_order
4115,2025-10-26,S02045,NEW,75,annual,contract_record
4116,2025-10-26,S02450,NEW,13,annual,partner_api_order
4117,2025-10-26,S02693,NEW,42,annual,partner_api_order
4118,2025-10-26,S04329,NEW,38,monthly,partner_api_order
4119,2025-10-26,S00898,ADD,25,,partner_api_order
4120,2025-10-26,S02923,ADD,11,,partner_api_order
4121,2025-10-26,S03719,ADD,69,,partner_api_order
4122,2025-10-26,S04175,ADD,19,,partner_api_order
4123,2025-10-27,S00933,NEW,16,annual,partner_api_order
4124,2025-10-27,S02248,NEW,4,annual,partner_api_order
4125,2025-10-27,S02809,NEW,20,annual,partner_api_order
4126,2025-10-27,S00126,ADD,5,,partner_api_order
4127,2025-10-27,S00698,ADD,42,,partner_api_order
4128,2025-10-27,S01048,CANCEL,0,,partner_api_order
4129,2025-10-27,S90075,REDUCE,15,,partner_api_order
4130,2025-10-27,S02586,ADD,8,,partner_api_order
4131,2025-10-28,S00008,NEW,10,annual,partner_api_order
4132,2025-10-28,S00420,NEW,5,monthly,partner_api_order
4133,2025-10-28,S00482,NEW,16,annual,partner_api_order
4134,2025-10-28,S01308,NEW,4,annual,partner_api_order
4135,2025-10-28,S03203,NEW,5,annual,partner_api_order
4136,2025-10-28,S03452,NEW,21,annual,partner_api_order
4137,2025-10-28,S03578,NEW,12,annual,partner_api_order
4138,2025-10-28,S00051,CANCEL,0,,partner_api_order
4139,2025-10-28,S00094,ADD,8,,partner_api_order
4140,2025-10-28,S00336,ADD,129,,contract_record
4141,2025-10-28,S00819,REDUCE,5,,partner_api_order
4142,2025-10-28,S00862,REDUCE,0,,partner_api_order
4143,2025-10-28,S00896,ADD,25,,partner_api_order
4144,2025-10-28,S01160,ADD,3,,partner_api_order
4145,2025-10-28,S01485,ADD,624,,contract_record
4146,2025-10-28,S01584,ADD,5,,partner_api_order
4147,2025-10-28,S02385,CANCEL,0,,partner_api_order
4148,2025-10-28,S04227,ADD,147,,partner_api_order
4149,2025-10-29,S00278,NEW,8,monthly,partner_api_order
4150,2025-10-29,S00905,NEW,15,annual,partner_api_order
4151,2025-10-29,S01080,NEW,4,annual,partner_api_order
4152,2025-10-29,S01340,NEW,7,annual,partner_api_order
4153,2025-10-29,S01531,NEW,13,monthly,partner_api_order
4154,2025-10-29,S01675,NEW,18,annual,partner_api_order
4155,2025-10-29,S01746,NEW,5,monthly,partner_api_order
4156,2025-10-29,S02187,NEW,2,annual,partner_api_order
4157,2025-10-29,S02287,NEW,6,annual,partner_api_order
4158,2025-10-29,S03213,NEW,5,monthly,partner_api_order
4159,2025-10-29,S03623,NEW,4,annual,partner_api_order
4160,2025-10-29,S03108,ADD,11,,partner_api_order
4161,2025-10-29,S03928,ADD,913,,contract_record
4162,2025-10-30,S00392,NEW,2,monthly,partner_api_order
4163,2025-10-30,S00651,NEW,167,monthly,contract_record
4164,2025-10-30,S00814,NEW,7,annual,partner_api_order
4165,2025-10-30,S01324,NEW,124,annual,contract_record
4166,2025-10-30,S02210,NEW,24,annual,partner_api_order
4167,2025-10-30,S03909,NEW,3,annual,partner_api_order
4168,2025-10-30,S00884,ADD,12,,partner_api_order
4169,2025-10-31,S00498,NEW,18,annual,partner_api_order
4170,2025-10-31,S01778,NEW,2,monthly,partner_api_order
4171,2025-10-31,S03183,NEW,26,annual,partner_api_order
4172,2025-10-31,S03406,NEW,12,monthly,partner_api_order
4173,2025-10-31,S03694,NEW,2,annual,partner_api_order
4174,2025-10-31,S04203,NEW,20,annual,partner_api_order
4175,2025-10-31,S04301,NEW,6,annual,partner_api_order
4176,2025-10-31,S02132,ADD,7,,partner_api_order
4177,2025-10-31,S02251,REDUCE,5,,partner_api_order
4178,2025-10-31,S02409,ADD,10,,partner_api_order
4179,2025-10-31,S02420,ADD,13,,partner_api_order
4180,2025-10-31,S03012,NEW,4,annual,partner_api_order
4181,2025-10-31,S03755,ADD,229,,contract_record
4182,2025-11-01,S01300,NEW,24,monthly,partner_api_order
4183,2025-11-01,S04187,NEW,19,monthly,partner_api_order
4184,2025-11-01,S00177,ADD,5,,partner_api_order
4185,2025-11-01,S00726,ADD,33,,partner_api_order
4186,2025-11-01,S01231,REDUCE,4,,partner_api_order
4187,2025-11-01,S01960,ADD,9,,partner_api_order
4188,2025-11-01,S02035,REDUCE,1,,partner_api_order
4189,2025-11-01,S02399,CANCEL,0,,partner_api_order
4190,2025-11-01,S03012,ADD,6,,partner_api_order
4191,2025-11-01,S03258,REDUCE,6,,partner_api_order
4192,2025-11-01,S04111,REDUCE,5,,partner_api_order
4193,2025-11-02,S00223,NEW,24,monthly,partner_api_order
4194,2025-11-02,S00756,NEW,18,monthly,partner_api_order
4195,2025-11-02,S02548,NEW,17,annual,partner_api_order
4196,2025-11-02,S02724,NEW,8,annual,partner_api_order
4197,2025-11-02,S03534,NEW,8,annual,partner_api_order
4198,2025-11-02,S03756,NEW,79,annual,contract_record
4199,2025-11-02,S03797,NEW,5,annual,partner_api_order
4200,2025-11-02,S00995,CANCEL,0,,partner_api_order
4201,2025-11-02,S01211,CANCEL,0,,partner_api_order
4202,2025-11-02,S01444,CANCEL,0,,partner_api_order
4203,2025-11-02,S01633,REDUCE,43,,partner_api_order
4204,2025-11-02,S02715,ADD,24,,partner_api_order
4205,2025-11-02,S03865,CANCEL,0,,partner_api_order
4206,2025-11-02,S03936,ADD,18,,partner_api_order
4207,2025-11-02,S90817,REDUCE,4,,partner_api_order
4208,2025-11-03,S01086,NEW,8,annual,partner_api_order
4209,2025-11-03,S01218,NEW,3,annual,partner_api_order
4210,2025-11-03,S01979,NEW,15,annual,partner_api_order
4211,2025-11-03,S04202,NEW,3,monthly,partner_api_order
4212,2025-11-03,S04271,NEW,10,annual,partner_api_order
4213,2025-11-03,S00383,ADD,193,,contract_record
4214,2025-11-03,S02409,CANCEL,0,,partner_api_order
4215,2025-11-03,S03608,CANCEL,0,,partner_api_order
4216,2025-11-03,S04358,CANCEL,0,,partner_api_order
4217,2025-11-04,S00300,NEW,10,annual,partner_api_order
4218,2025-11-04,S00850,NEW,6,annual,partner_api_order
4219,2025-11-04,S01093,NEW,2,annual,partner_api_order
4220,2025-11-04,S01435,NEW,2,monthly,partner_api_order
4221,2025-11-04,S01822,NEW,4,monthly,partner_api_order
4222,2025-11-04,S03067,NEW,119,annual,contract_record
4223,2025-11-04,S04015,NEW,6,annual,partner_api_order
4224,2025-11-04,S01254,REDUCE,6,,partner_api_order
4225,2025-11-04,S02045,REDUCE,47,,contract_record
4226,2025-11-04,S02613,ADD,6,,partner_api_order
4227,2025-11-04,S02982,ADD,2,,partner_api_order
4228,2025-11-04,S04281,ADD,24,,partner_api_order
4229,2025-11-05,S00030,NEW,9,annual,partner_api_order
4230,2025-11-05,S01197,NEW,8,monthly,partner_api_order
4231,2025-11-05,S01996,NEW,8,monthly,partner_api_order
4232,2025-11-05,S02473,NEW,36,annual,partner_api_order
4233,2025-11-05,S03278,NEW,7,monthly,partner_api_order
4234,2025-11-05,S03316,NEW,358,monthly,contract_record
4235,2025-11-05,S03648,NEW,7,annual,partner_api_order
4236,2025-11-05,S03680,NEW,13,monthly,partner_api_order
4237,2025-11-05,S03704,NEW,3,annual,partner_api_order
4238,2025-11-05,S00084,ADD,12,,partner_api_order
4239,2025-11-05,S00295,REDUCE,5,,partner_api_order
4240,2025-11-05,S00298,ADD,3,,partner_api_order
4241,2025-11-05,S00786,ADD,3,,partner_api_order
4242,2025-11-05,S02586,ADD,11,,partner_api_order
4243,2025-11-05,S03129,ADD,5,,partner_api_order
4244,2025-11-05,S03501,REDUCE,2,,partner_api_order
4245,2025-11-06,S00294,NEW,30,annual,partner_api_order
4246,2025-11-06,S00354,NEW,9,annual,partner_api_order
4247,2025-11-06,S00757,NEW,9,annual,partner_api_order
4248,2025-11-06,S00895,ADD,95,,partner_api_order
4249,2025-11-06,S01225,ADD,2,,partner_api_order
4250,2025-11-06,S01451,ADD,3,,partner_api_order
4251,2025-11-06,S03128,ADD,4,,partner_api_order
4252,2025-11-06,S03366,ADD,14,,partner_api_order
4253,2025-11-06,S03599,REDUCE,2,,partner_api_order
4254,2025-11-06,S03731,ADD,5,,partner_api_order
4255,2025-11-06,S04100,REDUCE,2,,partner_api_order
4256,2025-11-06,S04310,REDUCE,5,,partner_api_order
4257,2025-11-07,S00193,NEW,296,annual,contract_record
4258,2025-11-07,S00975,NEW,10,annual,partner_api_order
4259,2025-11-07,S01395,NEW,1,annual,partner_api_order
4260,2025-11-07,S01513,NEW,19,monthly,partner_api_order
4261,2025-11-07,S01583,NEW,5,monthly,partner_api_order
4262,2025-11-07,S01879,NEW,16,annual,partner_api_order
4263,2025-11-07,S01905,NEW,3,annual,partner_api_order
4264,2025-11-07,S02373,NEW,53,annual,partner_api_order
4265,2025-11-07,S03234,NEW,6,annual,partner_api_order
4266,2025-11-07,S04228,NEW,4,monthly,partner_api_order
4267,2025-11-07,S02263,ADD,2,,partner_api_order
4268,2025-11-08,S00311,NEW,2,monthly,partner_api_order
4269,2025-11-08,S00458,NEW,3,monthly,partner_api_order
4270,2025-11-08,S01741,NEW,49,monthly,partner_api_order
4271,2025-11-08,S02437,NEW,71,annual,partner_api_order
4272,2025-11-08,S03630,NEW,3,monthly,partner_api_order
4273,2025-11-08,S03901,NEW,3,annual,partner_api_order
4274,2025-11-08,S00124,CANCEL,0,,partner_api_order
4275,2025-11-08,S03575,ADD,4,,partner_api_order
4276,2025-11-08,S03607,ADD,20,,partner_api_order
4277,2025-11-08,S03648,ADD,11,,partner_api_order
4278,2025-11-09,S02555,NEW,5,annual,partner_api_order
4279,2025-11-09,S02689,NEW,2,annual,partner_api_order
4280,2025-11-09,S02752,NEW,22,annual,partner_api_order
4281,2025-11-09,S03390,NEW,13,annual,partner_api_order
4282,2025-11-09,S04141,NEW,5,monthly,partner_api_order
4283,2025-11-09,S00564,ADD,92,,partner_api_order
4284,2025-11-09,S01516,CANCEL,0,,partner_api_order
4285,2025-11-09,S01721,ADD,13,,partner_api_order
4286,2025-11-09,S01837,REDUCE,7,,partner_api_order
4287,2025-11-09,S02343,REDUCE,24,,partner_api_order
4288,2025-11-09,S02953,CANCEL,0,,partner_api_order
4289,2025-11-09,S04386,ADD,23,,partner_api_order
4290,2025-11-10,S00419,NEW,15,annual,partner_api_order
4291,2025-11-10,S03073,NEW,189,annual,contract_record
4292,2025-11-10,S03375,NEW,6,annual,partner_api_order
4293,2025-11-10,S00770,CANCEL,0,,partner_api_order
4294,2025-11-10,S90335,ADD,10,,partner_api_order
4295,2025-11-10,S02272,ADD,5,,partner_api_order
4296,2025-11-11,S00021,NEW,3,annual,partner_api_order
4297,2025-11-11,S00112,NEW,3,annual,partner_api_order
4298,2025-11-11,S00455,NEW,6,annual,partner_api_order
4299,2025-11-11,S01074,NEW,18,annual,partner_api_order
4300,2025-11-11,S01173,NEW,36,monthly,partner_api_order
4301,2025-11-11,S01385,NEW,7,annual,partner_api_order
4302,2025-11-11,S02523,NEW,18,monthly,partner_api_order
4303,2025-11-11,S00914,REDUCE,4,,partner_api_order
4304,2025-11-11,S02681,CANCEL,0,,contract_record
4305,2025-11-11,S03217,REDUCE,5,,partner_api_order
4306,2025-11-11,S04057,REDUCE,22,,partner_api_order
4307,2025-11-11,S04092,REDUCE,7,,partner_api_order
4308,2025-11-12,S01704,NEW,5,annual,partner_api_order
4309,2025-11-12,S01872,NEW,7,annual,partner_api_order
4310,2025-11-12,S01906,NEW,8,annual,partner_api_order
4311,2025-11-12,S02195,NEW,9,monthly,partner_api_order
4312,2025-11-12,S02903,NEW,10,monthly,partner_api_order
4313,2025-11-12,S00521,ADD,11,,partner_api_order
4314,2025-11-12,S01867,ADD,16,,partner_api_order
4315,2025-11-12,S01915,ADD,5,,partner_api_order
4316,2025-11-12,S02201,REDUCE,25,,partner_api_order
4317,2025-11-12,S03630,ADD,4,,partner_api_order
4318,2025-11-13,S00377,NEW,6,annual,partner_api_order
4319,2025-11-13,S00775,NEW,239,annual,contract_record
4320,2025-11-13,S00874,NEW,4,annual,partner_api_order
4321,2025-11-13,S01114,NEW,3,monthly,partner_api_order
4322,2025-11-13,S02084,NEW,8,annual,partner_api_order
4323,2025-11-13,S02290,NEW,12,annual,partner_api_order
4324,2025-11-13,S02855,NEW,11,monthly,partner_api_order
4325,2025-11-13,S02951,NEW,9,annual,partner_api_order
4326,2025-11-13,S01009,ADD,80,,partner_api_order
4327,2025-11-13,S01794,ADD,3,,partner_api_order
4328,2025-11-13,S02132,ADD,8,,partner_api_order
4329,2025-11-13,S02437,NEW,71,annual,partner_api_order
4330,2025-11-13,S03761,REDUCE,6,,partner_api_order
4331,2025-11-14,S00133,NEW,11,annual,partner_api_order
4332,2025-11-14,S01650,NEW,21,annual,partner_api_order
4333,2025-11-14,S02628,NEW,1,annual,partner_api_order
4334,2025-11-14,S03120,NEW,16,annual,partner_api_order
4335,2025-11-14,S03557,NEW,257,annual,contract_record
4336,2025-11-14,S04176,NEW,6,monthly,partner_api_order
4337,2025-11-14,S00163,CANCEL,0,,partner_api_order
4338,2025-11-14,S01608,CANCEL,0,,partner_api_order
4339,2025-11-14,S02195,ADD,10,,partner_api_order
4340,2025-11-14,S03213,ADD,7,,partner_api_order
4341,2025-11-14,S03230,REDUCE,8,,partner_api_order
4342,2025-11-14,S03496,CANCEL,0,,partner_api_order
4343,2025-11-14,S03737,ADD,2,,partner_api_order
4344,2025-11-14,S03851,ADD,16,,partner_api_order
4345,2025-11-14,S04231,REDUCE,0,,partner_api_order
4346,2025-11-15,S00254,NEW,9,monthly,partner_api_order
4347,2025-11-15,S00375,NEW,2,monthly,partner_api_order
4348,2025-11-15,S01548,NEW,3,annual,partner_api_order
4349,2025-11-15,S01804,NEW,11,annual,partner_api_order
4350,2025-11-15,S01927,NEW,10,annual,partner_api_order
4351,2025-11-15,S03341,NEW,5,annual,partner_api_order
4352,2025-11-15,S03538,NEW,11,annual,partner_api_order
4353,2025-11-15,S04379,NEW,3,monthly,partner_api_order
4354,2025-11-15,S03557,REDUCE,112,,contract_record
4355,2025-11-15,S03907,ADD,6,,partner_api_order
4356,2025-11-16,S00705,NEW,222,annual,contract_record
4357,2025-11-16,S01479,NEW,10,monthly,partner_api_order
4358,2025-11-16,S02535,NEW,6,annual,partner_api_order
4359,2025-11-16,S02564,NEW,15,annual,partner_api_order
4360,2025-11-16,S03027,NEW,12,annual,partner_api_order
4361,2025-11-16,S03353,NEW,29,monthly,partner_api_order
4362,2025-11-16,S03967,NEW,18,annual,partner_api_order
4363,2025-11-16,S00655,ADD,19,,partner_api_order
4364,2025-11-16,S00671,ADD,7,,partner_api_order
4365,2025-11-16,S02350,CANCEL,0,,partner_api_order
4366,2025-11-16,S03093,CANCEL,0,,partner_api_order
4367,2025-11-16,S03157,ADD,8,,partner_api_order
4368,2025-11-16,S04157,ADD,33,,partner_api_order
4369,2025-11-17,S00343,NEW,5,monthly,partner_api_order
4370,2025-11-17,S00852,NEW,26,monthly,partner_api_order
4371,2025-11-17,S01455,NEW,35,monthly,partner_api_order
4372,2025-11-17,S04292,NEW,23,monthly,partner_api_order
4373,2025-11-17,S00845,CANCEL,0,,partner_api_order
4374,2025-11-17,S00954,REDUCE,2,,partner_api_order
4375,2025-11-17,S01785,ADD,21,,partner_api_order
4376,2025-11-17,S01993,ADD,14,,partner_api_order
4377,2025-11-17,S03837,ADD,10,,partner_api_order
4378,2025-11-17,S04141,CANCEL,0,,partner_api_order
4379,2025-11-18,S00115,NEW,10,annual,partner_api_order
4380,2025-11-18,S00570,NEW,13,monthly,partner_api_order
4381,2025-11-18,S00809,NEW,6,annual,partner_api_order
4382,2025-11-18,S01522,NEW,11,annual,partner_api_order
4383,2025-11-18,S03460,NEW,2,monthly,partner_api_order
4384,2025-11-18,S04396,NEW,11,annual,partner_api_order
4385,2025-11-18,S00625,REDUCE,0,,partner_api_order
4386,2025-11-18,S00627,ADD,5,,partner_api_order
4387,2025-11-18,S00793,ADD,13,,partner_api_order
4388,2025-11-18,S01033,ADD,8,,partner_api_order
4389,2025-11-18,S01343,ADD,14,,partner_api_order
4390,2025-11-18,S01379,REDUCE,6,,partner_api_order
4391,2025-11-18,S02234,ADD,22,,partner_api_order
4392,2025-11-18,S02541,ADD,77,,partner_api_order
4393,2025-11-18,S02600,ADD,9,,partner_api_order
4394,2025-11-18,S02991,REDUCE,10,,partner_api_order
4395,2025-11-18,S03965,REDUCE,40,,partner_api_order
4396,2025-11-18,S04088,REDUCE,5,,partner_api_order
4397,2025-11-18,S04126,ADD,11,,partner_api_order
4398,2025-11-19,S00768,NEW,22,annual,partner_api_order
4399,2025-11-19,S01771,NEW,4,annual,partner_api_order
4400,2025-11-19,S01893,NEW,18,monthly,partner_api_order
4401,2025-11-19,S03644,NEW,5,annual,partner_api_order
4402,2025-11-19,S03718,NEW,5,annual,partner_api_order
4403,2025-11-19,S00796,REDUCE,9,,partner_api_order
4404,2025-11-19,S01807,ADD,13,,partner_api_order
4405,2025-11-19,S02017,ADD,32,,partner_api_order
4406,2025-11-19,S02455,ADD,3,,partner_api_order
4407,2025-11-19,S03525,ADD,11,,partner_api_order
4408,2025-11-19,S04039,ADD,4,,partner_api_order
4409,2025-11-20,S02547,NEW,15,monthly,partner_api_order
4410,2025-11-20,S03022,NEW,3,monthly,partner_api_order
4411,2025-11-20,S03194,NEW,2,monthly,partner_api_order
4412,2025-11-20,S00094,ADD,9,,partner_api_order
4413,2025-11-20,S00903,ADD,10,,partner_api_order
4414,2025-11-20,S02164,CANCEL,0,,contract_record
4415,2025-11-20,S02485,REDUCE,11,,partner_api_order
4416,2025-11-20,S02883,REDUCE,2,,partner_api_order
4417,2025-11-20,S03235,ADD,17,,partner_api_order
4418,2025-11-20,S03632,ADD,9,,partner_api_order
4419,2025-11-20,S04228,REDUCE,2,,partner_api_order
4420,2025-11-21,S00543,NEW,4,annual,partner_api_order
4421,2025-11-21,S01178,NEW,5,monthly,partner_api_order
4422,2025-11-21,S02396,NEW,7,annual,partner_api_order
4423,2025-11-21,S02402,NEW,174,annual,contract_record
4424,2025-11-21,S02496,NEW,22,annual,partner_api_order
4425,2025-11-21,S04123,NEW,31,annual,partner_api_order
4426,2025-11-21,S00523,REDUCE,1,,partner_api_order
4427,2025-11-21,S00822,CANCEL,0,,partner_api_order
4428,2025-11-21,S01221,REDUCE,17,,partner_api_order
4429,2025-11-21,S01914,REDUCE,1,,partner_api_order
4430,2025-11-21,S03077,ADD,6,,partner_api_order
4431,2025-11-21,S03864,ADD,8,,partner_api_order
4432,2025-11-21,S04015,REDUCE,0,,partner_api_order
4433,2025-11-21,S04240,ADD,164,,partner_api_order
4434,2025-11-22,S00611,NEW,8,annual,partner_api_order
4435,2025-11-22,S02612,NEW,23,annual,partner_api_order
4436,2025-11-22,S04376,NEW,10,annual,partner_api_order
4437,2025-11-22,S00150,CANCEL,0,,partner_api_order
4438,2025-11-22,S00970,ADD,7,,partner_api_order
4439,2025-11-22,S01817,ADD,6,,partner_api_order
4440,2025-11-22,S02937,ADD,2,,partner_api_order
4441,2025-11-22,S02989,CANCEL,0,,partner_api_order
4442,2025-11-23,S01076,NEW,369,annual,contract_record
4443,2025-11-23,S03689,NEW,10,monthly,partner_api_order
4444,2025-11-23,S03951,NEW,6,annual,partner_api_order
4445,2025-11-23,S04086,NEW,5,annual,partner_api_order
4446,2025-11-23,S00679,ADD,15,,partner_api_order
4447,2025-11-23,S00833,ADD,59,,partner_api_order
4448,2025-11-23,S01522,REDUCE,5,,partner_api_order
4449,2025-11-23,S01953,ADD,19,,partner_api_order
4450,2025-11-23,S03007,REDUCE,6,,partner_api_order
4451,2025-11-23,S03448,REDUCE,3,,partner_api_order
4452,2025-11-23,S03533,CANCEL,0,,partner_api_order
4453,2025-11-23,S04363,ADD,125,,contract_record
4454,2025-11-24,S00026,NEW,6,annual,partner_api_order
4455,2025-11-24,S02560,NEW,3,annual,partner_api_order
4456,2025-11-24,S02840,NEW,444,monthly,contract_record
4457,2025-11-24,S03081,NEW,80,annual,partner_api_order
4458,2025-11-24,S04128,NEW,6,annual,partner_api_order
4459,2025-11-24,S04166,NEW,20,monthly,partner_api_order
4460,2025-11-24,S00478,REDUCE,2,,partner_api_order
4461,2025-11-24,S01905,ADD,4,,partner_api_order
4462,2025-11-24,S02544,REDUCE,1,,partner_api_order
4463,2025-11-24,S02852,CANCEL,0,,partner_api_order
4464,2025-11-24,S04115,ADD,14,,partner_api_order
4465,2025-11-25,S01077,NEW,6,annual,partner_api_order
4466,2025-11-25,S01325,NEW,23,monthly,partner_api_order
4467,2025-11-25,S01702,NEW,10,monthly,partner_api_order
4468,2025-11-25,S01735,NEW,5,annual,partner_api_order
4469,2025-11-25,S01782,NEW,20,annual,partner_api_order
4470,2025-11-25,S02574,NEW,10,monthly,partner_api_order
4471,2025-11-25,S02642,NEW,18,annual,partner_api_order
4472,2025-11-25,S03226,NEW,109,monthly,contract_record
4473,2025-11-25,S00665,NEW,11,annual,partner_api_order
4474,2025-11-25,S02190,ADD,419,,contract_record
4475,2025-11-25,S03284,ADD,15,,partner_api_order
4476,2025-11-25,S04077,REDUCE,7,,partner_api_order
4477,2025-11-25,S04128,REDUCE,3,,partner_api_order
4478,2025-11-26,S00019,NEW,2,annual,partner_api_order
4479,2025-11-26,S01478,NEW,2,annual,partner_api_order
4480,2025-11-26,S01561,NEW,24,annual,partner_api_order
4481,2025-11-26,S01578,NEW,10,monthly,partner_api_order
4482,2025-11-26,S02444,NEW,11,annual,partner_api_order
4483,2025-11-26,S02447,NEW,20,monthly,partner_api_order
4484,2025-11-26,S04393,NEW,43,annual,partner_api_order
4485,2025-11-26,S00027,CANCEL,0,,partner_api_order
4486,2025-11-26,S00737,CANCEL,0,,partner_api_order
4487,2025-11-26,S01076,REDUCE,303,,contract_record
4488,2025-11-26,S03489,ADD,33,,partner_api_order
4489,2025-11-26,S03816,ADD,4,,partner_api_order
4490,2025-11-27,S00015,NEW,5,annual,partner_api_order
4491,2025-11-27,S00087,NEW,3,annual,partner_api_order
4492,2025-11-27,S01351,NEW,15,annual,partner_api_order
4493,2025-11-27,S01418,NEW,10,monthly,partner_api_order
4494,2025-11-27,S01482,NEW,2,monthly,partner_api_order
4495,2025-11-27,S01924,NEW,26,monthly,partner_api_order
4496,2025-11-27,S02031,NEW,19,annual,partner_api_order
4497,2025-11-27,S02760,NEW,8,annual,partner_api_order
4498,2025-11-27,S03167,NEW,5,annual,partner_api_order
4499,2025-11-27,S04374,NEW,1,annual,partner_api_order
4500,2025-11-27,S00774,CANCEL,0,,partner_api_order
4501,2025-11-27,S01436,REDUCE,1,,partner_api_order
4502,2025-11-27,S01592,REDUCE,1,,partner_api_order
4503,2025-11-27,S01702,REDUCE,6,,partner_api_order
4504,2025-11-27,S02015,ADD,7,,partner_api_order
4505,2025-11-27,S03688,REDUCE,8,,partner_api_order
4506,2025-11-27,S03755,ADD,229,,contract_record
4507,2025-11-28,S01208,NEW,7,monthly,partner_api_order
4508,2025-11-28,S01368,NEW,7,monthly,partner_api_order
4509,2025-11-28,S01512,NEW,1,monthly,partner_api_order
4510,2025-11-28,S01738,NEW,206,annual,contract_record
4511,2025-11-28,S02323,NEW,4,monthly,partner_api_order
4512,2025-11-28,S02813,NEW,8,monthly,partner_api_order
4513,2025-11-28,S02995,NEW,7,annual,partner_api_order
4514,2025-11-28,S00747,REDUCE,18,,partner_api_order
4515,2025-11-28,S01418,ADD,15,,partner_api_order
4516,2025-11-28,S02816,ADD,17,,partner_api_order
4517,2025-11-28,S03845,REDUCE,10,,partner_api_order
4518,2025-11-28,S04202,ADD,4,,partner_api_order
4519,2025-11-28,S04251,REDUCE,4,,partner_api_order
4520,2025-11-29,S00616,NEW,2,monthly,partner_api_order
4521,2025-11-29,S00880,NEW,8,annual,partner_api_order
4522,2025-11-29,S01636,NEW,4,annual,partner_api_order
4523,2025-11-29,S01897,NEW,7,annual,partner_api_order
4524,2025-11-29,S03191,NEW,3,monthly,partner_api_order
4525,2025-11-29,S04075,NEW,44,annual,partner_api_order
4526,2025-11-29,S00223,ADD,33,,partner_api_order
4527,2025-11-29,S00246,CANCEL,0,,contract_record
4528,2025-11-29,S00306,REDUCE,1,,partner_api_order
4529,2025-11-29,S00522,ADD,2,,partner_api_order
4530,2025-11-29,S00589,CANCEL,0,,partner_api_order
4531,2025-11-29,S02136,REDUCE,9,,partner_api_order
4532,2025-11-29,S02137,ADD,13,,partner_api_order
4533,2025-11-29,S02638,ADD,13,,partner_api_order
4534,2025-11-29,S02976,ADD,53,,partner_api_order
4535,2025-11-30,S00649,NEW,7,monthly,partner_api_order
4536,2025-11-30,S01293,NEW,5,monthly,partner_api_order
4537,2025-11-30,S01659,NEW,12,annual,partner_api_order
4538,2025-11-30,S02331,NEW,67,annual,partner_api_order
4539,2025-11-30,S02757,NEW,3,annual,partner_api_order
4540,2025-11-30,S02812,NEW,38,annual,partner_api_order
4541,2025-11-30,S01870,REDUCE,2,,partner_api_order
4542,2025-11-30,S01949,CANCEL,0,,partner_api_order
4543,2025-11-30,S02444,REDUCE,5,,partner_api_order
4544,2025-11-30,S02508,ADD,568,,contract_record
4545,2025-11-30,S02594,ADD,5,,partner_api_order
4546,2025-11-30,S02811,ADD,4,,partner_api_order
4547,2025-11-30,S02993,CANCEL,0,,partner_api_order
4548,2025-11-30,S03951,REDUCE,5,,partner_api_order
4549,2025-11-30,S04291,ADD,13,,partner_api_order
4550,2025-12-01,S03206,NEW,12,annual,partner_api_order
4551,2025-12-01,S03215,NEW,8,monthly,partner_api_order
4552,2025-12-01,S03216,NEW,4,monthly,partner_api_order
4553,2025-12-01,S03673,NEW,7,annual,partner_api_order
4554,2025-12-01,S01522,ADD,8,,partner_api_order
4555,2025-12-01,S03028,ADD,4,,partner_api_order
4556,2025-12-02,S01125,NEW,7,annual,partner_api_order
4557,2025-12-02,S01581,NEW,1,annual,partner_api_order
4558,2025-12-02,S02898,NEW,12,monthly,partner_api_order
4559,2025-12-02,S03393,NEW,24,monthly,partner_api_order
4560,2025-12-02,S03905,NEW,4,annual,partner_api_order
4561,2025-12-02,S00693,ADD,7,,partner_api_order
4562,2025-12-02,S00987,REDUCE,11,,partner_api_order
4563,2025-12-02,S01357,CANCEL,0,,partner_api_order
4564,2025-12-02,S03108,ADD,11,,partner_api_order
4565,2025-12-02,S03593,ADD,18,,partner_api_order
4566,2025-12-02,S04018,REDUCE,6,,partner_api_order
4567,2025-12-03,S02074,NEW,7,annual,partner_api_order
4568,2025-12-03,S02158,NEW,3,monthly,partner_api_order
4569,2025-12-03,S00735,REDUCE,7,,partner_api_order
4570,2025-12-03,S01495,REDUCE,9,,partner_api_order
4571,2025-12-03,S02189,ADD,9,,partner_api_order
4572,2025-12-03,S03263,ADD,17,,partner_api_order
4573,2025-12-03,S03387,CANCEL,0,,partner_api_order
4574,2025-12-03,S03395,REDUCE,0,,partner_api_order
4575,2025-12-04,S02854,NEW,7,annual,partner_api_order
4576,2025-12-04,S03065,NEW,7,monthly,partner_api_order
4577,2025-12-04,S03357,NEW,18,annual,partner_api_order
4578,2025-12-04,S03669,NEW,1,annual,partner_api_order
4579,2025-12-04,S03984,NEW,7,annual,partner_api_order
4580,2025-12-04,S04383,NEW,8,annual,partner_api_order
4581,2025-12-04,S00094,ADD,14,,partner_api_order
4582,2025-12-04,S02107,CANCEL,0,,partner_api_order
4583,2025-12-04,S03714,REDUCE,11,,partner_api_order
4584,2025-12-05,S00476,NEW,19,annual,partner_api_order
4585,2025-12-05,S01881,NEW,17,annual,partner_api_order
4586,2025-12-05,S02358,NEW,6,annual,partner_api_order
4587,2025-12-05,S03692,NEW,13,monthly,partner_api_order
4588,2025-12-05,S00611,ADD,9,,partner_api_order
4589,2025-12-05,S02875,CANCEL,0,,partner_api_order
4590,2025-12-06,S00050,NEW,13,monthly,partner_api_order
4591,2025-12-06,S00095,NEW,17,annual,partner_api_order
4592,2025-12-06,S00517,NEW,25,monthly,partner_api_order
4593,2025-12-06,S00536,NEW,4,monthly,partner_api_order
4594,2025-12-06,S02167,NEW,1,monthly,partner_api_order
4595,2025-12-06,S02219,NEW,11,annual,partner_api_order
4596,2025-12-06,S02273,NEW,12,annual,partner_api_order
4597,2025-12-06,S01122,REDUCE,11,,partner_api_order
4598,2025-12-06,S03743,REDUCE,3,,partner_api_order
4599,2025-12-06,S04336,REDUCE,14,,partner_api_order
4600,2025-12-07,S01294,NEW,1,annual,partner_api_order
4601,2025-12-07,S01951,NEW,2,annual,partner_api_order
4602,2025-12-07,S02092,NEW,8,monthly,partner_api_order
4603,2025-12-07,S02093,NEW,15,annual,partner_api_order
4604,2025-12-07,S02446,NEW,9,annual,partner_api_order
4605,2025-12-07,S03098,NEW,6,monthly,partner_api_order
4606,2025-12-07,S03442,NEW,49,annual,partner_api_order
4607,2025-12-07,S00184,REDUCE,3,,partner_api_order
4608,2025-12-07,S00403,REDUCE,1,,partner_api_order
4609,2025-12-07,S90481,ADD,18,,partner_api_order
4610,2025-12-07,S02204,REDUCE,2,,partner_api_order
4611,2025-12-07,S03200,REDUCE,1,,partner_api_order
4612,2025-12-08,S01688,NEW,3,monthly,partner_api_order
4613,2025-12-08,S00193,ADD,367,,contract_record
4614,2025-12-08,S00544,REDUCE,155,,contract_record
4615,2025-12-08,S00761,ADD,23,,partner_api_order
4616,2025-12-08,S00954,REDUCE,1,,partner_api_order
4617,2025-12-08,S01203,ADD,93,,partner_api_order
4618,2025-12-08,S01640,CANCEL,0,,partner_api_order
4619,2025-12-08,S01812,REDUCE,1,,partner_api_order
4620,2025-12-08,S02173,REDUCE,1,,partner_api_order
4621,2025-12-08,S03336,NEW,7,monthly,partner_api_order
4622,2025-12-08,S03776,CANCEL,0,,partner_api_order
4623,2025-12-09,S00696,NEW,6,annual,partner_api_order
4624,2025-12-09,S00829,NEW,11,annual,partner_api_order
4625,2025-12-09,S01192,NEW,6,monthly,partner_api_order
4626,2025-12-09,S01460,NEW,21,annual,partner_api_order
4627,2025-12-09,S01678,NEW,7,annual,partner_api_order
4628,2025-12-09,S02337,NEW,7,annual,partner_api_order
4629,2025-12-09,S02627,NEW,2,monthly,partner_api_order
4630,2025-12-09,S02739,NEW,4,monthly,partner_api_order
4631,2025-12-09,S02908,NEW,10,monthly,partner_api_order
4632,2025-12-09,S03306,NEW,8,annual,partner_api_order
4633,2025-12-09,S03426,NEW,14,annual,partner_api_order
4634,2025-12-09,S00316,REDUCE,0,,partner_api_order
4635,2025-12-09,S01468,REDUCE,15,,partner_api_order
4636,2025-12-09,S02388,CANCEL,0,,partner_api_order
4637,2025-12-09,S02508,ADD,705,,contract_record
4638,2025-12-09,S03603,ADD,3,,partner_api_order
4639,2025-12-09,S04168,REDUCE,7,,partner_api_order
4640,2025-12-10,S00451,NEW,39,monthly,partner_api_order
4641,2025-12-10,S00699,NEW,26,annual,partner_api_order
4642,2025-12-10,S01297,NEW,4,annual,partner_api_order
4643,2025-12-10,S02185,NEW,5,annual,partner_api_order
4644,2025-12-10,S03563,NEW,4,monthly,partner_api_order
4645,2025-12-10,S03889,NEW,6,annual,partner_api_order
4646,2025-12-10,S00329,CANCEL,0,,partner_api_order
4647,2025-12-10,S00709,CANCEL,0,,partner_api_order
4648,2025-12-10,S01282,ADD,20,,partner_api_order
4649,2025-12-10,S01822,REDUCE,3,,partner_api_order
4650,2025-12-10,S02006,ADD,6,,partner_api_order
4651,2025-12-10,S02306,REDUCE,11,,partner_api_order
4652,2025-12-10,S02956,ADD,7,,partner_api_order
4653,2025-12-10,S03168,ADD,18,,partner_api_order
4654,2025-12-10,S03393,ADD,30,,partner_api_order
4655,2025-12-10,S03536,CANCEL,0,,partner_api_order
4656,2025-12-11,S00158,NEW,4,annual,partner_api_order
4657,2025-12-11,S01316,NEW,4,annual,partner_api_order
4658,2025-12-11,S01944,NEW,3,annual,partner_api_order
4659,2025-12-11,S02439,NEW,2,annual,partner_api_order
4660,2025-12-11,S03589,NEW,8,annual,partner_api_order
4661,2025-12-11,S00037,ADD,17,,partner_api_order
4662,2025-12-11,S00543,ADD,5,,partner_api_order
4663,2025-12-11,S00803,ADD,99,,contract_record
4664,2025-12-11,S01076,ADD,385,,contract_record
4665,2025-12-11,S01079,ADD,68,,partner_api_order
4666,2025-12-11,S02979,CANCEL,0,,partner_api_order
4667,2025-12-12,S04208,NEW,42,annual,partner_api_order
4668,2025-12-12,S04258,NEW,17,annual,partner_api_order
4669,2025-12-12,S00705,NEW,222,annual,contract_record
4670,2025-12-12,S00938,ADD,5,,partner_api_order
4671,2025-12-13,S00117,NEW,10,annual,partner_api_order
4672,2025-12-13,S00461,NEW,4,monthly,partner_api_order
4673,2025-12-13,S01419,NEW,9,monthly,partner_api_order
4674,2025-12-13,S02914,NEW,233,annual,contract_record
4675,2025-12-13,S03478,NEW,11,annual,partner_api_order
4676,2025-12-13,S03498,NEW,2,annual,partner_api_order
4677,2025-12-13,S04282,NEW,1,monthly,partner_api_order
4678,2025-12-13,S00396,ADD,23,,partner_api_order
4679,2025-12-13,S00434,CANCEL,0,,partner_api_order
4680,2025-12-13,S00570,ADD,20,,partner_api_order
4681,2025-12-13,S00677,ADD,18,,partner_api_order
4682,2025-12-13,S01158,ADD,2,,partner_api_order
4683,2025-12-13,S02432,ADD,31,,partner_api_order
4684,2025-12-13,S02660,REDUCE,2,,partner_api_order
4685,2025-12-13,S03420,ADD,10,,partner_api_order
4686,2025-12-13,S03875,ADD,3,,partner_api_order
4687,2025-12-13,S03962,CANCEL,0,,partner_api_order
4688,2025-12-13,S90204,REDUCE,9,,partner_api_order
4689,2025-12-13,S04056,ADD,235,,contract_record
4690,2025-12-14,S00982,NEW,1,monthly,partner_api_order
4691,2025-12-14,S01600,NEW,13,annual,partner_api_order
4692,2025-12-14,S01995,NEW,11,annual,partner_api_order
4693,2025-12-14,S02036,NEW,4,monthly,partner_api_order
4694,2025-12-14,S02172,NEW,8,monthly,partner_api_order
4695,2025-12-14,S02261,NEW,3,monthly,partner_api_order
4696,2025-12-14,S02920,NEW,37,annual,partner_api_order
4697,2025-12-14,S03508,NEW,4,annual,partner_api_order
4698,2025-12-14,S03827,NEW,5,annual,partner_api_order
4699,2025-12-14,S03972,NEW,19,monthly,partner_api_order
4700,2025-12-14,S04263,NEW,13,monthly,partner_api_order
4701,2025-12-14,S01715,CANCEL,0,,partner_api_order
4702,2025-12-15,S00444,NEW,13,monthly,partner_api_order
4703,2025-12-15,S02945,NEW,6,annual,partner_api_order
4704,2025-12-15,S00786,ADD,4,,partner_api_order
4705,2025-12-15,S00892,REDUCE,4,,partner_api_order
4706,2025-12-15,S00963,ADD,8,,partner_api_order
4707,2025-12-15,S01967,ADD,6,,partner_api_order
4708,2025-12-15,S02492,ADD,3,,partner_api_order
4709,2025-12-15,S02951,CANCEL,0,,partner_api_order
4710,2025-12-15,S02986,CANCEL,0,,partner_api_order
4711,2025-12-15,S03065,REDUCE,4,,partner_api_order
4712,2025-12-15,S03498,CANCEL,0,,partner_api_order
4713,2025-12-15,S03641,ADD,14,,partner_api_order
4714,2025-12-16,S00044,NEW,3,annual,partner_api_order
4715,2025-12-16,S01606,NEW,6,annual,partner_api_order
4716,2025-12-16,S03300,NEW,80,annual,partner_api_order
4717,2025-12-16,S04372,NEW,7,annual,partner_api_order
4718,2025-12-16,S00980,ADD,3,,partner_api_order
4719,2025-12-16,S01309,ADD,24,,partner_api_order
4720,2025-12-16,S01422,ADD,6,,partner_api_order
4721,2025-12-16,S02050,ADD,3,,partner_api_order
4722,2025-12-16,S02580,CANCEL,0,,partner_api_order
4723,2025-12-16,S03150,NEW,23,monthly,partner_api_order
4724,2025-12-16,S03541,REDUCE,103,,contract_record
4725,2025-12-16,S04291,ADD,13,,partner_api_order
4726,2025-12-17,S00228,NEW,6,annual,partner_api_order
4727,2025-12-17,S01532,NEW,3,monthly,partner_api_order
4728,2025-12-17,S01556,NEW,18,monthly,partner_api_order
4729,2025-12-17,S03424,NEW,6,monthly,partner_api_order
4730,2025-12-17,S03841,NEW,54,annual,partner_api_order
4731,2025-12-17,S04012,NEW,25,monthly,partner_api_order
4732,2025-12-17,S04297,NEW,8,monthly,partner_api_order
4733,2025-12-17,S00097,ADD,21,,partner_api_order
4734,2025-12-17,S00261,CANCEL,0,,contract_record
4735,2025-12-17,S00840,ADD,4,,partner_api_order
4736,2025-12-17,S01019,ADD,13,,partner_api_order
4737,2025-12-17,S01137,ADD,11,,partner_api_order
4738,2025-12-17,S01717,REDUCE,5,,partner_api_order
4739,2025-12-17,S01739,ADD,4,,partner_api_order
4740,2025-12-17,S02826,REDUCE,8,,partner_api_order
4741,2025-12-17,S03098,ADD,9,,partner_api_order
4742,2025-12-17,S03690,ADD,10,,partner_api_order
4743,2025-12-17,S04167,CANCEL,0,,partner_api_order
4744,2025-12-18,S01473,NEW,5,monthly,partner_api_order
4745,2025-12-18,S02741,NEW,24,annual,partner_api_order
4746,2025-12-18,S03894,NEW,2,monthly,partner_api_order
4747,2025-12-18,S00568,ADD,3,,partner_api_order
4748,2025-12-18,S00763,ADD,160,,contract_record
4749,2025-12-18,S01485,CANCEL,0,,contract_record
4750,2025-12-18,S01561,REDUCE,21,,partner_api_order
4751,2025-12-18,S02088,ADD,5,,partner_api_order
4752,2025-12-18,S02582,REDUCE,5,,partner_api_order
4753,2025-12-18,S03622,ADD,13,,partner_api_order
4754,2025-12-19,S00355,NEW,28,annual,partner_api_order
4755,2025-12-19,S00695,NEW,3,monthly,partner_api_order
4756,2025-12-19,S00734,NEW,13,monthly,partner_api_order
4757,2025-12-19,S00742,NEW,11,monthly,partner_api_order
4758,2025-12-19,S00461,ADD,5,,partner_api_order
4759,2025-12-19,S00489,CANCEL,0,,partner_api_order
4760,2025-12-19,S02394,CANCEL,0,,contract_record
4761,2025-12-19,S03761,ADD,8,,partner_api_order
4762,2025-12-19,S03908,ADD,7,,partner_api_order
4763,2025-12-19,S03934,REDUCE,0,,partner_api_order
4764,2025-12-19,S03996,ADD,12,,partner_api_order
4765,2025-12-20,S00901,NEW,7,annual,partner_api_order
4766,2025-12-20,S02519,NEW,34,annual,partner_api_order
4767,2025-12-20,S02725,NEW,2,annual,partner_api_order
4768,2025-12-20,S03005,NEW,2,annual,partner_api_order
4769,2025-12-20,S03185,NEW,10,annual,partner_api_order
4770,2025-12-20,S03370,NEW,9,annual,partner_api_order
4771,2025-12-20,S03519,NEW,2,annual,partner_api_order
4772,2025-12-20,S03554,NEW,18,annual,partner_api_order
4773,2025-12-20,S01411,ADD,8,,partner_api_order
4774,2025-12-20,S01891,ADD,32,,partner_api_order
4775,2025-12-20,S02201,ADD,30,,partner_api_order
4776,2025-12-20,S03035,REDUCE,13,,partner_api_order
4777,2025-12-20,S03121,ADD,4,,partner_api_order
4778,2025-12-20,S03128,CANCEL,0,,partner_api_order
4779,2025-12-21,S00388,NEW,8,annual,partner_api_order
4780,2025-12-21,S01073,NEW,65,annual,partner_api_order
4781,2025-12-21,S02148,NEW,17,annual,partner_api_order
4782,2025-12-21,S00365,REDUCE,7,,partner_api_order
4783,2025-12-21,S01035,ADD,5,,partner_api_order
4784,2025-12-21,S01242,ADD,11,,partner_api_order
4785,2025-12-21,S01466,ADD,26,,partner_api_order
4786,2025-12-21,S02039,CANCEL,0,,partner_api_order
4787,2025-12-21,S02548,CANCEL,0,,partner_api_order
4788,2025-12-21,S02882,REDUCE,3,,partner_api_order
4789,2025-12-21,S03477,ADD,6,,partner_api_order
4790,2025-12-21,S03660,ADD,34,,partner_api_order
4791,2025-12-21,S04135,ADD,1094,,contract_record
4792,2025-12-22,S00344,NEW,11,monthly,partner_api_order
4793,2025-12-22,S00962,NEW,22,annual,partner_api_order
4794,2025-12-22,S01243,NEW,4,monthly,partner_api_order
4795,2025-12-22,S01501,NEW,2,annual,partner_api_order
4796,2025-12-22,S02751,NEW,13,monthly,partner_api_order
4797,2025-12-22,S03579,NEW,67,annual,partner_api_order
4798,2025-12-22,S00042,ADD,12,,partner_api_order
4799,2025-12-22,S01091,ADD,6,,partner_api_order
4800,2025-12-22,S01797,CANCEL,0,,partner_api_order
4801,2025-12-22,S01985,REDUCE,1,,partner_api_order
4802,2025-12-22,S02106,REDUCE,4,,partner_api_order
4803,2025-12-22,S02702,ADD,76,,partner_api_order
4804,2025-12-22,S04194,ADD,6,,partner_api_order
4805,2025-12-23,S00079,NEW,115,annual,contract_record
4806,2025-12-23,S00247,NEW,5,monthly,partner_api_order
4807,2025-12-23,S00531,NEW,4,monthly,partner_api_order
4808,2025-12-23,S01752,NEW,3,monthly,partner_api_order
4809,2025-12-23,S02738,NEW,12,annual,partner_api_order
4810,2025-12-23,S00178,ADD,6,,partner_api_order
4811,2025-12-23,S01131,REDUCE,3,,partner_api_order
4812,2025-12-23,S02125,ADD,9,,partner_api_order
4813,2025-12-23,S03325,ADD,10,,partner_api_order
4814,2025-12-24,S00658,NEW,5,annual,partner_api_order
4815,2025-12-24,S00739,NEW,19,monthly,partner_api_order
4816,2025-12-24,S01152,NEW,4,annual,partner_api_order
4817,2025-12-24,S01793,NEW,3,annual,partner_api_order
4818,2025-12-24,S00102,REDUCE,2,,partner_api_order
4819,2025-12-24,S00247,CANCEL,0,,partner_api_order
4820,2025-12-24,S00859,ADD,20,,partner_api_order
4821,2025-12-24,S00962,REDUCE,11,,partner_api_order
4822,2025-12-24,S01017,CANCEL,0,,partner_api_order
4823,2025-12-24,S02900,ADD,84,,partner_api_order
4824,2025-12-25,S00274,NEW,2,monthly,partner_api_order
4825,2025-12-25,S00758,NEW,19,annual,partner_api_order
4826,2025-12-25,S01371,NEW,7,monthly,partner_api_order
4827,2025-12-25,S01404,NEW,78,annual,partner_api_order
4828,2025-12-25,S01655,NEW,15,annual,partner_api_order
4829,2025-12-25,S01661,NEW,14,annual,partner_api_order
4830,2025-12-25,S02950,NEW,4,annual,partner_api_order
4831,2025-12-25,S03143,NEW,23,annual,partner_api_order
4832,2025-12-25,S03343,NEW,6,annual,partner_api_order
4833,2025-12-25,S03385,NEW,15,monthly,partner_api_order
4834,2025-12-25,S03502,NEW,1,annual,partner_api_order
4835,2025-12-25,S03582,NEW,28,annual,partner_api_order
4836,2025-12-25,S00079,ADD,171,,contract_record
4837,2025-12-25,S01063,REDUCE,4,,partner_api_order
4838,2025-12-25,S02337,REDUCE,3,,partner_api_order
4839,2025-12-25,S04156,REDUCE,5,,partner_api_order
4840,2025-12-26,S01102,NEW,24,annual,partner_api_order
4841,2025-12-26,S01287,NEW,210,annual,contract_record
4842,2025-12-26,S01366,NEW,23,monthly,partner_api_order
4843,2025-12-26,S02661,NEW,10,annual,partner_api_order
4844,2025-12-26,S02889,NEW,3,annual,partner_api_order
4845,2025-12-26,S03315,NEW,3,annual,partner_api_order
4846,2025-12-26,S04199,NEW,13,monthly,partner_api_order
4847,2025-12-26,S00910,REDUCE,0,,partner_api_order
4848,2025-12-26,S01052,ADD,16,,partner_api_order
4849,2025-12-26,S01511,REDUCE,8,,partner_api_order
4850,2025-12-26,S02026,CANCEL,0,,partner_api_order
4851,2025-12-26,S03599,ADD,3,,partner_api_order
4852,2025-12-27,S00945,NEW,11,annual,partner_api_order
4853,2025-12-27,S01278,NEW,2,annual,partner_api_order
4854,2025-12-27,S03058,NEW,12,annual,partner_api_order
4855,2025-12-27,S03467,NEW,14,annual,partner_api_order
4856,2025-12-27,S01287,REDUCE,97,,contract_record
4857,2025-12-27,S01620,ADD,32,,partner_api_order
4858,2025-12-27,S01712,ADD,40,,partner_api_order
4859,2025-12-27,S02122,REDUCE,4,,partner_api_order
4860,2025-12-27,S03039,ADD,4,,partner_api_order
4861,2025-12-27,S03445,REDUCE,41,,partner_api_order
4862,2025-12-27,S03566,REDUCE,3,,partner_api_order
4863,2025-12-27,S03831,REDUCE,15,,partner_api_order
4864,2025-12-27,S03882,ADD,5,,partner_api_order
4865,2025-12-28,S00590,NEW,5,monthly,partner_api_order
4866,2025-12-28,S02479,NEW,20,annual,partner_api_order
4867,2025-12-28,S03789,NEW,11,monthly,partner_api_order
4868,2025-12-28,S04085,NEW,3,annual,partner_api_order
4869,2025-12-28,S03237,ADD,8,,partner_api_order
4870,2025-12-28,S03343,CANCEL,0,,partner_api_order
4871,2025-12-28,S03602,ADD,37,,partner_api_order
4872,2025-12-29,S00191,NEW,38,annual,partner_api_order
4873,2025-12-29,S03973,NEW,9,annual,partner_api_order
4874,2025-12-29,S00238,ADD,2,,partner_api_order
4875,2025-12-29,S00728,ADD,2,,partner_api_order
4876,2025-12-29,S00924,NEW,3,monthly,partner_api_order
4877,2025-12-29,S04111,REDUCE,0,,partner_api_order
4878,2025-12-29,S04207,ADD,39,,partner_api_order
4879,2025-12-30,S00260,NEW,13,monthly,partner_api_order
4880,2025-12-30,S00618,NEW,218,monthly,contract_record
4881,2025-12-30,S00636,NEW,1,monthly,partner_api_order
4882,2025-12-30,S00993,NEW,31,annual,partner_api_order
4883,2025-12-30,S02754,NEW,12,monthly,partner_api_order
4884,2025-12-30,S03836,NEW,4,annual,partner_api_order
4885,2025-12-30,S01404,ADD,117,,partner_api_order
4886,2025-12-31,S01777,NEW,23,annual,partner_api_order
4887,2025-12-31,S02211,NEW,42,annual,partner_api_order
4888,2025-12-31,S00452,CANCEL,0,,partner_api_order
4889,2025-12-31,S00651,ADD,199,,contract_record
4890,2025-12-31,S00993,ADD,31,,partner_api_order
4891,2025-12-31,S01262,ADD,3,,partner_api_order
4892,2025-12-31,S01273,REDUCE,1,,partner_api_order
4893,2025-12-31,S02362,ADD,866,,contract_record
4894,2025-12-31,S02543,ADD,34,,partner_api_order
4895,2026-01-01,S00594,NEW,9,annual,partner_api_order
4896,2026-01-01,S02545,NEW,2,annual,partner_api_order
4897,2026-01-01,S03089,NEW,5,annual,partner_api_order
4898,2026-01-01,S03196,NEW,2,annual,partner_api_order
4899,2026-01-01,S03236,NEW,15,annual,partner_api_order
4900,2026-01-01,S03733,NEW,5,annual,partner_api_order
4901,2026-01-01,S00622,REDUCE,1,,partner_api_order
4902,2026-01-01,S01369,REDUCE,9,,partner_api_order
4903,2026-01-01,S01522,REDUCE,6,,partner_api_order
4904,2026-01-01,S02547,REDUCE,7,,partner_api_order
4905,2026-01-01,S02774,ADD,3,,partner_api_order
4906,2026-01-01,S02914,REDUCE,0,,contract_record
4907,2026-01-01,S03560,REDUCE,14,,partner_api_order
4908,2026-01-02,S00362,NEW,40,annual,partner_api_order
4909,2026-01-02,S01032,NEW,8,annual,partner_api_order
4910,2026-01-02,S01166,NEW,6,annual,partner_api_order
4911,2026-01-02,S01486,NEW,6,annual,partner_api_order
4912,2026-01-02,S01760,NEW,8,annual,partner_api_order
4913,2026-01-02,S02333,NEW,7,monthly,partner_api_order
4914,2026-01-02,S02530,NEW,3,annual,partner_api_order
4915,2026-01-02,S03246,NEW,9,annual,partner_api_order
4916,2026-01-02,S03481,NEW,22,annual,partner_api_order
4917,2026-01-02,S04287,NEW,7,monthly,partner_api_order
4918,2026-01-02,S04331,NEW,2,monthly,partner_api_order
4919,2026-01-02,S03117,REDUCE,1,,partner_api_order
4920,2026-01-02,S03866,REDUCE,6,,partner_api_order
4921,2026-01-02,S03964,REDUCE,1,,partner_api_order
4922,2026-01-03,S00108,NEW,12,annual,partner_api_order
4923,2026-01-03,S00265,NEW,7,annual,partner_api_order
4924,2026-01-03,S00842,NEW,20,annual,partner_api_order
4925,2026-01-03,S01792,NEW,7,monthly,partner_api_order
4926,2026-01-03,S02703,NEW,3,monthly,partner_api_order
4927,2026-01-03,S03068,NEW,12,annual,partner_api_order
4928,2026-01-03,S03101,NEW,4,monthly,partner_api_order
4929,2026-01-03,S00253,CANCEL,0,,partner_api_order
4930,2026-01-03,S01222,ADD,19,,partner_api_order
4931,2026-01-03,S01308,CANCEL,0,,partner_api_order
4932,2026-01-03,S01823,REDUCE,9,,partner_api_order
4933,2026-01-03,S02917,ADD,11,,partner_api_order
4934,2026-01-03,S03083,ADD,14,,partner_api_order
4935,2026-01-03,S04189,REDUCE,4,,partner_api_order
4936,2026-01-04,S00334,NEW,2,annual,partner_api_order
4937,2026-01-04,S01144,NEW,296,monthly,contract_record
4938,2026-01-04,S02291,NEW,5,monthly,partner_api_order
4939,2026-01-04,S02480,NEW,5,monthly,partner_api_order
4940,2026-01-04,S02550,NEW,13,annual,partner_api_order
4941,2026-01-04,S02551,NEW,8,monthly,partner_api_order
4942,2026-01-04,S02865,NEW,4,annual,partner_api_order
4943,2026-01-04,S03152,NEW,9,annual,partner_api_order
4944,2026-01-04,S00237,ADD,33,,partner_api_order
4945,2026-01-04,S01331,REDUCE,0,,partner_api_order
4946,2026-01-04,S01795,ADD,2,,partner_api_order
4947,2026-01-04,S02609,ADD,8,,partner_api_order
4948,2026-01-04,S02694,REDUCE,1,,partner_api_order
4949,2026-01-04,S02751,ADD,13,,partner_api_order
4950,2026-01-04,S02802,ADD,13,,partner_api_order
4951,2026-01-04,S04269,CANCEL,0,,partner_api_order
4952,2026-01-04,S04324,ADD,44,,partner_api_order
4953,2026-01-05,S00863,NEW,40,monthly,partner_api_order
4954,2026-01-05,S00976,NEW,29,monthly,partner_api_order
4955,2026-01-05,S01459,NEW,10,monthly,partner_api_order
4956,2026-01-05,S02924,NEW,4,annual,partner_api_order
4957,2026-01-05,S03256,NEW,17,monthly,partner_api_order
4958,2026-01-05,S04210,NEW,16,annual,partner_api_order
4959,2026-01-05,S01121,ADD,47,,partner_api_order
4960,2026-01-05,S02468,ADD,8,,partner_api_order
4961,2026-01-05,S04140,REDUCE,3,,partner_api_order
4962,2026-01-05,S04255,ADD,27,,partner_api_order
4963,2026-01-06,S00137,NEW,21,monthly,partner_api_order
4964,2026-01-06,S00255,NEW,2,annual,partner_api_order
4965,2026-01-06,S01427,NEW,8,monthly,partner_api_order
4966,2026-01-06,S02314,NEW,3,monthly,partner_api_order
4967,2026-01-06,S02537,NEW,3,annual,partner_api_order
4968,2026-01-06,S02783,NEW,5,annual,partner_api_order
4969,2026-01-06,S02957,NEW,14,monthly,partner_api_order
4970,2026-01-06,S02837,CANCEL,0,,partner_api_order
4971,2026-01-07,S01685,NEW,25,annual,partner_api_order
4972,2026-01-07,S02489,NEW,4,annual,partner_api_order
4973,2026-01-07,S03838,NEW,3,annual,partner_api_order
4974,2026-01-07,S04112,NEW,5,monthly,partner_api_order
4975,2026-01-07,S00225,REDUCE,10,,partner_api_order
4976,2026-01-07,S00726,REDUCE,21,,partner_api_order
4977,2026-01-07,S00815,REDUCE,1,,partner_api_order
4978,2026-01-07,S00954,ADD,2,,partner_api_order
4979,2026-01-07,S03204,REDUCE,72,,contract_record
4980,2026-01-07,S03406,ADD,16,,partner_api_order
4981,2026-01-07,S03511,NEW,11,annual,partner_api_order
4982,2026-01-07,S03541,ADD,154,,contract_record
4983,2026-01-07,S03633,REDUCE,2,,partner_api_order
4984,2026-01-07,S03825,ADD,11,,partner_api_order
4985,2026-01-08,S00391,NEW,2,annual,partner_api_order
4986,2026-01-08,S01577,NEW,2,annual,partner_api_order
4987,2026-01-08,S02087,NEW,4,annual,partner_api_order
4988,2026-01-08,S02708,NEW,6,annual,partner_api_order
4989,2026-01-08,S02786,NEW,11,annual,partner_api_order
4990,2026-01-08,S02806,NEW,6,annual,partner_api_order
4991,2026-01-08,S03712,NEW,8,annual,partner_api_order
4992,2026-01-08,S03759,NEW,5,monthly,partner_api_order
4993,2026-01-08,S03811,NEW,10,annual,partner_api_order
4994,2026-01-08,S01275,REDUCE,1,,partner_api_order
4995,2026-01-08,S02113,ADD,6,,partner_api_order
4996,2026-01-08,S02314,CANCEL,0,,partner_api_order
4997,2026-01-08,S02536,REDUCE,0,,partner_api_order
4998,2026-01-08,S03230,CANCEL,0,,partner_api_order
4999,2026-01-08,S04378,ADD,14,,partner_api_order
5000,2026-01-09,S00692,NEW,11,annual,partner_api_order
5001,2026-01-09,S01168,NEW,681,annual,contract_record
5002,2026-01-09,S01454,NEW,3,annual,partner_api_order
5003,2026-01-09,S01542,NEW,15,monthly,partner_api_order
5004,2026-01-09,S01819,NEW,2,annual,partner_api_order
5005,2026-01-09,S02554,NEW,22,annual,partner_api_order
5006,2026-01-09,S03095,NEW,7,annual,partner_api_order
5007,2026-01-09,S03986,NEW,13,monthly,partner_api_order
5008,2026-01-09,S00023,ADD,9,,partner_api_order
5009,2026-01-09,S00327,REDUCE,2,,partner_api_order
5010,2026-01-09,S04022,REDUCE,1,,partner_api_order
5011,2026-01-10,S00001,NEW,2,annual,partner_api_order
5012,2026-01-10,S02166,NEW,7,annual,partner_api_order
5013,2026-01-10,S02761,NEW,11,annual,partner_api_order
5014,2026-01-10,S03144,NEW,5,monthly,partner_api_order
5015,2026-01-10,S03322,NEW,5,annual,partner_api_order
5016,2026-01-10,S03447,NEW,3,monthly,partner_api_order
5017,2026-01-10,S03580,NEW,4,monthly,partner_api_order
5018,2026-01-10,S01172,REDUCE,0,,partner_api_order
5019,2026-01-10,S01282,REDUCE,17,,partner_api_order
5020,2026-01-10,S02073,REDUCE,9,,partner_api_order
5021,2026-01-10,S02089,CANCEL,0,,partner_api_order
5022,2026-01-10,S02343,ADD,35,,partner_api_order
5023,2026-01-10,S02383,REDUCE,2,,partner_api_order
5024,2026-01-10,S02833,ADD,3,,partner_api_order
5025,2026-01-10,S03049,ADD,299,,contract_record
5026,2026-01-10,S03552,REDUCE,2,,partner_api_order
5027,2026-01-11,S00711,NEW,4,annual,partner_api_order
5028,2026-01-11,S00779,NEW,24,monthly,partner_api_order
5029,2026-01-11,S00788,NEW,11,annual,partner_api_order
5030,2026-01-11,S03212,NEW,5,monthly,partner_api_order
5031,2026-01-11,S03949,NEW,9,annual,partner_api_order
5032,2026-01-11,S00377,ADD,7,,partner_api_order
5033,2026-01-11,S90164,ADD,13,,partner_api_order
5034,2026-01-11,S01434,ADD,10,,partner_api_order
5035,2026-01-11,S01905,ADD,5,,partner_api_order
5036,2026-01-11,S02316,ADD,9,,partner_api_order
5037,2026-01-11,S02483,ADD,22,,partner_api_order
5038,2026-01-11,S04209,ADD,21,,partner_api_order
5039,2026-01-11,S04258,REDUCE,9,,partner_api_order
5040,2026-01-12,S00847,NEW,9,annual,partner_api_order
5041,2026-01-12,S00984,NEW,2,annual,partner_api_order
5042,2026-01-12,S01365,NEW,3,monthly,partner_api_order
5043,2026-01-12,S01724,NEW,6,annual,partner_api_order
5044,2026-01-12,S02071,NEW,9,annual,partner_api_order
5045,2026-01-12,S02526,NEW,3,annual,partner_api_order
5046,2026-01-12,S03004,NEW,7,monthly,partner_api_order
5047,2026-01-12,S03506,NEW,5,monthly,partner_api_order
5048,2026-01-12,S00073,REDUCE,7,,partner_api_order
5049,2026-01-12,S01311,ADD,7,,partner_api_order
5050,2026-01-12,S01383,CANCEL,0,,partner_api_order
5051,2026-01-12,S02155,ADD,14,,partner_api_order
5052,2026-01-13,S00212,NEW,9,annual,partner_api_order
5053,2026-01-13,S00510,NEW,1,monthly,partner_api_order
5054,2026-01-13,S01185,NEW,4,monthly,partner_api_order
5055,2026-01-13,S02522,NEW,3,annual,partner_api_order
5056,2026-01-13,S02669,NEW,4,annual,partner_api_order
5057,2026-01-13,S03947,NEW,10,monthly,partner_api_order
5058,2026-01-13,S00813,REDUCE,9,,partner_api_order
5059,2026-01-13,S01198,CANCEL,0,,partner_api_order
5060,2026-01-13,S01209,CANCEL,0,,partner_api_order
5061,2026-01-13,S01411,ADD,11,,partner_api_order
5062,2026-01-13,S01550,CANCEL,0,,partner_api_order
5063,2026-01-13,S01810,ADD,7,,partner_api_order
5064,2026-01-13,S01996,ADD,8,,partner_api_order
5065,2026-01-13,S02087,REDUCE,3,,partner_api_order
5066,2026-01-13,S03488,ADD,22,,partner_api_order
5067,2026-01-13,S03881,ADD,12,,partner_api_order
5068,2026-01-14,S00263,NEW,4,monthly,partner_api_order
5069,2026-01-14,S00808,NEW,29,annual,partner_api_order
5070,2026-01-14,S01514,NEW,10,annual,partner_api_order
5071,2026-01-14,S01680,NEW,3,monthly,partner_api_order
5072,2026-01-14,S01859,NEW,7,annual,partner_api_order
5073,2026-01-14,S01919,NEW,13,monthly,partner_api_order
5074,2026-01-14,S02269,NEW,13,annual,partner_api_order
5075,2026-01-14,S02797,NEW,1,annual,partner_api_order
5076,2026-01-14,S03221,NEW,26,monthly,partner_api_order
5077,2026-01-14,S03877,NEW,6,annual,partner_api_order
5078,2026-01-14,S04046,NEW,22,monthly,partner_api_order
5079,2026-01-14,S04106,NEW,4,annual,partner_api_order
5080,2026-01-14,S01490,ADD,9,,partner_api_order
5081,2026-01-14,S02261,REDUCE,1,,partner_api_order
5082,2026-01-14,S03442,CANCEL,0,,partner_api_order
5083,2026-01-14,S03908,ADD,10,,partner_api_order
5084,2026-01-15,S00700,NEW,2,annual,partner_api_order
5085,2026-01-15,S00919,NEW,3,annual,partner_api_order
5086,2026-01-15,S01790,NEW,1,annual,partner_api_order
5087,2026-01-15,S02465,NEW,2,annual,partner_api_order
5088,2026-01-15,S02906,NEW,1,monthly,partner_api_order
5089,2026-01-15,S01606,ADD,6,,partner_api_order
5090,2026-01-15,S01710,REDUCE,3,,partner_api_order
5091,2026-01-15,S02565,REDUCE,44,,contract_record
5092,2026-01-15,S02716,REDUCE,5,,partner_api_order
5093,2026-01-15,S90392,REDUCE,6,,partner_api_order
5094,2026-01-16,S00648,NEW,19,monthly,partner_api_order
5095,2026-01-16,S01071,NEW,17,annual,partner_api_order
5096,2026-01-16,S01462,NEW,89,monthly,contract_record
5097,2026-01-16,S01922,NEW,1,monthly,partner_api_order
5098,2026-01-16,S03009,NEW,4,annual,partner_api_order
5099,2026-01-16,S03682,NEW,12,annual,partner_api_order
5100,2026-01-16,S00168,ADD,6,,partner_api_order
5101,2026-01-16,S00470,ADD,6,,partner_api_order
5102,2026-01-16,S01447,ADD,31,,partner_api_order
5103,2026-01-16,S90650,REDUCE,12,,partner_api_order
5104,2026-01-16,S02402,CANCEL,0,,contract_record
5105,2026-01-16,S02627,CANCEL,0,,partner_api_order
5106,2026-01-16,S03250,CANCEL,0,,partner_api_order
5107,2026-01-16,S03649,CANCEL,0,,partner_api_order
5108,2026-01-16,S03745,REDUCE,20,,partner_api_order
5109,2026-01-17,S00195,NEW,4,monthly,partner_api_order
5110,2026-01-17,S00491,NEW,6,monthly,partner_api_order
5111,2026-01-17,S00886,NEW,5,monthly,partner_api_order
5112,2026-01-17,S01693,NEW,4,monthly,partner_api_order
5113,2026-01-17,S01756,NEW,45,monthly,partner_api_order
5114,2026-01-17,S02025,NEW,19,annual,partner_api_order
5115,2026-01-17,S02448,NEW,4,monthly,partner_api_order
5116,2026-01-17,S02964,NEW,44,annual,partner_api_order
5117,2026-01-17,S04062,NEW,8,annual,partner_api_order
5118,2026-01-17,S00717,ADD,5,,partner_api_order
5119,2026-01-17,S02920,NEW,37,annual,partner_api_order
5120,2026-01-17,S03103,CANCEL,0,,partner_api_order
5121,2026-01-17,S03258,ADD,8,,partner_api_order
5122,2026-01-18,S02293,NEW,96,annual,contract_record
5123,2026-01-18,S02430,NEW,5,annual,partner_api_order
5124,2026-01-18,S02885,NEW,18,annual,partner_api_order
5125,2026-01-18,S00211,ADD,5,,partner_api_order
5126,2026-01-18,S02878,REDUCE,313,,contract_record
5127,2026-01-19,S00103,NEW,34,monthly,partner_api_order
5128,2026-01-19,S00588,NEW,1,annual,partner_api_order
5129,2026-01-19,S01801,NEW,8,monthly,partner_api_order
5130,2026-01-19,S01845,NEW,5,monthly,partner_api_order
5131,2026-01-19,S02431,NEW,4,monthly,partner_api_order
5132,2026-01-19,S03014,NEW,97,monthly,contract_record
5133,2026-01-19,S03666,NEW,7,annual,partner_api_order
5134,2026-01-19,S00529,ADD,8,,partner_api_order
5135,2026-01-19,S01603,ADD,13,,partner_api_order
5136,2026-01-19,S01667,REDUCE,101,,contract_record
5137,2026-01-19,S02253,ADD,2,,partner_api_order
5138,2026-01-19,S02570,NEW,140,monthly,contract_record
5139,2026-01-19,S02787,CANCEL,0,,partner_api_order
5140,2026-01-19,S03264,ADD,7,,partner_api_order
5141,2026-01-19,S03656,CANCEL,0,,contract_record
5142,2026-01-19,S04175,REDUCE,14,,partner_api_order
5143,2026-01-20,S00794,NEW,5,annual,partner_api_order
5144,2026-01-20,S01245,NEW,6,monthly,partner_api_order
5145,2026-01-20,S01280,NEW,7,annual,partner_api_order
5146,2026-01-20,S01889,NEW,8,monthly,partner_api_order
5147,2026-01-20,S02346,NEW,6,annual,partner_api_order
5148,2026-01-20,S02603,NEW,21,annual,partner_api_order
5149,2026-01-20,S03485,NEW,3,monthly,partner_api_order
5150,2026-01-20,S03945,NEW,7,annual,partner_api_order
5151,2026-01-20,S04103,NEW,7,monthly,partner_api_order
5152,2026-01-20,S00510,ADD,1,,partner_api_order
5153,2026-01-20,S01286,REDUCE,5,,partner_api_order
5154,2026-01-20,S01370,REDUCE,30,,partner_api_order
5155,2026-01-20,S02481,CANCEL,0,,partner_api_order
5156,2026-01-20,S03989,CANCEL,0,,partner_api_order
5157,2026-01-21,S00340,NEW,3,monthly,partner_api_order
5158,2026-01-21,S00447,NEW,3,annual,partner_api_order
5159,2026-01-21,S02407,NEW,8,monthly,partner_api_order
5160,2026-01-21,S02763,NEW,3,monthly,partner_api_order
5161,2026-01-21,S03931,NEW,10,annual,partner_api_order
5162,2026-01-21,S00215,ADD,15,,partner_api_order
5163,2026-01-21,S01717,ADD,6,,partner_api_order
5164,2026-01-21,S02817,ADD,7,,partner_api_order
5165,2026-01-21,S03506,ADD,7,,partner_api_order
5166,2026-01-22,S00725,NEW,17,annual,partner_api_order
5167,2026-01-22,S00860,NEW,8,annual,partner_api_order
5168,2026-01-22,S01020,NEW,6,annual,partner_api_order
5169,2026-01-22,S01362,NEW,9,monthly,partner_api_order
5170,2026-01-22,S01629,NEW,7,annual,partner_api_order
5171,2026-01-22,S01669,NEW,29,annual,partner_api_order
5172,2026-01-22,S02149,NEW,20,annual,partner_api_order
5173,2026-01-22,S02281,NEW,18,annual,partner_api_order
5174,2026-01-22,S02326,NEW,17,monthly,partner_api_order
5175,2026-01-22,S00458,ADD,4,,partner_api_order
5176,2026-01-22,S01310,ADD,2,,partner_api_order
5177,2026-01-22,S90518,ADD,11,,partner_api_order
5178,2026-01-22,S02130,ADD,18,,partner_api_order
5179,2026-01-22,S02356,NEW,9,annual,partner_api_order
5180,2026-01-22,S03014,ADD,129,,contract_record
5181,2026-01-22,S03426,REDUCE,7,,partner_api_order
5182,2026-01-22,S04026,ADD,11,,partner_api_order
5183,2026-01-22,S04208,CANCEL,0,,partner_api_order
5184,2026-01-23,S00011,NEW,9,annual,partner_api_order
5185,2026-01-23,S00089,NEW,2,annual,partner_api_order
5186,2026-01-23,S02294,NEW,22,monthly,partner_api_order
5187,2026-01-23,S03516,NEW,17,annual,partner_api_order
5188,2026-01-23,S03782,NEW,7,monthly,partner_api_order
5189,2026-01-23,S00993,ADD,41,,partner_api_order
5190,2026-01-23,S03379,CANCEL,0,,partner_api_order
5191,2026-01-23,S03454,REDUCE,4,,partner_api_order
5192,2026-01-23,S03810,ADD,145,,contract_record
5193,2026-01-23,S04331,REDUCE,1,,partner_api_order
5194,2026-01-24,S00069,NEW,8,monthly,partner_api_order
5195,2026-01-24,S00125,NEW,9,annual,partner_api_order
5196,2026-01-24,S02698,NEW,16,monthly,partner_api_order
5197,2026-01-24,S03034,NEW,7,monthly,partner_api_order
5198,2026-01-24,S03295,NEW,2,annual,partner_api_order
5199,2026-01-24,S04117,NEW,34,annual,partner_api_order
5200,2026-01-24,S00116,REDUCE,5,,partner_api_order
5201,2026-01-24,S00711,REDUCE,1,,partner_api_order
5202,2026-01-24,S00716,REDUCE,4,,partner_api_order
5203,2026-01-24,S00819,REDUCE,3,,partner_api_order
5204,2026-01-24,S00916,REDUCE,19,,partner_api_order
5205,2026-01-24,S01083,CANCEL,0,,partner_api_order
5206,2026-01-24,S01395,ADD,2,,partner_api_order
5207,2026-01-24,S02136,REDUCE,0,,partner_api_order
5208,2026-01-24,S02918,ADD,6,,partner_api_order
5209,2026-01-24,S02937,ADD,3,,partner_api_order
5210,2026-01-24,S90929,REDUCE,7,,partner_api_order
5211,2026-01-24,S04072,REDUCE,0,,partner_api_order
5212,2026-01-24,S04230,REDUCE,45,,partner_api_order
5213,2026-01-25,S00214,NEW,144,annual,contract_record
5214,2026-01-25,S00518,NEW,6,annual,partner_api_order
5215,2026-01-25,S00585,NEW,8,annual,partner_api_order
5216,2026-01-25,S02067,NEW,370,monthly,contract_record
5217,2026-01-25,S02456,NEW,9,annual,partner_api_order
5218,2026-01-25,S02606,NEW,6,monthly,partner_api_order
5219,2026-01-25,S02772,NEW,21,annual,partner_api_order
5220,2026-01-25,S03380,NEW,11,annual,partner_api_order
5221,2026-01-25,S03726,NEW,10,annual,partner_api_order
5222,2026-01-25,S03799,NEW,6,monthly,partner_api_order
5223,2026-01-25,S04183,NEW,8,monthly,partner_api_order
5224,2026-01-25,S01021,REDUCE,265,,contract_record
5225,2026-01-25,S01241,ADD,16,,partner_api_order
5226,2026-01-25,S01579,CANCEL,0,,contract_record
5227,2026-01-25,S01801,ADD,12,,partner_api_order
5228,2026-01-25,S01910,REDUCE,12,,partner_api_order
5229,2026-01-25,S02128,ADD,10,,partner_api_order
5230,2026-01-25,S03295,ADD,3,,partner_api_order
5231,2026-01-25,S03437,ADD,24,,partner_api_order
5232,2026-01-25,S04188,REDUCE,15,,partner_api_order
5233,2026-01-26,S00291,NEW,5,annual,partner_api_order
5234,2026-01-26,S00767,NEW,28,annual,partner_api_order
5235,2026-01-26,S01389,NEW,9,annual,partner_api_order
5236,2026-01-26,S01855,NEW,4,annual,partner_api_order
5237,2026-01-26,S03828,NEW,8,monthly,partner_api_order
5238,2026-01-26,S00183,ADD,29,,partner_api_order
5239,2026-01-26,S00808,REDUCE,24,,partner_api_order
5240,2026-01-26,S00984,ADD,3,,partner_api_order
5241,2026-01-26,S01173,REDUCE,16,,partner_api_order
5242,2026-01-26,S01895,ADD,17,,partner_api_order
5243,2026-01-26,S01908,CANCEL,0,,partner_api_order
5244,2026-01-26,S02294,REDUCE,0,,partner_api_order
5245,2026-01-26,S03168,REDUCE,15,,partner_api_order
5246,2026-01-26,S90741,ADD,10,,partner_api_order
5247,2026-01-26,S03619,CANCEL,0,,partner_api_order
5248,2026-01-26,S03877,REDUCE,5,,partner_api_order
5249,2026-01-26,S03880,REDUCE,4,,partner_api_order
5250,2026-01-26,S04087,ADD,35,,partner_api_order
5251,2026-01-27,S01698,NEW,27,annual,partner_api_order
5252,2026-01-27,S01841,NEW,14,annual,partner_api_order
5253,2026-01-27,S01992,NEW,2,annual,partner_api_order
5254,2026-01-27,S02996,NEW,8,annual,partner_api_order
5255,2026-01-27,S01280,CANCEL,0,,partner_api_order
5256,2026-01-27,S02463,ADD,11,,partner_api_order
5257,2026-01-27,S02690,ADD,23,,partner_api_order
5258,2026-01-27,S02966,ADD,16,,partner_api_order
5259,2026-01-27,S03726,ADD,12,,partner_api_order
5260,2026-01-27,S04109,ADD,14,,partner_api_order
5261,2026-01-28,S02005,NEW,8,annual,partner_api_order
5262,2026-01-28,S02368,NEW,177,monthly,contract_record
5263,2026-01-28,S02696,NEW,2,annual,partner_api_order
5264,2026-01-28,S03517,NEW,19,annual,partner_api_order
5265,2026-01-28,S03979,NEW,392,annual,contract_record
5266,2026-01-28,S00821,REDUCE,0,,partner_api_order
5267,2026-01-28,S01135,ADD,15,,partner_api_order
5268,2026-01-28,S01521,ADD,8,,partner_api_order
5269,2026-01-28,S01569,CANCEL,0,,partner_api_order
5270,2026-01-28,S02404,ADD,35,,partner_api_order
5271,2026-01-28,S04244,ADD,129,,contract_record
5272,2026-01-28,S04251,ADD,4,,partner_api_order
5273,2026-01-29,S00091,NEW,13,annual,partner_api_order
5274,2026-01-29,S02495,NEW,3,annual,partner_api_order
5275,2026-01-29,S02676,NEW,12,monthly,partner_api_order
5276,2026-01-29,S02890,NEW,19,monthly,partner_api_order
5277,2026-01-29,S03675,NEW,16,annual,partner_api_order
5278,2026-01-29,S03800,NEW,2,monthly,partner_api_order
5279,2026-01-29,S04264,NEW,8,monthly,partner_api_order
5280,2026-01-29,S04303,NEW,12,annual,partner_api_order
5281,2026-01-29,S00807,ADD,4,,partner_api_order
5282,2026-01-29,S00860,CANCEL,0,,partner_api_order
5283,2026-01-29,S03432,ADD,4,,partner_api_order
5284,2026-01-30,S00791,NEW,28,monthly,partner_api_order
5285,2026-01-30,S02720,NEW,15,monthly,partner_api_order
5286,2026-01-30,S03584,NEW,26,monthly,partner_api_order
5287,2026-01-30,S03943,NEW,6,annual,partner_api_order
5288,2026-01-30,S00402,ADD,11,,partner_api_order
5289,2026-01-30,S00455,CANCEL,0,,partner_api_order
5290,2026-01-30,S00544,ADD,195,,contract_record
5291,2026-01-30,S01062,REDUCE,7,,partner_api_order
5292,2026-01-30,S01971,ADD,5,,partner_api_order
5293,2026-01-30,S02926,CANCEL,0,,partner_api_order
5294,2026-01-30,S03616,ADD,41,,partner_api_order
5295,2026-01-30,S03790,ADD,35,,partner_api_order
5296,2026-01-31,S00844,NEW,6,annual,partner_api_order
5297,2026-01-31,S02152,NEW,9,monthly,partner_api_order
5298,2026-01-31,S03320,NEW,6,annual,partner_api_order
5299,2026-01-31,S04213,NEW,4,annual,partner_api_order
5300,2026-01-31,S04365,NEW,9,annual,partner_api_order
5301,2026-01-31,S01763,REDUCE,8,,partner_api_order
5302,2026-01-31,S02067,CANCEL,0,,contract_record
5303,2026-01-31,S02381,ADD,5,,partner_api_order
5304,2026-01-31,S03599,REDUCE,1,,partner_api_order
5305,2026-01-31,S03782,CANCEL,0,,partner_api_order
5306,2026-01-31,S03966,ADD,2,,partner_api_order
5307,2026-01-31,S04165,REDUCE,1,,partner_api_order
5308,2026-01-31,S04386,ADD,27,,partner_api_order
5309,2026-02-01,S00203,NEW,8,annual,partner_api_order
5310,2026-02-01,S01416,NEW,2,monthly,partner_api_order
5311,2026-02-01,S01492,NEW,12,annual,partner_api_order
5312,2026-02-01,S01930,NEW,5,annual,partner_api_order
5313,2026-02-01,S02460,NEW,15,annual,partner_api_order
5314,2026-02-01,S02769,NEW,19,monthly,partner_api_order
5315,2026-02-01,S02773,NEW,17,monthly,partner_api_order
5316,2026-02-01,S02970,NEW,1,monthly,partner_api_order
5317,2026-02-01,S04149,NEW,14,monthly,partner_api_order
5318,2026-02-01,S00066,ADD,21,,partner_api_order
5319,2026-02-01,S00919,REDUCE,1,,partner_api_order
5320,2026-02-01,S01693,REDUCE,2,,partner_api_order
5321,2026-02-01,S02144,ADD,13,,partner_api_order
5322,2026-02-01,S02848,ADD,20,,partner_api_order
5323,2026-02-01,S03183,ADD,29,,partner_api_order
5324,2026-02-01,S03822,REDUCE,3,,partner_api_order
5325,2026-02-02,S00271,NEW,33,monthly,partner_api_order
5326,2026-02-02,S01543,NEW,4,annual,partner_api_order
5327,2026-02-02,S01725,NEW,18,annual,partner_api_order
5328,2026-02-02,S01783,NEW,14,annual,partner_api_order
5329,2026-02-02,S03082,NEW,9,annual,partner_api_order
5330,2026-02-02,S03471,NEW,8,monthly,partner_api_order
5331,2026-02-02,S03803,NEW,3,annual,partner_api_order
5332,2026-02-02,S01057,CANCEL,0,,partner_api_order
5333,2026-02-02,S01880,ADD,2,,partner_api_order
5334,2026-02-02,S02622,REDUCE,41,,contract_record
5335,2026-02-02,S03068,REDUCE,7,,partner_api_order
5336,2026-02-02,S03596,ADD,5,,partner_api_order
5337,2026-02-02,S04190,CANCEL,0,,partner_api_order
5338,2026-02-03,S01058,NEW,11,annual,partner_api_order
5339,2026-02-03,S02011,NEW,1,annual,partner_api_order
5340,2026-02-03,S04064,NEW,3,annual,partner_api_order
5341,2026-02-03,S00814,CANCEL,0,,partner_api_order
5342,2026-02-03,S01663,REDUCE,26,,partner_api_order
5343,2026-02-03,S01801,ADD,16,,partner_api_order
5344,2026-02-03,S02525,ADD,32,,partner_api_order
5345,2026-02-04,S00123,NEW,13,annual,partner_api_order
5346,2026-02-04,S00617,NEW,5,monthly,partner_api_order
5347,2026-02-04,S00645,NEW,5,monthly,partner_api_order
5348,2026-02-04,S00834,NEW,5,annual,partner_api_order
5349,2026-02-04,S01054,NEW,4,annual,partner_api_order
5350,2026-02-04,S01413,NEW,23,annual,partner_api_order
5351,2026-02-04,S01887,NEW,23,annual,partner_api_order
5352,2026-02-04,S02108,NEW,4,monthly,partner_api_order
5353,2026-02-04,S02963,NEW,6,monthly,partner_api_order
5354,2026-02-04,S03156,NEW,32,annual,partner_api_order
5355,2026-02-04,S03701,NEW,16,annual,partner_api_order
5356,2026-02-04,S03921,NEW,9,annual,partner_api_order
5357,2026-02-04,S04347,NEW,8,annual,partner_api_order
5358,2026-02-04,S00102,ADD,3,,partner_api_order
5359,2026-02-04,S00518,REDUCE,2,,partner_api_order
5360,2026-02-04,S01548,ADD,4,,partner_api_order
5361,2026-02-04,S01707,ADD,51,,partner_api_order
5362,2026-02-04,S01782,ADD,32,,partner_api_order
5363,2026-02-04,S02816,REDUCE,10,,partner_api_order
5364,2026-02-04,S03783,CANCEL,0,,partner_api_order
5365,2026-02-05,S00357,NEW,8,annual,partner_api_order
5366,2026-02-05,S01453,NEW,51,annual,partner_api_order
5367,2026-02-05,S01873,NEW,14,annual,partner_api_order
5368,2026-02-05,S02459,NEW,44,monthly,partner_api_order
5369,2026-02-05,S02913,NEW,18,annual,partner_api_order
5370,2026-02-05,S03846,NEW,79,annual,partner_api_order
5371,2026-02-05,S03990,NEW,8,monthly,partner_api_order
5372,2026-02-05,S00627,ADD,5,,partner_api_order
5373,2026-02-05,S00938,REDUCE,2,,partner_api_order
5374,2026-02-05,S01240,CANCEL,0,,partner_api_order
5375,2026-02-05,S01756,CANCEL,0,,partner_api_order
5376,2026-02-05,S03712,ADD,11,,partner_api_order
5377,2026-02-06,S00759,NEW,3,annual,partner_api_order
5378,2026-02-06,S01401,NEW,3,annual,partner_api_order
5379,2026-02-06,S01589,NEW,11,annual,partner_api_order
5380,2026-02-06,S01938,NEW,2,monthly,partner_api_order
5381,2026-02-06,S02886,NEW,7,annual,partner_api_order
5382,2026-02-06,S03505,NEW,4,annual,partner_api_order
5383,2026-02-06,S00408,ADD,48,,partner_api_order
5384,2026-02-06,S01164,ADD,5,,partner_api_order
5385,2026-02-06,S01389,REDUCE,5,,partner_api_order
5386,2026-02-06,S03370,ADD,14,,partner_api_order
5387,2026-02-07,S01430,NEW,1,monthly,partner_api_order
5388,2026-02-07,S01559,NEW,6,monthly,partner_api_order
5389,2026-02-07,S02126,NEW,3,monthly,partner_api_order
5390,2026-02-07,S02311,NEW,22,annual,partner_api_order
5391,2026-02-07,S04120,NEW,10,monthly,partner_api_order
5392,2026-02-07,S00696,ADD,8,,partner_api_order
5393,2026-02-07,S00904,ADD,5,,partner_api_order
5394,2026-02-07,S00972,REDUCE,6,,partner_api_order
5395,2026-02-07,S03117,CANCEL,0,,partner_api_order
5396,2026-02-07,S03344,ADD,6,,partner_api_order
5397,2026-02-07,S04144,ADD,28,,partner_api_order
5398,2026-02-08,S00127,NEW,2,annual,partner_api_order
5399,2026-02-08,S00571,NEW,10,monthly,partner_api_order
5400,2026-02-08,S00632,NEW,12,annual,partner_api_order
5401,2026-02-08,S01193,NEW,9,annual,partner_api_order
5402,2026-02-08,S02434,NEW,7,annual,partner_api_order
5403,2026-02-08,S02827,NEW,35,annual,partner_api_order
5404,2026-02-08,S02999,NEW,16,annual,partner_api_order
5405,2026-02-08,S03392,NEW,8,annual,partner_api_order
5406,2026-02-08,S03495,NEW,3,monthly,partner_api_order
5407,2026-02-08,S04288,NEW,11,annual,partner_api_order
5408,2026-02-08,S01559,REDUCE,3,,partner_api_order
5409,2026-02-08,S04328,CANCEL,0,,partner_api_order
5410,2026-02-09,S00230,NEW,4,annual,partner_api_order
5411,2026-02-09,S00653,NEW,7,annual,partner_api_order
5412,2026-02-09,S00955,NEW,4,monthly,partner_api_order
5413,2026-02-09,S01327,NEW,6,monthly,partner_api_order
5414,2026-02-09,S01877,NEW,9,annual,partner_api_order
5415,2026-02-09,S02861,NEW,28,annual,partner_api_order
5416,2026-02-09,S03339,NEW,4,monthly,partner_api_order
5417,2026-02-09,S03581,NEW,5,monthly,partner_api_order
5418,2026-02-09,S01027,REDUCE,1,,partner_api_order
5419,2026-02-09,S01418,ADD,18,,partner_api_order
5420,2026-02-09,S02196,ADD,313,,contract_record
5421,2026-02-09,S02435,REDUCE,25,,partner_api_order
5422,2026-02-09,S02939,ADD,12,,partner_api_order
5423,2026-02-10,S02325,NEW,26,monthly,partner_api_order
5424,2026-02-10,S02421,NEW,9,annual,partner_api_order
5425,2026-02-10,S02610,NEW,11,annual,partner_api_order
5426,2026-02-10,S02874,NEW,12,monthly,partner_api_order
5427,2026-02-10,S04042,NEW,11,monthly,partner_api_order
5428,2026-02-10,S01148,ADD,5,,partner_api_order
5429,2026-02-10,S01403,REDUCE,18,,partner_api_order
5430,2026-02-10,S01572,ADD,4,,partner_api_order
5431,2026-02-10,S01834,ADD,5,,partner_api_order
5432,2026-02-10,S03151,ADD,5,,partner_api_order
5433,2026-02-10,S03266,ADD,5,,partner_api_order
5434,2026-02-10,S03346,ADD,4,,partner_api_order
5435,2026-02-10,S03793,ADD,16,,partner_api_order
5436,2026-02-10,S04149,REDUCE,12,,partner_api_order
5437,2026-02-11,S00996,NEW,31,annual,partner_api_order
5438,2026-02-11,S02576,NEW,1,monthly,partner_api_order
5439,2026-02-11,S04080,NEW,6,annual,partner_api_order
5440,2026-02-11,S00879,REDUCE,28,,partner_api_order
5441,2026-02-11,S01400,REDUCE,2,,partner_api_order
5442,2026-02-11,S03860,CANCEL,0,,partner_api_order
5443,2026-02-12,S02032,NEW,5,monthly,partner_api_order
5444,2026-02-12,S02641,NEW,7,monthly,partner_api_order
5445,2026-02-12,S04129,NEW,2,annual,partner_api_order
5446,2026-02-12,S00230,ADD,6,,partner_api_order
5447,2026-02-12,S00559,ADD,6,,partner_api_order
5448,2026-02-12,S01348,REDUCE,1,,partner_api_order
5449,2026-02-12,S01549,ADD,13,,partner_api_order
5450,2026-02-12,S02017,REDUCE,20,,partner_api_order
5451,2026-02-12,S02028,REDUCE,0,,partner_api_order
5452,2026-02-12,S02104,REDUCE,16,,partner_api_order
5453,2026-02-12,S02768,ADD,11,,partner_api_order
5454,2026-02-12,S02839,CANCEL,0,,partner_api_order
5455,2026-02-12,S03500,REDUCE,3,,partner_api_order
5456,2026-02-12,S03713,ADD,5,,partner_api_order
5457,2026-02-12,S03785,REDUCE,4,,partner_api_order
5458,2026-02-12,S03810,ADD,212,,contract_record
5459,2026-02-13,S00007,NEW,15,annual,partner_api_order
5460,2026-02-13,S00373,NEW,13,monthly,partner_api_order
5461,2026-02-13,S00680,NEW,23,annual,partner_api_order
5462,2026-02-13,S00978,NEW,4,annual,partner_api_order
5463,2026-02-13,S01481,NEW,94,annual,contract_record
5464,2026-02-13,S02417,NEW,1,annual,partner_api_order
5465,2026-02-13,S03114,NEW,1,annual,partner_api_order
5466,2026-02-13,S03474,NEW,11,annual,partner_api_order
5467,2026-02-13,S01135,REDUCE,11,,partner_api_order
5468,2026-02-13,S01773,ADD,10,,partner_api_order
5469,2026-02-13,S02029,REDUCE,18,,partner_api_order
5470,2026-02-13,S02129,REDUCE,10,,partner_api_order
5471,2026-02-13,S03954,CANCEL,0,,partner_api_order
5472,2026-02-13,S04072,ADD,13,,partner_api_order
5473,2026-02-13,S04094,REDUCE,13,,partner_api_order
5474,2026-02-14,S00016,NEW,10,annual,partner_api_order
5475,2026-02-14,S00783,NEW,11,monthly,partner_api_order
5476,2026-02-14,S01360,NEW,14,monthly,partner_api_order
5477,2026-02-14,S01691,NEW,5,annual,partner_api_order
5478,2026-02-14,S01788,NEW,5,monthly,partner_api_order
5479,2026-02-14,S01986,NEW,30,annual,partner_api_order
5480,2026-02-14,S04142,NEW,6,monthly,partner_api_order
5481,2026-02-14,S00921,ADD,14,,partner_api_order
5482,2026-02-14,S01307,REDUCE,35,,partner_api_order
5483,2026-02-14,S01997,ADD,2,,partner_api_order
5484,2026-02-14,S02753,CANCEL,0,,partner_api_order
5485,2026-02-14,S03768,ADD,7,,partner_api_order
5486,2026-02-14,S03829,REDUCE,15,,partner_api_order
5487,2026-02-14,S04100,REDUCE,1,,partner_api_order
5488,2026-02-15,S01345,NEW,16,annual,partner_api_order
5489,2026-02-15,S02695,NEW,11,monthly,partner_api_order
5490,2026-02-15,S02925,NEW,4,monthly,partner_api_order
5491,2026-02-15,S02959,NEW,2,monthly,partner_api_order
5492,2026-02-15,S03935,NEW,36,monthly,partner_api_order
5493,2026-02-15,S01427,REDUCE,6,,partner_api_order
5494,2026-02-15,S01581,ADD,2,,partner_api_order
5495,2026-02-15,S02722,REDUCE,17,,partner_api_order
5496,2026-02-15,S02724,REDUCE,5,,partner_api_order
5497,2026-02-15,S02855,ADD,16,,partner_api_order
5498,2026-02-15,S02963,REDUCE,5,,partner_api_order
5499,2026-02-15,S03380,ADD,11,,partner_api_order
5500,2026-02-16,S00024,NEW,40,annual,partner_api_order
5501,2026-02-16,S00277,NEW,19,annual,partner_api_order
5502,2026-02-16,S01267,NEW,1,annual,partner_api_order
5503,2026-02-16,S01954,NEW,5,monthly,partner_api_order
5504,2026-02-16,S03086,NEW,7,monthly,partner_api_order
5505,2026-02-16,S03992,NEW,5,annual,partner_api_order
5506,2026-02-16,S03995,NEW,7,monthly,partner_api_order
5507,2026-02-16,S04093,NEW,8,annual,partner_api_order
5508,2026-02-16,S00223,REDUCE,28,,partner_api_order
5509,2026-02-16,S00756,REDUCE,14,,partner_api_order
5510,2026-02-16,S01504,ADD,10,,partner_api_order
5511,2026-02-16,S01676,ADD,5,,partner_api_order
5512,2026-02-16,S01841,ADD,22,,partner_api_order
5513,2026-02-16,S02327,ADD,6,,partner_api_order
5514,2026-02-16,S02616,REDUCE,0,,partner_api_order
5515,2026-02-16,S02929,REDUCE,4,,partner_api_order
5516,2026-02-16,S02955,REDUCE,5,,partner_api_order
5517,2026-02-16,S03811,ADD,10,,partner_api_order
5518,2026-02-16,S03971,ADD,9,,partner_api_order
5519,2026-02-16,S03980,REDUCE,12,,partner_api_order
5520,2026-02-16,S04111,CANCEL,0,,partner_api_order
5521,2026-02-16,S04221,REDUCE,28,,partner_api_order
5522,2026-02-17,S01409,NEW,4,monthly,partner_api_order
5523,2026-02-17,S03605,NEW,5,monthly,partner_api_order
5524,2026-02-17,S03668,NEW,10,monthly,partner_api_order
5525,2026-02-17,S03902,NEW,23,annual,partner_api_order
5526,2026-02-17,S00712,ADD,27,,partner_api_order
5527,2026-02-17,S01292,CANCEL,0,,partner_api_order
5528,2026-02-17,S01522,REDUCE,4,,partner_api_order
5529,2026-02-17,S01634,ADD,5,,partner_api_order
5530,2026-02-17,S01887,ADD,36,,partner_api_order
5531,2026-02-17,S01993,CANCEL,0,,partner_api_order
5532,2026-02-17,S02086,ADD,14,,partner_api_order
5533,2026-02-17,S02090,ADD,9,,partner_api_order
5534,2026-02-17,S02834,ADD,343,,contract_record
5535,2026-02-17,S04165,ADD,2,,partner_api_order
5536,2026-02-18,S00538,NEW,11,annual,partner_api_order
5537,2026-02-18,S03620,NEW,7,monthly,partner_api_order
5538,2026-02-18,S03758,NEW,4,annual,partner_api_order
5539,2026-02-18,S03929,NEW,80,monthly,partner_api_order
5540,2026-02-18,S02430,REDUCE,4,,partner_api_order
5541,2026-02-18,S02660,ADD,3,,partner_api_order
5542,2026-02-18,S03168,REDUCE,9,,partner_api_order
5543,2026-02-18,S03172,REDUCE,14,,partner_api_order
5544,2026-02-18,S03452,REDUCE,14,,partner_api_order
5545,2026-02-19,S00487,NEW,13,monthly,partner_api_order
5546,2026-02-19,S00612,NEW,6,annual,partner_api_order
5547,2026-02-19,S01053,NEW,11,annual,partner_api_order
5548,2026-02-19,S01564,NEW,5,annual,partner_api_order
5549,2026-02-19,S02691,NEW,10,annual,partner_api_order
5550,2026-02-19,S03570,NEW,3,annual,partner_api_order
5551,2026-02-19,S03746,NEW,4,monthly,partner_api_order
5552,2026-02-19,S00700,REDUCE,1,,partner_api_order
5553,2026-02-19,S01166,ADD,7,,partner_api_order
5554,2026-02-19,S01248,ADD,2,,partner_api_order
5555,2026-02-19,S01288,REDUCE,13,,partner_api_order
5556,2026-02-19,S02353,CANCEL,0,,partner_api_order
5557,2026-02-19,S02417,ADD,1,,partner_api_order
5558,2026-02-19,S02655,ADD,126,,partner_api_order
5559,2026-02-19,S02673,ADD,17,,partner_api_order
5560,2026-02-19,S02900,ADD,127,,partner_api_order
5561,2026-02-20,S00035,NEW,3,annual,partner_api_order
5562,2026-02-20,S00287,NEW,11,monthly,partner_api_order
5563,2026-02-20,S00790,NEW,2,annual,partner_api_order
5564,2026-02-20,S01861,NEW,1,annual,partner_api_order
5565,2026-02-20,S02264,NEW,18,monthly,partner_api_order
5566,2026-02-20,S02342,NEW,12,monthly,partner_api_order
5567,2026-02-20,S00206,ADD,6,,partner_api_order
5568,2026-02-20,S00697,ADD,53,,partner_api_order
5569,2026-02-20,S01091,ADD,9,,partner_api_order
5570,2026-02-20,S01130,ADD,6,,partner_api_order
5571,2026-02-20,S01798,ADD,13,,partner_api_order
5572,2026-02-20,S02444,ADD,6,,partner_api_order
5573,2026-02-20,S03547,REDUCE,201,,contract_record
5574,2026-02-20,S04102,REDUCE,3,,partner_api_order
5575,2026-02-21,S00318,NEW,8,annual,partner_api_order
5576,2026-02-21,S00467,NEW,7,annual,partner_api_order
5577,2026-02-21,S00516,NEW,350,annual,contract_record
5578,2026-02-21,S01153,NEW,4,monthly,partner_api_order
5579,2026-02-21,S01613,NEW,10,annual,partner_api_order
5580,2026-02-21,S01955,NEW,5,annual,partner_api_order
5581,2026-02-21,S02133,NEW,6,monthly,partner_api_order
5582,2026-02-21,S02238,NEW,33,monthly,partner_api_order
5583,2026-02-21,S02636,NEW,4,annual,partner_api_order
5584,2026-02-21,S03411,NEW,11,annual,partner_api_order
5585,2026-02-21,S03449,NEW,9,monthly,partner_api_order
5586,2026-02-21,S01810,CANCEL,0,,partner_api_order
5587,2026-02-21,S02105,ADD,13,,partner_api_order
5588,2026-02-21,S03602,ADD,53,,partner_api_order
5589,2026-02-21,S04158,REDUCE,2,,partner_api_order
5590,2026-02-21,S04220,CANCEL,0,,partner_api_order
5591,2026-02-22,S00773,NEW,9,annual,partner_api_order
5592,2026-02-22,S01505,NEW,10,annual,partner_api_order
5593,2026-02-22,S02157,NEW,8,annual,partner_api_order
5594,2026-02-22,S02847,NEW,4,annual,partner_api_order
5595,2026-02-22,S03239,NEW,4,annual,partner_api_order
5596,2026-02-22,S03281,NEW,28,annual,partner_api_order
5597,2026-02-22,S03720,NEW,8,monthly,partner_api_order
5598,2026-02-22,S01596,ADD,48,,partner_api_order
5599,2026-02-22,S01669,ADD,37,,partner_api_order
5600,2026-02-22,S02264,ADD,20,,partner_api_order
5601,2026-02-22,S02914,ADD,318,,contract_record
5602,2026-02-22,S03911,ADD,22,,partner_api_order
5603,2026-02-23,S00063,NEW,6,monthly,partner_api_order
5604,2026-02-23,S00252,NEW,3,annual,partner_api_order
5605,2026-02-23,S00350,NEW,4,monthly,partner_api_order
5606,2026-02-23,S00380,NEW,8,monthly,partner_api_order
5607,2026-02-23,S01257,NEW,13,annual,partner_api_order
5608,2026-02-23,S01397,NEW,13,monthly,partner_api_order
5609,2026-02-23,S01524,NEW,8,monthly,partner_api_order
5610,2026-02-23,S02042,NEW,19,annual,partner_api_order
5611,2026-02-23,S02296,NEW,1,annual,partner_api_order
5612,2026-02-23,S02540,NEW,5,monthly,partner_api_order
5613,2026-02-23,S02665,NEW,11,annual,partner_api_order
5614,2026-02-23,S02871,NEW,9,annual,partner_api_order
5615,2026-02-23,S03394,NEW,8,monthly,partner_api_order
5616,2026-02-23,S03515,NEW,6,annual,partner_api_order
5617,2026-02-23,S03801,NEW,26,monthly,partner_api_order
5618,2026-02-23,S04152,NEW,6,annual,partner_api_order
5619,2026-02-23,S00255,REDUCE,1,,partner_api_order
5620,2026-02-23,S02258,ADD,9,,partner_api_order
5621,2026-02-23,S03509,ADD,19,,partner_api_order
5622,2026-02-23,S03695,REDUCE,3,,partner_api_order
5623,2026-02-23,S04020,ADD,6,,partner_api_order
5624,2026-02-23,S04343,ADD,4,,partner_api_order
5625,2026-02-24,S00567,NEW,3,annual,partner_api_order
5626,2026-02-24,S00820,NEW,2,annual,partner_api_order
5627,2026-02-24,S01274,NEW,16,annual,partner_api_order
5628,2026-02-24,S01491,NEW,11,monthly,partner_api_order
5629,2026-02-24,S02246,NEW,12,monthly,partner_api_order
5630,2026-02-24,S02506,NEW,4,monthly,partner_api_order
5631,2026-02-24,S03055,NEW,3,monthly,partner_api_order
5632,2026-02-24,S03248,NEW,3,monthly,partner_api_order
5633,2026-02-24,S03260,NEW,11,annual,partner_api_order
5634,2026-02-24,S03497,NEW,5,annual,partner_api_order
5635,2026-02-24,S03642,NEW,27,annual,partner_api_order
5636,2026-02-24,S04304,NEW,21,annual,partner_api_order
5637,2026-02-24,S00035,ADD,4,,partner_api_order
5638,2026-02-24,S00089,ADD,2,,partner_api_order
5639,2026-02-24,S00844,CANCEL,0,,partner_api_order
5640,2026-02-24,S01153,ADD,6,,partner_api_order
5641,2026-02-24,S01170,ADD,59,,partner_api_order
5642,2026-02-24,S01284,ADD,2,,partner_api_order
5643,2026-02-24,S01817,ADD,7,,partner_api_order
5644,2026-02-24,S02307,CANCEL,0,,partner_api_order
5645,2026-02-24,S02735,REDUCE,4,,partner_api_order
5646,2026-02-25,S01830,NEW,6,monthly,partner_api_order
5647,2026-02-25,S02983,NEW,18,monthly,partner_api_order
5648,2026-02-25,S03303,NEW,8,monthly,partner_api_order
5649,2026-02-25,S01358,REDUCE,3,,partner_api_order
5650,2026-02-25,S01692,CANCEL,0,,partner_api_order
5651,2026-02-25,S01919,REDUCE,9,,partner_api_order
5652,2026-02-25,S02100,REDUCE,7,,partner_api_order
5653,2026-02-25,S02880,NEW,33,annual,partner_api_order
5654,2026-02-25,S03088,ADD,2,,partner_api_order
5655,2026-02-25,S03449,ADD,10,,partner_api_order
5656,2026-02-25,S03832,ADD,11,,partner_api_order
5657,2026-02-26,S01094,NEW,153,monthly,contract_record
5658,2026-02-26,S01806,NEW,8,annual,partner_api_order
5659,2026-02-26,S02784,NEW,13,monthly,partner_api_order
5660,2026-02-26,S03123,NEW,9,monthly,partner_api_order
5661,2026-02-26,S03317,NEW,9,annual,partner_api_order
5662,2026-02-26,S03482,NEW,9,annual,partner_api_order
5663,2026-02-26,S03861,NEW,7,annual,partner_api_order
5664,2026-02-26,S03969,NEW,4,monthly,partner_api_order
5665,2026-02-26,S04043,NEW,378,annual,contract_record
5666,2026-02-26,S00252,ADD,5,,partner_api_order
5667,2026-02-26,S90127,REDUCE,14,,partner_api_order
5668,2026-02-26,S02255,ADD,10,,partner_api_order
5669,2026-02-26,S02814,ADD,9,,partner_api_order
5670,2026-02-26,S03085,REDUCE,4,,partner_api_order
5671,2026-02-26,S04349,ADD,6,,partner_api_order
5672,2026-02-27,S00064,NEW,27,annual,partner_api_order
5673,2026-02-27,S00258,NEW,4,annual,partner_api_order
5674,2026-02-27,S00851,NEW,13,monthly,partner_api_order
5675,2026-02-27,S01349,NEW,11,annual,partner_api_order
5676,2026-02-27,S01833,NEW,4,monthly,partner_api_order
5677,2026-02-27,S02683,NEW,22,annual,partner_api_order
5678,2026-02-27,S03332,NEW,716,monthly,contract_record
5679,2026-02-27,S00330,REDUCE,0,,partner_api_order
5680,2026-02-27,S01781,ADD,13,,partner_api_order
5681,2026-02-27,S02077,ADD,10,,partner_api_order
5682,2026-02-27,S02292,REDUCE,80,,contract_record
5683,2026-02-27,S02634,ADD,2,,partner_api_order
5684,2026-02-27,S03563,REDUCE,2,,partner_api_order
5685,2026-02-27,S03921,ADD,10,,partner_api_order
5686,2026-02-27,S03994,ADD,4,,partner_api_order
5687,2026-02-27,S03995,ADD,8,,partner_api_order
5688,2026-02-27,S04127,ADD,19,,partner_api_order
5689,2026-02-27,S04136,CANCEL,0,,partner_api_order
5690,2026-02-28,S00038,NEW,4,monthly,partner_api_order
5691,2026-02-28,S00565,NEW,14,annual,partner_api_order
5692,2026-02-28,S01467,NEW,18,monthly,partner_api_order
5693,2026-02-28,S01854,NEW,12,annual,partner_api_order
5694,2026-02-28,S02138,NEW,5,annual,partner_api_order
5695,2026-02-28,S02938,NEW,13,monthly,partner_api_order
5696,2026-02-28,S03852,NEW,4,monthly,partner_api_order
5697,2026-02-28,S03873,NEW,14,annual,partner_api_order
5698,2026-02-28,S00847,REDUCE,5,,partner_api_order
5699,2026-02-28,S00851,REDUCE,5,,partner_api_order
5700,2026-02-28,S02013,CANCEL,0,,partner_api_order
5701,2026-02-28,S02137,REDUCE,10,,partner_api_order
5702,2026-02-28,S02836,ADD,36,,partner_api_order
5703,2026-02-28,S02857,REDUCE,20,,partner_api_order
5704,2026-03-01,S00028,NEW,11,annual,partner_api_order
5705,2026-03-01,S01183,NEW,3,monthly,partner_api_order
5706,2026-03-01,S01312,NEW,4,annual,partner_api_order
5707,2026-03-01,S01883,NEW,4,monthly,partner_api_order
5708,2026-03-01,S01933,NEW,39,monthly,partner_api_order
5709,2026-03-01,S02507,NEW,2,annual,partner_api_order
5710,2026-03-01,S04211,NEW,3,annual,partner_api_order
5711,2026-03-01,S00303,ADD,34,,partner_api_order
5712,2026-03-01,S00903,ADD,13,,partner_api_order
5713,2026-03-01,S01071,CANCEL,0,,partner_api_order
5714,2026-03-01,S01591,CANCEL,0,,partner_api_order
5715,2026-03-01,S01680,REDUCE,1,,partner_api_order
5716,2026-03-01,S02705,REDUCE,2,,partner_api_order
5717,2026-03-01,S03158,REDUCE,16,,partner_api_order
5718,2026-03-02,S00542,NEW,17,annual,partner_api_order
5719,2026-03-02,S01423,NEW,7,monthly,partner_api_order
5720,2026-03-02,S01601,NEW,34,monthly,partner_api_order
5721,2026-03-02,S02010,NEW,8,monthly,partner_api_order
5722,2026-03-02,S02727,NEW,5,monthly,partner_api_order
5723,2026-03-02,S02927,NEW,140,annual,contract_record
5724,2026-03-02,S03110,NEW,6,annual,partner_api_order
5725,2026-03-02,S00383,ADD,241,,contract_record
5726,2026-03-02,S00569,ADD,38,,partner_api_order
5727,2026-03-02,S00583,ADD,8,,partner_api_order
5728,2026-03-02,S00881,ADD,7,,partner_api_order
5729,2026-03-02,S01289,CANCEL,0,,partner_api_order
5730,2026-03-02,S01408,ADD,17,,partner_api_order
5731,2026-03-02,S01508,REDUCE,6,,partner_api_order
5732,2026-03-02,S02153,REDUCE,0,,partner_api_order
5733,2026-03-02,S02798,ADD,11,,partner_api_order
5734,2026-03-02,S03410,ADD,37,,partner_api_order
5735,2026-03-02,S03577,ADD,107,,contract_record
5736,2026-03-02,S03672,REDUCE,30,,partner_api_order
5737,2026-03-02,S04033,CANCEL,0,,contract_record
5738,2026-03-02,S04223,ADD,22,,partner_api_order
5739,2026-03-02,S04392,CANCEL,0,,partner_api_order
5740,2026-03-03,S00111,NEW,36,annual,partner_api_order
5741,2026-03-03,S00804,NEW,4,annual,partner_api_order
5742,2026-03-03,S02340,NEW,6,annual,partner_api_order
5743,2026-03-03,S02403,NEW,5,annual,partner_api_order
5744,2026-03-03,S03096,NEW,10,monthly,partner_api_order
5745,2026-03-03,S03321,NEW,34,annual,partner_api_order
5746,2026-03-03,S03824,NEW,8,annual,partner_api_order
5747,2026-03-03,S03960,NEW,1,annual,partner_api_order
5748,2026-03-03,S04053,NEW,6,annual,partner_api_order
5749,2026-03-03,S00429,REDUCE,8,,partner_api_order
5750,2026-03-03,S01312,ADD,5,,partner_api_order
5751,2026-03-03,S01873,CANCEL,0,,partner_api_order
5752,2026-03-03,S02060,ADD,31,,partner_api_order
5753,2026-03-03,S02915,REDUCE,2,,partner_api_order
5754,2026-03-03,S03114,ADD,2,,partner_api_order
5755,2026-03-04,S00599,NEW,370,monthly,contract_record
5756,2026-03-04,S01015,NEW,14,annual,partner_api_order
5757,2026-03-04,S01784,NEW,9,annual,partner_api_order
5758,2026-03-04,S02474,NEW,8,monthly,partner_api_order
5759,2026-03-04,S02675,NEW,8,annual,partner_api_order
5760,2026-03-04,S00221,CANCEL,0,,partner_api_order
5761,2026-03-04,S00939,ADD,9,,partner_api_order
5762,2026-03-04,S02673,ADD,19,,partner_api_order
5763,2026-03-04,S03037,CANCEL,0,,partner_api_order
5764,2026-03-04,S03510,ADD,98,,partner_api_order
5765,2026-03-05,S00053,NEW,16,monthly,partner_api_order
5766,2026-03-05,S00164,NEW,18,monthly,partner_api_order
5767,2026-03-05,S00422,NEW,17,annual,partner_api_order
5768,2026-03-05,S00917,NEW,13,annual,partner_api_order
5769,2026-03-05,S01119,NEW,2,monthly,partner_api_order
5770,2026-03-05,S01398,NEW,4,monthly,partner_api_order
5771,2026-03-05,S02154,NEW,24,monthly,partner_api_order
5772,2026-03-05,S02192,NEW,6,annual,partner_api_order
5773,2026-03-05,S03499,NEW,735,annual,contract_record
5774,2026-03-05,S02256,REDUCE,1,,partner_api_order
5775,2026-03-05,S03854,ADD,3,,partner_api_order
5776,2026-03-05,S04015,ADD,9,,partner_api_order
5777,2026-03-06,S00222,NEW,8,annual,partner_api_order
5778,2026-03-06,S00930,NEW,22,annual,partner_api_order
5779,2026-03-06,S01621,NEW,17,annual,partner_api_order
5780,2026-03-06,S01945,NEW,5,annual,partner_api_order
5781,2026-03-06,S02078,NEW,124,annual,contract_record
5782,2026-03-06,S03198,NEW,14,monthly,partner_api_order
5783,2026-03-06,S03355,NEW,16,monthly,partner_api_order
5784,2026-03-06,S03723,NEW,10,monthly,partner_api_order
5785,2026-03-06,S04161,NEW,6,annual,partner_api_order
5786,2026-03-06,S00164,REDUCE,10,,partner_api_order
5787,2026-03-06,S00839,REDUCE,2,,partner_api_order
5788,2026-03-06,S01082,ADD,63,,partner_api_order
5789,2026-03-06,S01422,ADD,8,,partner_api_order
5790,2026-03-06,S02152,CANCEL,0,,partner_api_order
5791,2026-03-06,S03185,REDUCE,4,,partner_api_order
5792,2026-03-06,S03572,ADD,8,,partner_api_order
5793,2026-03-06,S03888,REDUCE,3,,partner_api_order
5794,2026-03-07,S00753,NEW,7,annual,partner_api_order
5795,2026-03-07,S00846,NEW,4,annual,partner_api_order
5796,2026-03-07,S01038,NEW,12,annual,partner_api_order
5797,2026-03-07,S02524,NEW,4,monthly,partner_api_order
5798,2026-03-07,S02598,NEW,7,annual,partner_api_order
5799,2026-03-07,S02659,NEW,2,monthly,partner_api_order
5800,2026-03-07,S02904,NEW,27,annual,partner_api_order
5801,2026-03-07,S02933,NEW,11,annual,partner_api_order
5802,2026-03-07,S03650,NEW,33,annual,partner_api_order
5803,2026-03-07,S04377,NEW,3,annual,partner_api_order
5804,2026-03-07,S01517,REDUCE,3,,partner_api_order
5805,2026-03-07,S02027,REDUCE,6,,partner_api_order
5806,2026-03-07,S02327,REDUCE,3,,partner_api_order
5807,2026-03-07,S02827,ADD,52,,partner_api_order
5808,2026-03-08,S01708,NEW,6,annual,partner_api_order
5809,2026-03-08,S01719,NEW,55,monthly,partner_api_order
5810,2026-03-08,S02232,NEW,14,monthly,partner_api_order
5811,2026-03-08,S03127,NEW,15,annual,partner_api_order
5812,2026-03-08,S00151,CANCEL,0,,partner_api_order
5813,2026-03-08,S00467,ADD,10,,partner_api_order
5814,2026-03-08,S01123,ADD,10,,partner_api_order
5815,2026-03-08,S01384,ADD,12,,partner_api_order
5816,2026-03-08,S90363,ADD,11,,partner_api_order
5817,2026-03-08,S02712,ADD,9,,partner_api_order
5818,2026-03-08,S02723,REDUCE,1,,partner_api_order
5819,2026-03-08,S03495,ADD,5,,partner_api_order
5820,2026-03-08,S03826,REDUCE,12,,partner_api_order
5821,2026-03-08,S03838,ADD,4,,partner_api_order
5822,2026-03-09,S00136,NEW,4,annual,partner_api_order
5823,2026-03-09,S00256,NEW,8,annual,partner_api_order
5824,2026-03-09,S00546,NEW,8,monthly,partner_api_order
5825,2026-03-09,S00656,NEW,56,monthly,partner_api_order
5826,2026-03-09,S01381,NEW,10,monthly,partner_api_order
5827,2026-03-09,S01414,NEW,6,annual,partner_api_order
5828,2026-03-09,S01417,NEW,9,monthly,partner_api_order
5829,2026-03-09,S01767,NEW,4,monthly,partner_api_order
5830,2026-03-09,S02049,NEW,2,annual,partner_api_order
5831,2026-03-09,S02282,NEW,16,annual,partner_api_order
5832,2026-03-09,S03001,NEW,3,annual,partner_api_order
5833,2026-03-09,S03155,NEW,4,annual,partner_api_order
5834,2026-03-09,S03465,NEW,5,annual,partner_api_order
5835,2026-03-09,S00037,REDUCE,9,,partner_api_order
5836,2026-03-09,S01364,ADD,30,,partner_api_order
5837,2026-03-09,S02744,ADD,91,,partner_api_order
5838,2026-03-09,S02860,ADD,4,,partner_api_order
5839,2026-03-09,S03068,ADD,9,,partner_api_order
5840,2026-03-09,S03119,ADD,17,,partner_api_order
5841,2026-03-09,S04205,REDUCE,10,,partner_api_order
5842,2026-03-10,S00466,NEW,17,annual,partner_api_order
5843,2026-03-10,S00537,NEW,10,annual,partner_api_order
5844,2026-03-10,S00605,NEW,14,annual,partner_api_order
5845,2026-03-10,S01718,NEW,7,annual,partner_api_order
5846,2026-03-10,S01802,NEW,4,monthly,partner_api_order
5847,2026-03-10,S04055,NEW,137,annual,contract_record
5848,2026-03-10,S04307,NEW,8,monthly,partner_api_order
5849,2026-03-10,S04334,NEW,2,annual,partner_api_order
5850,2026-03-10,S01284,ADD,3,,partner_api_order
5851,2026-03-10,S03497,ADD,8,,partner_api_order
5852,2026-03-10,S03641,CANCEL,0,,partner_api_order
5853,2026-03-10,S03832,ADD,16,,partner_api_order
5854,2026-03-11,S00579,NEW,3,annual,partner_api_order
5855,2026-03-11,S01443,NEW,1,annual,partner_api_order
5856,2026-03-11,S02336,NEW,1,monthly,partner_api_order
5857,2026-03-11,S02677,NEW,19,monthly,partner_api_order
5858,2026-03-11,S00073,CANCEL,0,,partner_api_order
5859,2026-03-11,S00271,REDUCE,14,,partner_api_order
5860,2026-03-11,S00525,ADD,17,,partner_api_order
5861,2026-03-11,S02075,ADD,15,,partner_api_order
5862,2026-03-11,S90656,ADD,11,,partner_api_order
5863,2026-03-11,S03792,ADD,7,,partner_api_order
5864,2026-03-11,S04349,CANCEL,0,,partner_api_order
5865,2026-03-12,S01012,NEW,14,annual,partner_api_order
5866,2026-03-12,S01189,NEW,4,monthly,partner_api_order
5867,2026-03-12,S02197,NEW,5,annual,partner_api_order
5868,2026-03-12,S00766,CANCEL,0,,partner_api_order
5869,2026-03-12,S00816,ADD,4,,partner_api_order
5870,2026-03-12,S01573,REDUCE,1,,partner_api_order
5871,2026-03-12,S01667,ADD,131,,contract_record
5872,2026-03-12,S02267,REDUCE,3,,partner_api_order
5873,2026-03-12,S03163,ADD,41,,partner_api_order
5874,2026-03-12,S03983,REDUCE,17,,partner_api_order
5875,2026-03-13,S00319,NEW,4,annual,partner_api_order
5876,2026-03-13,S00843,NEW,9,monthly,partner_api_order
5877,2026-03-13,S01195,NEW,12,annual,partner_api_order
5878,2026-03-13,S01326,NEW,11,annual,partner_api_order
5879,2026-03-13,S01615,NEW,7,monthly,partner_api_order
5880,2026-03-13,S02139,NEW,12,annual,partner_api_order
5881,2026-03-13,S03104,NEW,2,monthly,partner_api_order
5882,2026-03-13,S03407,NEW,8,monthly,partner_api_order
5883,2026-03-13,S03868,NEW,8,annual,partner_api_order
5884,2026-03-13,S04004,NEW,2,monthly,partner_api_order
5885,2026-03-13,S04302,NEW,15,monthly,partner_api_order
5886,2026-03-13,S00060,ADD,4,,partner_api_order
5887,2026-03-13,S00502,ADD,19,,partner_api_order
5888,2026-03-13,S00869,CANCEL,0,,partner_api_order
5889,2026-03-13,S01745,ADD,34,,partner_api_order
5890,2026-03-13,S02581,CANCEL,0,,partner_api_order
5891,2026-03-13,S03846,ADD,107,,partner_api_order
5892,2026-03-14,S02303,NEW,4,annual,partner_api_order
5893,2026-03-14,S04381,NEW,31,annual,partner_api_order
5894,2026-03-14,S00162,CANCEL,0,,partner_api_order
5895,2026-03-14,S00355,NEW,28,annual,partner_api_order
5896,2026-03-14,S00411,ADD,862,,contract_record
5897,2026-03-14,S00538,ADD,16,,partner_api_order
5898,2026-03-14,S01266,ADD,24,,partner_api_order
5899,2026-03-14,S02124,ADD,42,,partner_api_order
5900,2026-03-14,S02245,REDUCE,5,,partner_api_order
5901,2026-03-14,S03597,ADD,558,,contract_record
5902,2026-03-14,S03680,ADD,16,,partner_api_order
5903,2026-03-14,S04106,ADD,4,,partner_api_order
5904,2026-03-15,S00085,NEW,12,monthly,partner_api_order
5905,2026-03-15,S00586,NEW,4,monthly,partner_api_order
5906,2026-03-15,S01815,NEW,18,monthly,partner_api_order
5907,2026-03-15,S02150,NEW,5,annual,partner_api_order
5908,2026-03-15,S02499,NEW,3,monthly,partner_api_order
5909,2026-03-15,S01033,ADD,9,,partner_api_order
5910,2026-03-15,S01176,ADD,10,,partner_api_order
5911,2026-03-15,S02113,REDUCE,0,,partner_api_order
5912,2026-03-15,S02220,ADD,6,,partner_api_order
5913,2026-03-15,S02464,ADD,3,,partner_api_order
5914,2026-03-15,S02662,REDUCE,111,,contract_record
5915,2026-03-15,S03361,REDUCE,8,,partner_api_order
5916,2026-03-15,S04127,ADD,29,,partner_api_order
5917,2026-03-15,S04251,CANCEL,0,,partner_api_order
5918,2026-03-16,S00096,NEW,20,annual,partner_api_order
5919,2026-03-16,S00497,NEW,1,monthly,partner_api_order
5920,2026-03-16,S00507,NEW,8,annual,partner_api_order
5921,2026-03-16,S01626,NEW,16,monthly,partner_api_order
5922,2026-03-16,S01761,NEW,10,monthly,partner_api_order
5923,2026-03-16,S02205,NEW,11,monthly,partner_api_order
5924,2026-03-16,S02462,NEW,10,monthly,partner_api_order
5925,2026-03-16,S02824,NEW,3,monthly,partner_api_order
5926,2026-03-16,S03365,NEW,20,monthly,partner_api_order
5927,2026-03-16,S04130,NEW,3,monthly,partner_api_order
5928,2026-03-16,S00430,ADD,17,,partner_api_order
5929,2026-03-16,S02162,ADD,11,,partner_api_order
5930,2026-03-16,S02169,REDUCE,4,,partner_api_order
5931,2026-03-16,S02362,ADD,1017,,contract_record
5932,2026-03-16,S02739,ADD,5,,partner_api_order
5933,2026-03-16,S03560,ADD,16,,partner_api_order
5934,2026-03-16,S03839,REDUCE,6,,partner_api_order
5935,2026-03-17,S00029,NEW,13,annual,partner_api_order
5936,2026-03-17,S00118,NEW,12,monthly,partner_api_order
5937,2026-03-17,S01470,NEW,42,annual,partner_api_order
5938,2026-03-17,S01642,NEW,12,annual,partner_api_order
5939,2026-03-17,S03289,NEW,10,annual,partner_api_order
5940,2026-03-17,S04052,NEW,341,annual,contract_record
5941,2026-03-17,S04308,NEW,3,annual,partner_api_order
5942,2026-03-17,S00203,REDUCE,3,,partner_api_order
5943,2026-03-17,S90682,REDUCE,6,,partner_api_order
5944,2026-03-17,S02145,REDUCE,15,,partner_api_order
5945,2026-03-17,S02831,REDUCE,7,,partner_api_order
5946,2026-03-17,S03098,CANCEL,0,,partner_api_order
5947,2026-03-17,S03281,ADD,32,,partner_api_order
5948,2026-03-17,S03697,REDUCE,1,,partner_api_order
5949,2026-03-17,S04004,REDUCE,1,,partner_api_order
5950,2026-03-17,S04304,ADD,26,,partner_api_order
5951,2026-03-18,S00755,NEW,4,monthly,partner_api_order
5952,2026-03-18,S01202,NEW,8,annual,partner_api_order
5953,2026-03-18,S03255,NEW,18,annual,partner_api_order
5954,2026-03-18,S00612,REDUCE,4,,partner_api_order
5955,2026-03-18,S00933,REDUCE,11,,partner_api_order
5956,2026-03-18,S01443,ADD,2,,partner_api_order
5957,2026-03-18,S01490,ADD,11,,partner_api_order
5958,2026-03-18,S02372,ADD,13,,partner_api_order
5959,2026-03-18,S02421,ADD,11,,partner_api_order
5960,2026-03-18,S02604,ADD,6,,partner_api_order
5961,2026-03-18,S02691,CANCEL,0,,partner_api_order
5962,2026-03-18,S03670,REDUCE,1,,partner_api_order
5963,2026-03-18,S04361,REDUCE,1,,partner_api_order
5964,2026-03-19,S00746,NEW,12,annual,partner_api_order
5965,2026-03-19,S00817,NEW,15,monthly,partner_api_order
5966,2026-03-19,S01458,NEW,6,monthly,partner_api_order
5967,2026-03-19,S02101,NEW,3,annual,partner_api_order
5968,2026-03-19,S02425,NEW,64,annual,contract_record
5969,2026-03-19,S02985,NEW,7,annual,partner_api_order
5970,2026-03-19,S04313,NEW,37,annual,partner_api_order
5971,2026-03-19,S00299,ADD,5,,partner_api_order
5972,2026-03-19,S00767,ADD,39,,partner_api_order
5973,2026-03-19,S01685,ADD,33,,partner_api_order
5974,2026-03-19,S01912,ADD,7,,partner_api_order
5975,2026-03-19,S02104,ADD,23,,partner_api_order
5976,2026-03-19,S03034,ADD,9,,partner_api_order
5977,2026-03-20,S00379,NEW,3,monthly,partner_api_order
5978,2026-03-20,S01161,NEW,20,monthly,partner_api_order
5979,2026-03-20,S01799,NEW,23,annual,partner_api_order
5980,2026-03-20,S01899,NEW,12,annual,partner_api_order
5981,2026-03-20,S02262,NEW,13,annual,partner_api_order
5982,2026-03-20,S02795,NEW,298,annual,contract_record
5983,2026-03-20,S02895,NEW,6,monthly,partner_api_order
5984,2026-03-20,S01582,REDUCE,2,,partner_api_order
5985,2026-03-20,S01890,REDUCE,4,,partner_api_order
5986,2026-03-20,S01948,ADD,26,,partner_api_order
5987,2026-03-20,S03155,CANCEL,0,,partner_api_order
5988,2026-03-20,S03299,REDUCE,26,,partner_api_order
5989,2026-03-20,S04080,REDUCE,3,,partner_api_order
5990,2026-03-21,S00435,NEW,11,monthly,partner_api_order
5991,2026-03-21,S01658,NEW,13,annual,partner_api_order
5992,2026-03-21,S01863,NEW,6,annual,partner_api_order
5993,2026-03-21,S02879,NEW,21,annual,partner_api_order
5994,2026-03-21,S03464,NEW,34,monthly,partner_api_order
5995,2026-03-21,S04031,NEW,28,annual,partner_api_order
5996,2026-03-21,S04295,NEW,3,annual,partner_api_order
5997,2026-03-21,S00960,NEW,122,annual,contract_record
5998,2026-03-21,S01330,REDUCE,9,,partner_api_order
5999,2026-03-21,S01337,ADD,9,,partner_api_order
6000,2026-03-21,S01896,ADD,22,,partner_api_order
6001,2026-03-21,S02769,REDUCE,14,,partner_api_order
6002,2026-03-21,S03205,ADD,4,,partner_api_order
6003,2026-03-21,S03214,ADD,2,,partner_api_order
6004,2026-03-22,S00003,NEW,5,annual,partner_api_order
6005,2026-03-22,S00353,NEW,4,annual,partner_api_order
6006,2026-03-22,S00409,NEW,2,annual,partner_api_order
6007,2026-03-22,S02159,NEW,17,monthly,partner_api_order
6008,2026-03-22,S03019,NEW,2,annual,partner_api_order
6009,2026-03-22,S03930,NEW,9,annual,partner_api_order
6010,2026-03-22,S00746,REDUCE,7,,partner_api_order
6011,2026-03-22,S00926,ADD,25,,partner_api_order
6012,2026-03-22,S01878,ADD,11,,partner_api_order
6013,2026-03-22,S02073,REDUCE,3,,partner_api_order
6014,2026-03-22,S02523,ADD,26,,partner_api_order
6015,2026-03-22,S02690,CANCEL,0,,partner_api_order
6016,2026-03-22,S02881,CANCEL,0,,partner_api_order
6017,2026-03-22,S03204,ADD,90,,contract_record
6018,2026-03-22,S03837,ADD,14,,partner_api_order
6019,2026-03-23,S00445,NEW,7,annual,partner_api_order
6020,2026-03-23,S01617,NEW,8,annual,partner_api_order
6021,2026-03-23,S03494,NEW,3,annual,partner_api_order
6022,2026-03-23,S03679,NEW,10,monthly,partner_api_order
6023,2026-03-23,S90217,REDUCE,2,,partner_api_order
6024,2026-03-23,S01174,REDUCE,6,,partner_api_order
6025,2026-03-23,S01194,ADD,11,,partner_api_order
6026,2026-03-23,S01448,REDUCE,5,,partner_api_order
6027,2026-03-23,S02478,REDUCE,6,,partner_api_order
6028,2026-03-23,S02594,CANCEL,0,,partner_api_order
6029,2026-03-23,S04383,REDUCE,6,,partner_api_order
6030,2026-03-24,S00100,NEW,18,annual,partner_api_order
6031,2026-03-24,S00145,NEW,11,monthly,partner_api_order
6032,2026-03-24,S00235,NEW,628,monthly,contract_record
6033,2026-03-24,S01213,NEW,6,annual,partner_api_order
6034,2026-03-24,S01598,NEW,5,annual,partner_api_order
6035,2026-03-24,S01871,NEW,160,monthly,contract_record
6036,2026-03-24,S02225,NEW,4,monthly,partner_api_order
6037,2026-03-24,S02242,NEW,64,annual,partner_api_order
6038,2026-03-24,S03774,NEW,20,annual,partner_api_order
6039,2026-03-24,S00567,REDUCE,1,,partner_api_order
6040,2026-03-24,S01404,ADD,152,,partner_api_order
6041,2026-03-24,S03171,ADD,3,,partner_api_order
6042,2026-03-24,S03344,CANCEL,0,,partner_api_order
6043,2026-03-25,S01339,NEW,4,annual,partner_api_order
6044,2026-03-25,S02433,NEW,2,monthly,partner_api_order
6045,2026-03-25,S02461,NEW,12,annual,partner_api_order
6046,2026-03-25,S02646,NEW,193,annual,contract_record
6047,2026-03-25,S03178,NEW,4,annual,partner_api_order
6048,2026-03-25,S04260,NEW,4,monthly,partner_api_order
6049,2026-03-25,S01403,REDUCE,11,,partner_api_order
6050,2026-03-25,S01509,ADD,44,,partner_api_order
6051,2026-03-25,S03944,CANCEL,0,,partner_api_order
6052,2026-03-26,S00940,NEW,4,monthly,partner_api_order
6053,2026-03-26,S02643,NEW,70,annual,partner_api_order
6054,2026-03-26,S02992,NEW,12,annual,partner_api_order
6055,2026-03-26,S03254,NEW,11,annual,partner_api_order
6056,2026-03-26,S03703,NEW,159,annual,contract_record
6057,2026-03-26,S04163,NEW,5,monthly,partner_api_order
6058,2026-03-26,S01883,REDUCE,2,,partner_api_order
6059,2026-03-26,S02485,NEW,11,monthly,partner_api_order
6060,2026-03-26,S03051,REDUCE,3,,partner_api_order
6061,2026-03-26,S03092,ADD,11,,partner_api_order
6062,2026-03-26,S03139,ADD,542,,contract_record
6063,2026-03-27,S00468,NEW,5,monthly,partner_api_order
6064,2026-03-27,S01391,NEW,1,annual,partner_api_order
6065,2026-03-27,S02241,NEW,10,monthly,partner_api_order
6066,2026-03-27,S02859,NEW,4,annual,partner_api_order
6067,2026-03-27,S03752,NEW,11,annual,partner_api_order
6068,2026-03-27,S03830,NEW,3,annual,partner_api_order
6069,2026-03-27,S04023,NEW,16,annual,partner_api_order
6070,2026-03-27,S04118,NEW,6,monthly,partner_api_order
6071,2026-03-27,S00697,REDUCE,24,,partner_api_order
6072,2026-03-27,S00817,ADD,17,,partner_api_order
6073,2026-03-27,S01041,ADD,13,,partner_api_order
6074,2026-03-27,S01279,ADD,27,,partner_api_order
6075,2026-03-27,S02344,CANCEL,0,,partner_api_order
6076,2026-03-27,S03509,CANCEL,0,,partner_api_order
6077,2026-03-28,S00262,NEW,62,annual,contract_record
6078,2026-03-28,S00473,NEW,2,monthly,partner_api_order
6079,2026-03-28,S00573,NEW,10,annual,partner_api_order
6080,2026-03-28,S00641,NEW,2,monthly,partner_api_order
6081,2026-03-28,S00977,NEW,11,annual,partner_api_order
6082,2026-03-28,S01103,NEW,1,annual,partner_api_order
6083,2026-03-28,S01323,NEW,20,monthly,partner_api_order
6084,2026-03-28,S01586,NEW,3,annual,partner_api_order
6085,2026-03-28,S01609,NEW,12,annual,partner_api_order
6086,2026-03-28,S01703,NEW,12,monthly,partner_api_order
6087,2026-03-28,S03047,NEW,3,annual,partner_api_order
6088,2026-03-28,S03301,NEW,16,monthly,partner_api_order
6089,2026-03-28,S03539,NEW,16,monthly,partner_api_order
6090,2026-03-28,S03610,NEW,16,annual,partner_api_order
6091,2026-03-28,S04138,NEW,2,annual,partner_api_order
6092,2026-03-28,S04195,NEW,17,annual,partner_api_order
6093,2026-03-28,S00029,REDUCE,5,,partner_api_order
6094,2026-03-28,S00386,REDUCE,12,,partner_api_order
6095,2026-03-28,S00412,REDUCE,18,,partner_api_order
6096,2026-03-28,S04043,REDUCE,335,,contract_record
6097,2026-03-29,S00367,NEW,4,monthly,partner_api_order
6098,2026-03-29,S01932,NEW,3,annual,partner_api_order
6099,2026-03-29,S03503,NEW,13,annual,partner_api_order
6100,2026-03-29,S03529,NEW,32,annual,partner_api_order
6101,2026-03-29,S00346,REDUCE,13,,partner_api_order
6102,2026-03-29,S00573,CANCEL,0,,partner_api_order
6103,2026-03-29,S01207,REDUCE,4,,partner_api_order
6104,2026-03-29,S01717,ADD,9,,partner_api_order
6105,2026-03-29,S02251,CANCEL,0,,partner_api_order
6106,2026-03-29,S02516,ADD,9,,partner_api_order
6107,2026-03-29,S02647,CANCEL,0,,partner_api_order
6108,2026-03-29,S02975,ADD,29,,partner_api_order
6109,2026-03-29,S02990,REDUCE,1,,partner_api_order
6110,2026-03-29,S03175,ADD,9,,partner_api_order
6111,2026-03-30,S00032,NEW,4,annual,partner_api_order
6112,2026-03-30,S00495,NEW,8,annual,partner_api_order
6113,2026-03-30,S00894,NEW,1,annual,partner_api_order
6114,2026-03-30,S01499,NEW,6,monthly,partner_api_order
6115,2026-03-30,S01568,NEW,82,annual,contract_record
6116,2026-03-30,S02312,NEW,6,annual,partner_api_order
6117,2026-03-30,S02408,NEW,26,annual,partner_api_order
6118,2026-03-30,S03360,NEW,34,monthly,partner_api_order
6119,2026-03-30,S00182,ADD,5,,partner_api_order
6120,2026-03-30,S00458,REDUCE,0,,partner_api_order
6121,2026-03-30,S00543,REDUCE,3,,partner_api_order
6122,2026-03-30,S01023,ADD,39,,partner_api_order
6123,2026-03-30,S01339,CANCEL,0,,partner_api_order
6124,2026-03-30,S02038,REDUCE,2,,partner_api_order
6125,2026-03-30,S03389,REDUCE,1,,partner_api_order
6126,2026-03-30,S03558,CANCEL,0,,partner_api_order
6127,2026-03-30,S04128,REDUCE,2,,partner_api_order
6128,2026-03-31,S00043,NEW,13,annual,partner_api_order
6129,2026-03-31,S01042,NEW,16,annual,partner_api_order
6130,2026-03-31,S01151,NEW,2,annual,partner_api_order
6131,2026-03-31,S01705,NEW,13,annual,partner_api_order
6132,2026-03-31,S01779,NEW,22,monthly,partner_api_order
6133,2026-03-31,S03277,NEW,14,annual,partner_api_order
6134,2026-03-31,S03628,NEW,5,annual,partner_api_order
6135,2026-03-31,S03923,NEW,12,annual,partner_api_order
6136,2026-03-31,S04326,NEW,5,annual,partner_api_order
6137,2026-03-31,S00894,CANCEL,0,,partner_api_order
6138,2026-03-31,S00899,ADD,12,,partner_api_order
6139,2026-03-31,S01128,ADD,127,,contract_record
6140,2026-03-31,S01499,ADD,9,,partner_api_order
6141,2026-03-31,S02095,ADD,6,,partner_api_order
6142,2026-03-31,S02724,CANCEL,0,,partner_api_order
6143,2026-03-31,S03957,CANCEL,0,,partner_api_order
6144,2026-04-01,S00707,NEW,6,annual,partner_api_order
6145,2026-04-01,S01002,NEW,6,monthly,partner_api_order
6146,2026-04-01,S01536,NEW,6,monthly,partner_api_order
6147,2026-04-01,S01765,NEW,16,annual,partner_api_order
6148,2026-04-01,S01904,NEW,7,monthly,partner_api_order
6149,2026-04-01,S02365,NEW,6,annual,partner_api_order
6150,2026-04-01,S02591,NEW,4,annual,partner_api_order
6151,2026-04-01,S02912,NEW,10,monthly,partner_api_order
6152,2026-04-01,S00070,REDUCE,5,,partner_api_order
6153,2026-04-01,S00606,ADD,56,,partner_api_order
6154,2026-04-01,S00612,REDUCE,2,,partner_api_order
6155,2026-04-01,S01219,ADD,1,,partner_api_order
6156,2026-04-01,S03048,REDUCE,89,,contract_record
6157,2026-04-01,S03105,ADD,30,,partner_api_order
6158,2026-04-01,S03703,ADD,178,,contract_record
6159,2026-04-01,S04055,ADD,169,,contract_record
6160,2026-04-01,S04102,ADD,3,,partner_api_order
6161,2026-04-01,S04260,REDUCE,3,,partner_api_order
6162,2026-04-02,S00421,NEW,3,monthly,partner_api_order
6163,2026-04-02,S02796,NEW,9,annual,partner_api_order
6164,2026-04-02,S00971,REDUCE,3,,partner_api_order
6165,2026-04-02,S01437,CANCEL,0,,partner_api_order
6166,2026-04-02,S02537,ADD,4,,partner_api_order
6167,2026-04-02,S02556,REDUCE,3,,partner_api_order
6168,2026-04-02,S02784,ADD,19,,partner_api_order
6169,2026-04-02,S02877,ADD,53,,partner_api_order
6170,2026-04-02,S03024,CANCEL,0,,partner_api_order
6171,2026-04-02,S03780,ADD,15,,partner_api_order
6172,2026-04-02,S04069,ADD,2,,partner_api_order
6173,2026-04-03,S00139,NEW,7,monthly,partner_api_order
6174,2026-04-03,S03181,NEW,40,annual,partner_api_order
6175,2026-04-03,S03700,NEW,5,monthly,partner_api_order
6176,2026-04-03,S04098,NEW,13,monthly,partner_api_order
6177,2026-04-03,S04367,NEW,4,annual,partner_api_order
6178,2026-04-03,S00227,ADD,13,,partner_api_order
6179,2026-04-03,S00355,REDUCE,18,,partner_api_order
6180,2026-04-03,S00723,ADD,6,,partner_api_order
6181,2026-04-03,S00806,ADD,38,,partner_api_order
6182,2026-04-03,S01701,REDUCE,149,,contract_record
6183,2026-04-03,S02572,REDUCE,4,,partner_api_order
6184,2026-04-03,S02605,ADD,8,,partner_api_order
6185,2026-04-03,S03346,ADD,6,,partner_api_order
6186,2026-04-03,S03871,ADD,10,,partner_api_order
6187,2026-04-04,S00999,NEW,4,annual,partner_api_order
6188,2026-04-04,S01664,NEW,11,annual,partner_api_order
6189,2026-04-04,S01682,NEW,4,monthly,partner_api_order
6190,2026-04-04,S01869,NEW,18,annual,partner_api_order
6191,2026-04-04,S01925,NEW,14,annual,partner_api_order
6192,2026-04-04,S02922,NEW,7,annual,partner_api_order
6193,2026-04-04,S03304,NEW,33,monthly,partner_api_order
6194,2026-04-04,S03567,NEW,14,monthly,partner_api_order
6195,2026-04-04,S00524,CANCEL,0,,partner_api_order
6196,2026-04-04,S02205,ADD,11,,partner_api_order
6197,2026-04-04,S03204,ADD,134,,contract_record
6198,2026-04-05,S00281,NEW,2,monthly,partner_api_order
6199,2026-04-05,S02335,NEW,14,annual,partner_api_order
6200,2026-04-05,S02872,NEW,14,monthly,partner_api_order
6201,2026-04-05,S04045,NEW,211,monthly,contract_record
6202,2026-04-05,S02260,REDUCE,0,,partner_api_order
6203,2026-04-05,S03190,CANCEL,0,,partner_api_order
6204,2026-04-05,S03494,ADD,4,,partner_api_order
6205,2026-04-05,S03775,ADD,10,,partner_api_order
6206,2026-04-05,S90644,REDUCE,8,,partner_api_order
6207,2026-04-06,S00075,NEW,5,monthly,partner_api_order
6208,2026-04-06,S00371,NEW,17,monthly,partner_api_order
6209,2026-04-06,S00805,NEW,6,annual,partner_api_order
6210,2026-04-06,S01115,NEW,24,annual,partner_api_order
6211,2026-04-06,S02079,NEW,39,annual,partner_api_order
6212,2026-04-06,S02146,NEW,15,monthly,partner_api_order
6213,2026-04-06,S02977,NEW,22,annual,partner_api_order
6214,2026-04-06,S03685,NEW,5,monthly,partner_api_order
6215,2026-04-06,S04270,NEW,43,monthly,partner_api_order
6216,2026-04-06,S00572,REDUCE,10,,partner_api_order
6217,2026-04-06,S00783,ADD,16,,partner_api_order
6218,2026-04-06,S01104,REDUCE,6,,partner_api_order
6219,2026-04-06,S01269,ADD,16,,partner_api_order
6220,2026-04-06,S01799,REDUCE,0,,partner_api_order
6221,2026-04-06,S01969,ADD,5,,partner_api_order
6222,2026-04-06,S02794,REDUCE,66,,contract_record
6223,2026-04-06,S03611,ADD,6,,partner_api_order
6224,2026-04-07,S01529,NEW,15,annual,partner_api_order
6225,2026-04-07,S02382,NEW,26,annual,partner_api_order
6226,2026-04-07,S02497,NEW,3,annual,partner_api_order
6227,2026-04-07,S02614,NEW,26,monthly,partner_api_order
6228,2026-04-07,S03461,NEW,15,annual,partner_api_order
6229,2026-04-07,S03732,NEW,15,annual,partner_api_order
6230,2026-04-07,S00568,ADD,4,,partner_api_order
6231,2026-04-07,S00981,CANCEL,0,,partner_api_order
6232,2026-04-07,S01626,REDUCE,10,,partner_api_order
6233,2026-04-07,S02272,CANCEL,0,,partner_api_order
6234,2026-04-07,S02939,REDUCE,5,,partner_api_order
6235,2026-04-07,S03453,REDUCE,11,,partner_api_order
6236,2026-04-07,S04201,REDUCE,3,,partner_api_order
6237,2026-04-08,S00251,NEW,2,annual,partner_api_order
6238,2026-04-08,S00670,NEW,16,annual,partner_api_order
6239,2026-04-08,S02810,NEW,3,annual,partner_api_order
6240,2026-04-08,S03919,NEW,8,annual,partner_api_order
6241,2026-04-08,S04007,NEW,6,annual,partner_api_order
6242,2026-04-08,S04150,NEW,33,monthly,partner_api_order
6243,2026-04-08,S00781,ADD,17,,partner_api_order
6244,2026-04-08,S01498,REDUCE,8,,partner_api_order
6245,2026-04-08,S01780,NEW,10,annual,partner_api_order
6246,2026-04-08,S02552,REDUCE,1,,partner_api_order
6247,2026-04-08,S03255,ADD,25,,partner_api_order
6248,2026-04-08,S03365,REDUCE,10,,partner_api_order
6249,2026-04-08,S03610,REDUCE,13,,partner_api_order
6250,2026-04-08,S04258,CANCEL,0,,partner_api_order
6251,2026-04-09,S00866,NEW,13,annual,partner_api_order
6252,2026-04-09,S00887,NEW,12,annual,partner_api_order
6253,2026-04-09,S01238,NEW,80,monthly,partner_api_order
6254,2026-04-09,S01439,NEW,2,annual,partner_api_order
6255,2026-04-09,S01510,NEW,5,annual,partner_api_order
6256,2026-04-09,S02233,NEW,13,annual,partner_api_order
6257,2026-04-09,S02597,NEW,14,annual,partner_api_order
6258,2026-04-09,S02799,NEW,7,monthly,partner_api_order
6259,2026-04-09,S02954,NEW,16,annual,partner_api_order
6260,2026-04-09,S03182,NEW,21,monthly,partner_api_order
6261,2026-04-09,S03372,NEW,2,monthly,partner_api_order
6262,2026-04-09,S03631,NEW,32,annual,partner_api_order
6263,2026-04-09,S04354,NEW,5,annual,partner_api_order
6264,2026-04-09,S00542,ADD,23,,partner_api_order
6265,2026-04-09,S00947,ADD,6,,partner_api_order
6266,2026-04-09,S01813,REDUCE,2,,partner_api_order
6267,2026-04-09,S03221,REDUCE,19,,partner_api_order
6268,2026-04-09,S04221,REDUCE,13,,partner_api_order
6269,2026-04-10,S00128,NEW,14,annual,partner_api_order
6270,2026-04-10,S00664,NEW,32,annual,partner_api_order
6271,2026-04-10,S00836,NEW,31,annual,partner_api_order
6272,2026-04-10,S01639,NEW,14,annual,partner_api_order
6273,2026-04-10,S02392,NEW,8,annual,partner_api_order
6274,2026-04-10,S03591,NEW,4,monthly,partner_api_order
6275,2026-04-10,S04137,NEW,9,monthly,partner_api_order
6276,2026-04-10,S00426,ADD,11,,partner_api_order
6277,2026-04-10,S00785,CANCEL,0,,partner_api_order
6278,2026-04-10,S01054,ADD,5,,partner_api_order
6279,2026-04-10,S03864,ADD,12,,partner_api_order
6280,2026-04-10,S04138,ADD,2,,partner_api_order
6281,2026-04-11,S00465,NEW,229,annual,contract_record
6282,2026-04-11,S00678,NEW,1,annual,partner_api_order
6283,2026-04-11,S01315,NEW,17,annual,partner_api_order
6284,2026-04-11,S01336,NEW,1,annual,partner_api_order
6285,2026-04-11,S03159,NEW,6,annual,partner_api_order
6286,2026-04-11,S00451,ADD,43,,partner_api_order
6287,2026-04-11,S02147,REDUCE,0,,partner_api_order
6288,2026-04-11,S02682,ADD,8,,partner_api_order
6289,2026-04-11,S03527,ADD,5,,partner_api_order
6290,2026-04-11,S03700,REDUCE,4,,partner_api_order
6291,2026-04-12,S00179,NEW,7,annual,partner_api_order
6292,2026-04-12,S00769,NEW,3,monthly,partner_api_order
6293,2026-04-12,S00967,NEW,5,monthly,partner_api_order
6294,2026-04-12,S01722,NEW,4,annual,partner_api_order
6295,2026-04-12,S01844,NEW,4,annual,partner_api_order
6296,2026-04-12,S02000,NEW,5,annual,partner_api_order
6297,2026-04-12,S03708,NEW,18,annual,partner_api_order
6298,2026-04-12,S00716,REDUCE,3,,partner_api_order
6299,2026-04-12,S02664,ADD,4,,partner_api_order
6300,2026-04-12,S02723,ADD,2,,partner_api_order
6301,2026-04-12,S03076,ADD,17,,partner_api_order
6302,2026-04-12,S03232,ADD,5,,partner_api_order
6303,2026-04-12,S03362,ADD,5,,partner_api_order
6304,2026-04-12,S03760,ADD,23,,partner_api_order
6305,2026-04-13,S00416,NEW,13,monthly,partner_api_order
6306,2026-04-13,S00810,NEW,2,monthly,partner_api_order
6307,2026-04-13,S02304,NEW,26,annual,partner_api_order
6308,2026-04-13,S02562,NEW,7,annual,partner_api_order
6309,2026-04-13,S03676,NEW,7,monthly,partner_api_order
6310,2026-04-13,S03710,NEW,5,annual,partner_api_order
6311,2026-04-13,S03804,NEW,7,annual,partner_api_order
6312,2026-04-13,S00593,ADD,17,,partner_api_order
6313,2026-04-13,S02194,ADD,6,,partner_api_order
6314,2026-04-13,S02259,REDUCE,3,,partner_api_order
6315,2026-04-13,S03133,ADD,5,,partner_api_order
6316,2026-04-14,S01378,NEW,2,annual,partner_api_order
6317,2026-04-14,S01614,NEW,6,monthly,partner_api_order
6318,2026-04-14,S01726,NEW,2,monthly,partner_api_order
6319,2026-04-14,S02202,NEW,5,monthly,partner_api_order
6320,2026-04-14,S02688,NEW,10,annual,partner_api_order
6321,2026-04-14,S03571,NEW,3,annual,partner_api_order
6322,2026-04-14,S04070,NEW,9,annual,partner_api_order
6323,2026-04-14,S00219,REDUCE,9,,partner_api_order
6324,2026-04-14,S00990,REDUCE,5,,partner_api_order
6325,2026-04-14,S01084,ADD,28,,partner_api_order
6326,2026-04-14,S01438,ADD,5,,partner_api_order
6327,2026-04-14,S01774,REDUCE,13,,partner_api_order
6328,2026-04-14,S02037,CANCEL,0,,partner_api_order
6329,2026-04-14,S90119,REDUCE,5,,partner_api_order
6330,2026-04-14,S02813,ADD,12,,partner_api_order
6331,2026-04-14,S02855,CANCEL,0,,partner_api_order
6332,2026-04-15,S00657,NEW,8,annual,partner_api_order
6333,2026-04-15,S00675,NEW,6,annual,partner_api_order
6334,2026-04-15,S01263,NEW,6,monthly,partner_api_order
6335,2026-04-15,S01291,NEW,4,monthly,partner_api_order
6336,2026-04-15,S02207,NEW,5,monthly,partner_api_order
6337,2026-04-15,S02568,NEW,4,monthly,partner_api_order
6338,2026-04-15,S02742,NEW,8,annual,partner_api_order
6339,2026-04-15,S02942,NEW,4,annual,partner_api_order
6340,2026-04-15,S03043,NEW,11,annual,partner_api_order
6341,2026-04-15,S04114,NEW,7,annual,partner_api_order
6342,2026-04-15,S00484,CANCEL,0,,partner_api_order
6343,2026-04-15,S00533,REDUCE,1,,partner_api_order
6344,2026-04-15,S01327,ADD,8,,partner_api_order
6345,2026-04-15,S01669,REDUCE,20,,partner_api_order
6346,2026-04-15,S02320,ADD,6,,partner_api_order
6347,2026-04-15,S03666,ADD,10,,partner_api_order
6348,2026-04-15,S03867,REDUCE,12,,partner_api_order
6349,2026-04-15,S04352,ADD,4,,partner_api_order
6350,2026-04-16,S00792,NEW,11,monthly,partner_api_order
6351,2026-04-16,S00942,NEW,9,monthly,partner_api_order
6352,2026-04-16,S01539,NEW,5,monthly,partner_api_order
6353,2026-04-16,S02221,NEW,8,annual,partner_api_order
6354,2026-04-16,S02700,NEW,17,monthly,partner_api_order
6355,2026-04-16,S03639,NEW,7,monthly,partner_api_order
6356,2026-04-16,S03795,NEW,2,annual,partner_api_order
6357,2026-04-16,S01117,REDUCE,4,,partner_api_order
6358,2026-04-16,S01574,REDUCE,6,,partner_api_order
6359,2026-04-16,S01768,REDUCE,1,,partner_api_order
6360,2026-04-16,S01944,ADD,4,,partner_api_order
6361,2026-04-16,S03448,ADD,4,,partner_api_order
6362,2026-04-17,S00138,NEW,4,annual,partner_api_order
6363,2026-04-17,S00280,NEW,2,monthly,partner_api_order
6364,2026-04-17,S00771,NEW,26,annual,partner_api_order
6365,2026-04-17,S01619,NEW,5,annual,partner_api_order
6366,2026-04-17,S01842,NEW,7,monthly,partner_api_order
6367,2026-04-17,S01862,NEW,5,monthly,partner_api_order
6368,2026-04-17,S00697,REDUCE,21,,partner_api_order
6369,2026-04-17,S00940,ADD,5,,partner_api_order
6370,2026-04-17,S01067,REDUCE,1,,partner_api_order
6371,2026-04-17,S01423,REDUCE,0,,partner_api_order
6372,2026-04-17,S02225,ADD,5,,partner_api_order
6373,2026-04-17,S02333,NEW,7,monthly,partner_api_order
6374,2026-04-17,S03779,REDUCE,85,,contract_record
6375,2026-04-17,S04231,ADD,21,,partner_api_order
6376,2026-04-18,S00633,NEW,5,annual,partner_api_order
6377,2026-04-18,S00663,NEW,3,monthly,partner_api_order
6378,2026-04-18,S01026,NEW,26,annual,partner_api_order
6379,2026-04-18,S01670,NEW,4,monthly,partner_api_order
6380,2026-04-18,S02007,NEW,1,monthly,partner_api_order
6381,2026-04-18,S02066,NEW,12,monthly,partner_api_order
6382,2026-04-18,S02571,NEW,313,annual,contract_record
6383,2026-04-18,S03585,NEW,4,monthly,partner_api_order
6384,2026-04-18,S04084,NEW,10,annual,partner_api_order
6385,2026-04-18,S04160,NEW,16,monthly,partner_api_order
6386,2026-04-18,S04216,NEW,33,monthly,partner_api_order
6387,2026-04-18,S00375,CANCEL,0,,partner_api_order
6388,2026-04-18,S00846,ADD,5,,partner_api_order
6389,2026-04-18,S00967,CANCEL,0,,partner_api_order
6390,2026-04-18,S01496,ADD,31,,partner_api_order
6391,2026-04-18,S01520,ADD,3,,partner_api_order
6392,2026-04-18,S01637,ADD,13,,partner_api_order
6393,2026-04-18,S01834,ADD,8,,partner_api_order
6394,2026-04-18,S02231,REDUCE,6,,partner_api_order
6395,2026-04-18,S02356,ADD,14,,partner_api_order
6396,2026-04-18,S03602,REDUCE,34,,partner_api_order
6397,2026-04-18,S03863,ADD,6,,partner_api_order
6398,2026-04-19,S00039,NEW,15,annual,partner_api_order
6399,2026-04-19,S00558,NEW,65,annual,partner_api_order
6400,2026-04-19,S01070,NEW,11,annual,partner_api_order
6401,2026-04-19,S02805,NEW,12,monthly,partner_api_order
6402,2026-04-19,S03833,NEW,9,annual,partner_api_order
6403,2026-04-19,S03937,NEW,40,monthly,partner_api_order
6404,2026-04-19,S04076,NEW,13,annual,partner_api_order
6405,2026-04-19,S04266,NEW,3,monthly,partner_api_order
6406,2026-04-19,S04309,NEW,1,monthly,partner_api_order
6407,2026-04-19,S00652,ADD,2,,partner_api_order
6408,2026-04-19,S00678,ADD,2,,partner_api_order
6409,2026-04-19,S01597,REDUCE,10,,partner_api_order
6410,2026-04-19,S02929,ADD,5,,partner_api_order
6411,2026-04-19,S03191,REDUCE,2,,partner_api_order
6412,2026-04-19,S03205,REDUCE,3,,partner_api_order
6413,2026-04-19,S03361,ADD,12,,partner_api_order
6414,2026-04-19,S03560,REDUCE,8,,partner_api_order
6415,2026-04-20,S00320,NEW,5,monthly,partner_api_order
6416,2026-04-20,S00685,NEW,18,annual,partner_api_order
6417,2026-04-20,S00906,NEW,30,monthly,partner_api_order
6418,2026-04-20,S03870,NEW,16,annual,partner_api_order
6419,2026-04-20,S04247,NEW,3,monthly,partner_api_order
6420,2026-04-20,S02076,ADD,12,,partner_api_order
6421,2026-04-20,S02570,REDUCE,83,,contract_record
6422,2026-04-20,S02603,ADD,27,,partner_api_order
6423,2026-04-20,S03301,ADD,19,,partner_api_order
6424,2026-04-20,S03778,ADD,38,,partner_api_order
6425,2026-04-20,S04188,REDUCE,9,,partner_api_order
6426,2026-04-21,S00512,NEW,2,annual,partner_api_order
6427,2026-04-21,S01124,NEW,4,monthly,partner_api_order
6428,2026-04-21,S01132,NEW,16,annual,partner_api_order
6429,2026-04-21,S02308,NEW,20,annual,partner_api_order
6430,2026-04-21,S02419,NEW,6,annual,partner_api_order
6431,2026-04-21,S02438,NEW,6,annual,partner_api_order
6432,2026-04-21,S03451,NEW,16,annual,partner_api_order
6433,2026-04-21,S03766,NEW,30,annual,partner_api_order
6434,2026-04-21,S04073,NEW,7,annual,partner_api_order
6435,2026-04-21,S00223,REDUCE,17,,partner_api_order
6436,2026-04-21,S01414,CANCEL,0,,partner_api_order
6437,2026-04-21,S90392,ADD,8,,partner_api_order
6438,2026-04-21,S02404,REDUCE,21,,partner_api_order
6439,2026-04-21,S03773,ADD,13,,partner_api_order
6440,2026-04-22,S01590,NEW,4,monthly,partner_api_order
6441,2026-04-22,S01647,NEW,5,annual,partner_api_order
6442,2026-04-22,S02230,NEW,12,monthly,partner_api_order
6443,2026-04-22,S03417,NEW,19,monthly,partner_api_order
6444,2026-04-22,S00307,ADD,15,,partner_api_order
6445,2026-04-22,S00545,ADD,5,,partner_api_order
6446,2026-04-22,S01854,ADD,19,,partner_api_order
6447,2026-04-22,S01881,ADD,23,,partner_api_order
6448,2026-04-22,S02516,ADD,9,,partner_api_order
6449,2026-04-22,S03429,REDUCE,3,,partner_api_order
6450,2026-04-22,S03949,ADD,13,,partner_api_order
6451,2026-04-22,S03961,CANCEL,0,,partner_api_order
6452,2026-04-23,S00005,NEW,17,annual,partner_api_order
6453,2026-04-23,S01920,NEW,5,monthly,partner_api_order
6454,2026-04-23,S02061,NEW,3,annual,partner_api_order
6455,2026-04-23,S03433,NEW,3,monthly,partner_api_order
6456,2026-04-23,S03462,NEW,6,annual,partner_api_order
6457,2026-04-23,S03492,NEW,245,monthly,contract_record
6458,2026-04-23,S04296,NEW,9,annual,partner_api_order
6459,2026-04-23,S04359,NEW,25,monthly,partner_api_order
6460,2026-04-23,S00128,ADD,16,,partner_api_order
6461,2026-04-23,S00324,ADD,23,,partner_api_order
6462,2026-04-23,S01174,CANCEL,0,,partner_api_order
6463,2026-04-23,S01314,REDUCE,0,,partner_api_order
6464,2026-04-23,S01863,REDUCE,4,,partner_api_order
6465,2026-04-23,S02069,REDUCE,3,,partner_api_order
6466,2026-04-23,S02462,REDUCE,7,,partner_api_order
6467,2026-04-23,S02985,REDUCE,5,,partner_api_order
6468,2026-04-23,S02995,ADD,10,,partner_api_order
6469,2026-04-23,S03192,ADD,7,,partner_api_order
6470,2026-04-23,S04252,REDUCE,0,,partner_api_order
6471,2026-04-24,S00004,NEW,10,monthly,partner_api_order
6472,2026-04-24,S00213,NEW,383,annual,contract_record
6473,2026-04-24,S00372,NEW,5,annual,partner_api_order
6474,2026-04-24,S00526,NEW,14,annual,partner_api_order
6475,2026-04-24,S00946,NEW,1,monthly,partner_api_order
6476,2026-04-24,S01838,NEW,15,annual,partner_api_order
6477,2026-04-24,S02577,NEW,22,annual,partner_api_order
6478,2026-04-24,S04030,NEW,51,monthly,partner_api_order
6479,2026-04-24,S00347,ADD,5,,partner_api_order
6480,2026-04-24,S01126,REDUCE,2,,partner_api_order
6481,2026-04-24,S01238,ADD,80,,partner_api_order
6482,2026-04-24,S03246,ADD,12,,partner_api_order
6483,2026-04-25,S00199,NEW,3,annual,partner_api_order
6484,2026-04-25,S00603,NEW,3,monthly,partner_api_order
6485,2026-04-25,S01187,NEW,3,monthly,partner_api_order
6486,2026-04-25,S01392,NEW,13,annual,partner_api_order
6487,2026-04-25,S01624,NEW,10,monthly,partner_api_order
6488,2026-04-25,S02099,NEW,143,annual,contract_record
6489,2026-04-25,S02123,NEW,25,monthly,partner_api_order
6490,2026-04-25,S03142,NEW,5,annual,partner_api_order
6491,2026-04-25,S03655,NEW,4,annual,partner_api_order
6492,2026-04-25,S03724,NEW,18,monthly,partner_api_order
6493,2026-04-25,S03855,NEW,29,annual,partner_api_order
6494,2026-04-25,S04394,NEW,22,monthly,partner_api_order
6495,2026-04-25,S00008,ADD,10,,partner_api_order
6496,2026-04-25,S00521,ADD,14,,partner_api_order
6497,2026-04-25,S00985,ADD,8,,partner_api_order
6498,2026-04-25,S02150,CANCEL,0,,partner_api_order
6499,2026-04-26,S00049,NEW,3,annual,partner_api_order
6500,2026-04-26,S00167,NEW,2,monthly,partner_api_order
6501,2026-04-26,S00892,CANCEL,0,,partner_api_order
6502,2026-04-26,S01362,REDUCE,7,,partner_api_order
6503,2026-04-26,S01489,CANCEL,0,,partner_api_order
6504,2026-04-26,S01936,ADD,6,,partner_api_order
6505,2026-04-26,S03182,ADD,27,,partner_api_order
6506,2026-04-26,S03424,REDUCE,3,,partner_api_order
6507,2026-04-26,S04144,CANCEL,0,,partner_api_order
6508,2026-04-27,S01047,NEW,1,annual,partner_api_order
6509,2026-04-27,S02052,NEW,19,annual,partner_api_order
6510,2026-04-27,S02398,NEW,32,annual,partner_api_order
6511,2026-04-27,S02713,NEW,3,annual,partner_api_order
6512,2026-04-27,S02960,NEW,395,monthly,contract_record
6513,2026-04-27,S03683,NEW,211,annual,contract_record
6514,2026-04-27,S04003,NEW,5,annual,partner_api_order
6515,2026-04-27,S00432,ADD,2,,partner_api_order
6516,2026-04-27,S00910,ADD,5,,partner_api_order
6517,2026-04-27,S01125,CANCEL,0,,partner_api_order
6518,2026-04-27,S01435,CANCEL,0,,partner_api_order
6519,2026-04-27,S02443,REDUCE,1,,partner_api_order
6520,2026-04-27,S03274,ADD,3,,partner_api_order
6521,2026-04-27,S03945,ADD,10,,partner_api_order
6522,2026-04-27,S03963,REDUCE,5,,partner_api_order
6523,2026-04-27,S04025,CANCEL,0,,partner_api_order
6524,2026-04-28,S01567,NEW,19,annual,partner_api_order
6525,2026-04-28,S01976,NEW,7,annual,partner_api_order
6526,2026-04-28,S02972,NEW,12,annual,partner_api_order
6527,2026-04-28,S04369,NEW,3,annual,partner_api_order
6528,2026-04-28,S00334,ADD,2,,partner_api_order
6529,2026-04-28,S00412,REDUCE,13,,partner_api_order
6530,2026-04-28,S00714,ADD,10,,partner_api_order
6531,2026-04-28,S00816,REDUCE,1,,partner_api_order
6532,2026-04-28,S01202,CANCEL,0,,partner_api_order
6533,2026-04-28,S01378,ADD,3,,partner_api_order
6534,2026-04-28,S01546,REDUCE,1,,partner_api_order
6535,2026-04-28,S01556,ADD,28,,partner_api_order
6536,2026-04-28,S01792,ADD,8,,partner_api_order
6537,2026-04-28,S02510,CANCEL,0,,partner_api_order
6538,2026-04-29,S00506,NEW,29,annual,partner_api_order
6539,2026-04-29,S00607,NEW,7,annual,partner_api_order
6540,2026-04-29,S00608,NEW,7,annual,partner_api_order
6541,2026-04-29,S01163,NEW,6,annual,partner_api_order
6542,2026-04-29,S02984,NEW,27,annual,partner_api_order
6543,2026-04-29,S03286,NEW,10,monthly,partner_api_order
6544,2026-04-29,S03702,NEW,16,annual,partner_api_order
6545,2026-04-29,S03721,NEW,8,annual,partner_api_order
6546,2026-04-29,S00802,CANCEL,0,,partner_api_order
6547,2026-04-29,S00859,CANCEL,0,,partner_api_order
6548,2026-04-29,S02311,ADD,27,,partner_api_order
6549,2026-04-29,S02559,ADD,9,,partner_api_order
6550,2026-04-30,S01424,NEW,28,annual,partner_api_order
6551,2026-04-30,S01666,NEW,484,monthly,contract_record
6552,2026-04-30,S02109,NEW,4,annual,partner_api_order
6553,2026-04-30,S03253,NEW,207,monthly,contract_record
6554,2026-04-30,S01351,ADD,17,,partner_api_order
6555,2026-04-30,S01434,ADD,15,,partner_api_order
6556,2026-04-30,S02052,ADD,25,,partner_api_order
6557,2026-04-30,S02249,REDUCE,417,,contract_record
6558,2026-04-30,S02831,REDUCE,5,,partner_api_order
6559,2026-04-30,S02912,REDUCE,5,,partner_api_order
6560,2026-04-30,S03993,ADD,18,,partner_api_order
6561,2026-04-30,S04094,REDUCE,8,,partner_api_order
6562,2026-05-01,S00099,NEW,14,annual,partner_api_order
6563,2026-05-01,S02212,NEW,67,annual,partner_api_order
6564,2026-05-01,S02910,NEW,209,annual,contract_record
6565,2026-05-01,S00557,ADD,6,,partner_api_order
6566,2026-05-01,S01631,ADD,57,,partner_api_order
6567,2026-05-01,S02101,REDUCE,1,,partner_api_order
6568,2026-05-01,S03105,REDUCE,16,,partner_api_order
6569,2026-05-01,S03682,ADD,19,,partner_api_order
6570,2026-05-01,S03845,ADD,16,,partner_api_order
6571,2026-05-02,S02619,NEW,10,annual,partner_api_order
6572,2026-05-02,S03078,NEW,27,annual,partner_api_order
6573,2026-05-02,S00005,REDUCE,12,,partner_api_order
6574,2026-05-02,S00302,CANCEL,0,,partner_api_order
6575,2026-05-02,S00364,CANCEL,0,,partner_api_order
6576,2026-05-02,S00586,CANCEL,0,,partner_api_order
6577,2026-05-02,S00704,CANCEL,0,,partner_api_order
6578,2026-05-02,S00809,ADD,8,,partner_api_order
6579,2026-05-02,S90692,REDUCE,1,,partner_api_order
6580,2026-05-02,S02682,REDUCE,5,,partner_api_order
6581,2026-05-02,S02933,REDUCE,7,,partner_api_order
6582,2026-05-02,S03003,CANCEL,0,,partner_api_order
6583,2026-05-03,S00620,NEW,2,monthly,partner_api_order
6584,2026-05-03,S00948,NEW,10,monthly,partner_api_order
6585,2026-05-03,S01018,NEW,1,annual,partner_api_order
6586,2026-05-03,S01230,NEW,3,monthly,partner_api_order
6587,2026-05-03,S03060,NEW,3,monthly,partner_api_order
6588,2026-05-03,S03416,NEW,12,annual,partner_api_order
6589,2026-05-03,S03418,NEW,6,annual,partner_api_order
6590,2026-05-03,S04065,NEW,11,annual,partner_api_order
6591,2026-05-03,S01029,REDUCE,3,,partner_api_order
6592,2026-05-03,S01177,REDUCE,15,,partner_api_order
6593,2026-05-03,S01449,ADD,9,,partner_api_order
6594,2026-05-03,S02240,ADD,33,,partner_api_order
6595,2026-05-03,S02583,ADD,41,,partner_api_order
6596,2026-05-03,S02874,CANCEL,0,,partner_api_order
6597,2026-05-03,S02895,ADD,9,,partner_api_order
6598,2026-05-03,S03289,ADD,11,,partner_api_order
6599,2026-05-03,S03406,ADD,16,,partner_api_order
6600,2026-05-03,S04263,REDUCE,9,,partner_api_order
6601,2026-05-04,S00553,NEW,3,annual,partner_api_order
6602,2026-05-04,S01483,NEW,5,annual,partner_api_order
6603,2026-05-04,S01533,NEW,6,annual,partner_api_order
6604,2026-05-04,S02980,NEW,47,annual,partner_api_order
6605,2026-05-04,S03188,NEW,5,monthly,partner_api_order
6606,2026-05-04,S03381,NEW,6,annual,partner_api_order
6607,2026-05-04,S04279,NEW,26,annual,partner_api_order
6608,2026-05-04,S00118,ADD,17,,partner_api_order
6609,2026-05-04,S00781,CANCEL,0,,partner_api_order
6610,2026-05-04,S01248,ADD,3,,partner_api_order
6611,2026-05-04,S01941,CANCEL,0,,partner_api_order
6612,2026-05-04,S02436,REDUCE,81,,contract_record
6613,2026-05-04,S02685,REDUCE,3,,partner_api_order
6614,2026-05-04,S90881,REDUCE,10,,partner_api_order
6615,2026-05-04,S03834,CANCEL,0,,partner_api_order
6616,2026-05-04,S03866,ADD,8,,partner_api_order
6617,2026-05-05,S00216,NEW,5,annual,partner_api_order
6618,2026-05-05,S00301,NEW,37,annual,partner_api_order
6619,2026-05-05,S00615,NEW,6,monthly,partner_api_order
6620,2026-05-05,S00838,NEW,46,annual,partner_api_order
6621,2026-05-05,S02046,NEW,143,annual,contract_record
6622,2026-05-05,S02127,NEW,62,annual,partner_api_order
6623,2026-05-05,S02176,NEW,15,annual,partner_api_order
6624,2026-05-05,S03384,NEW,16,monthly,partner_api_order
6625,2026-05-05,S03531,NEW,5,monthly,partner_api_order
6626,2026-05-05,S00946,ADD,2,,partner_api_order
6627,2026-05-05,S02738,ADD,15,,partner_api_order
6628,2026-05-06,S00460,NEW,12,annual,partner_api_order
6629,2026-05-06,S00729,NEW,13,annual,partner_api_order
6630,2026-05-06,S00750,NEW,6,monthly,partner_api_order
6631,2026-05-06,S01184,NEW,15,annual,partner_api_order
6632,2026-05-06,S02295,NEW,18,annual,partner_api_order
6633,2026-05-06,S02390,NEW,4,annual,partner_api_order
6634,2026-05-06,S02542,NEW,5,annual,partner_api_order
6635,2026-05-06,S03270,NEW,4,annual,partner_api_order
6636,2026-05-06,S03275,NEW,26,annual,partner_api_order
6637,2026-05-06,S03858,NEW,31,annual,partner_api_order
6638,2026-05-06,S00653,ADD,10,,partner_api_order
6639,2026-05-06,S01191,ADD,32,,partner_api_order
6640,2026-05-06,S01554,REDUCE,3,,partner_api_order
6641,2026-05-06,S01647,ADD,7,,partner_api_order
6642,2026-05-06,S01944,ADD,4,,partner_api_order
6643,2026-05-06,S02428,REDUCE,2,,partner_api_order
6644,2026-05-06,S03083,REDUCE,11,,partner_api_order
6645,2026-05-06,S03996,REDUCE,9,,partner_api_order
6646,2026-05-06,S04088,ADD,8,,partner_api_order
6647,2026-05-06,S04103,REDUCE,4,,partner_api_order
6648,2026-05-07,S00376,NEW,8,annual,partner_api_order
6649,2026-05-07,S00602,NEW,15,annual,partner_api_order
6650,2026-05-07,S02085,NEW,17,monthly,partner_api_order
6651,2026-05-07,S02644,NEW,1,monthly,partner_api_order
6652,2026-05-07,S03131,NEW,16,monthly,partner_api_order
6653,2026-05-07,S03283,NEW,13,annual,partner_api_order
6654,2026-05-07,S03537,NEW,371,annual,contract_record
6655,2026-05-07,S03769,NEW,9,monthly,partner_api_order
6656,2026-05-07,S04027,NEW,9,annual,partner_api_order
6657,2026-05-07,S04237,NEW,9,annual,partner_api_order
6658,2026-05-07,S00285,ADD,11,,partner_api_order
6659,2026-05-07,S02221,REDUCE,4,,partner_api_order
6660,2026-05-07,S03615,REDUCE,178,,contract_record
6661,2026-05-07,S03669,ADD,2,,partner_api_order
6662,2026-05-08,S00135,NEW,33,annual,partner_api_order
6663,2026-05-08,S02168,NEW,3,annual,partner_api_order
6664,2026-05-08,S02533,NEW,79,annual,partner_api_order
6665,2026-05-08,S03053,NEW,244,annual,contract_record
6666,2026-05-08,S04119,NEW,10,monthly,partner_api_order
6667,2026-05-08,S00263,REDUCE,2,,partner_api_order
6668,2026-05-08,S00375,REDUCE,1,,partner_api_order
6669,2026-05-08,S00495,REDUCE,7,,partner_api_order
6670,2026-05-08,S00596,ADD,8,,partner_api_order
6671,2026-05-08,S00754,ADD,14,,partner_api_order
6672,2026-05-08,S00805,ADD,9,,partner_api_order
6673,2026-05-08,S01014,ADD,3,,partner_api_order
6674,2026-05-08,S01039,ADD,45,,partner_api_order
6675,2026-05-08,S01286,REDUCE,2,,partner_api_order
6676,2026-05-08,S01446,ADD,4,,partner_api_order
6677,2026-05-08,S01653,ADD,15,,partner_api_order
6678,2026-05-08,S02495,ADD,4,,partner_api_order
6679,2026-05-08,S02565,REDUCE,36,,contract_record
6680,2026-05-08,S03213,REDUCE,3,,partner_api_order
6681,2026-05-08,S03483,CANCEL,0,,partner_api_order
6682,2026-05-08,S03631,ADD,42,,partner_api_order
6683,2026-05-08,S03771,ADD,7,,partner_api_order
6684,2026-05-09,S00232,NEW,110,monthly,contract_record
6685,2026-05-09,S01005,NEW,4,annual,partner_api_order
6686,2026-05-09,S01380,NEW,7,monthly,partner_api_order
6687,2026-05-09,S02002,NEW,3,annual,partner_api_order
6688,2026-05-09,S02110,NEW,14,monthly,partner_api_order
6689,2026-05-09,S02770,NEW,13,annual,partner_api_order
6690,2026-05-09,S03376,NEW,8,annual,partner_api_order
6691,2026-05-09,S03450,NEW,329,annual,contract_record
6692,2026-05-09,S00035,ADD,6,,partner_api_order
6693,2026-05-09,S01767,CANCEL,0,,partner_api_order
6694,2026-05-09,S02287,ADD,7,,partner_api_order
6695,2026-05-09,S02823,REDUCE,15,,partner_api_order
6696,2026-05-09,S03001,ADD,5,,partner_api_order
6697,2026-05-09,S03335,REDUCE,4,,partner_api_order
6698,2026-05-10,S00835,NEW,13,monthly,partner_api_order
6699,2026-05-10,S01050,NEW,13,monthly,partner_api_order
6700,2026-05-10,S01236,NEW,9,annual,partner_api_order
6701,2026-05-10,S01594,NEW,4,monthly,partner_api_order
6702,2026-05-10,S01808,NEW,4,monthly,partner_api_order
6703,2026-05-10,S02043,NEW,6,monthly,partner_api_order
6704,2026-05-10,S03337,NEW,7,annual,partner_api_order
6705,2026-05-10,S03348,NEW,5,monthly,partner_api_order
6706,2026-05-10,S04275,NEW,1,monthly,partner_api_order
6707,2026-05-10,S00349,NEW,8,monthly,partner_api_order
6708,2026-05-10,S00386,ADD,19,,partner_api_order
6709,2026-05-10,S00873,REDUCE,1,,partner_api_order
6710,2026-05-10,S01338,REDUCE,23,,partner_api_order
6711,2026-05-10,S01613,REDUCE,0,,partner_api_order
6712,2026-05-10,S02224,ADD,6,,partner_api_order
6713,2026-05-10,S03503,ADD,18,,partner_api_order
6714,2026-05-10,S04075,ADD,65,,partner_api_order
6715,2026-05-10,S04313,NEW,37,annual,partner_api_order
6716,2026-05-11,S00824,NEW,4,monthly,partner_api_order
6717,2026-05-11,S03177,NEW,17,monthly,partner_api_order
6718,2026-05-11,S00223,REDUCE,0,,partner_api_order
6719,2026-05-11,S00542,ADD,23,,partner_api_order
6720,2026-05-11,S00607,REDUCE,4,,partner_api_order
6721,2026-05-11,S00907,REDUCE,1,,partner_api_order
6722,2026-05-11,S01122,REDUCE,5,,partner_api_order
6723,2026-05-11,S01766,REDUCE,3,,partner_api_order
6724,2026-05-11,S02121,ADD,25,,partner_api_order
6725,2026-05-11,S02375,REDUCE,1,,partner_api_order
6726,2026-05-11,S02564,REDUCE,11,,partner_api_order
6727,2026-05-11,S03180,ADD,9,,partner_api_order
6728,2026-05-11,S03227,REDUCE,10,,partner_api_order
6729,2026-05-11,S03486,CANCEL,0,,partner_api_order
6730,2026-05-11,S03568,REDUCE,4,,partner_api_order
6731,2026-05-12,S00041,NEW,10,annual,partner_api_order
6732,2026-05-12,S00105,NEW,5,annual,partner_api_order
6733,2026-05-12,S00731,NEW,32,annual,partner_api_order
6734,2026-05-12,S01147,NEW,6,monthly,partner_api_order
6735,2026-05-12,S02051,NEW,4,annual,partner_api_order
6736,2026-05-12,S02637,NEW,19,annual,partner_api_order
6737,2026-05-12,S03282,NEW,3,annual,partner_api_order
6738,2026-05-12,S03440,NEW,337,monthly,contract_record
6739,2026-05-12,S03664,NEW,16,monthly,partner_api_order
6740,2026-05-12,S04273,NEW,33,annual,partner_api_order
6741,2026-05-12,S04322,NEW,5,annual,partner_api_order
6742,2026-05-12,S00383,REDUCE,105,,contract_record
6743,2026-05-12,S00667,REDUCE,7,,partner_api_order
6744,2026-05-12,S00976,ADD,34,,partner_api_order
6745,2026-05-12,S01359,NEW,1,annual,partner_api_order
6746,2026-05-12,S01916,ADD,4,,partner_api_order
6747,2026-05-12,S02739,ADD,6,,partner_api_order
6748,2026-05-12,S02872,REDUCE,6,,partner_api_order
6749,2026-05-12,S03569,ADD,44,,partner_api_order
6750,2026-05-12,S04242,ADD,3,,partner_api_order
6751,2026-05-13,S00243,NEW,8,annual,partner_api_order
6752,2026-05-13,S00613,NEW,104,annual,contract_record
6753,2026-05-13,S00902,NEW,4,annual,partner_api_order
6754,2026-05-13,S01066,NEW,3,annual,partner_api_order
6755,2026-05-13,S01683,NEW,9,monthly,partner_api_order
6756,2026-05-13,S01757,NEW,9,annual,partner_api_order
6757,2026-05-13,S03528,NEW,12,annual,partner_api_order
6758,2026-05-13,S00105,ADD,8,,partner_api_order
6759,2026-05-13,S00250,ADD,6,,partner_api_order
6760,2026-05-13,S90535,REDUCE,3,,partner_api_order
6761,2026-05-13,S00491,ADD,6,,partner_api_order
6762,2026-05-13,S00919,CANCEL,0,,partner_api_order
6763,2026-05-13,S02817,NEW,7,annual,partner_api_order
6764,2026-05-13,S02876,ADD,11,,partner_api_order
6765,2026-05-13,S03351,ADD,30,,partner_api_order
6766,2026-05-13,S03629,ADD,24,,partner_api_order
6767,2026-05-13,S04121,CANCEL,0,,partner_api_order
6768,2026-05-14,S00134,NEW,1,annual,partner_api_order
6769,2026-05-14,S04196,NEW,3,monthly,partner_api_order
6770,2026-05-14,S00951,REDUCE,4,,partner_api_order
6771,2026-05-14,S02051,ADD,6,,partner_api_order
6772,2026-05-14,S02498,ADD,12,,partner_api_order
6773,2026-05-15,S00249,NEW,11,monthly,partner_api_order
6774,2026-05-15,S00582,NEW,9,annual,partner_api_order
6775,2026-05-15,S00727,NEW,1,annual,partner_api_order
6776,2026-05-15,S01770,NEW,3,annual,partner_api_order
6777,2026-05-15,S03313,NEW,14,annual,partner_api_order
6778,2026-05-15,S04078,NEW,8,annual,partner_api_order
6779,2026-05-15,S04089,NEW,10,annual,partner_api_order
6780,2026-05-15,S04200,NEW,49,annual,partner_api_order
6781,2026-05-15,S00001,ADD,3,,partner_api_order
6782,2026-05-15,S00509,REDUCE,3,,partner_api_order
6783,2026-05-15,S00997,ADD,4,,partner_api_order
6784,2026-05-15,S01682,ADD,5,,partner_api_order
6785,2026-05-15,S01967,ADD,8,,partner_api_order
6786,2026-05-15,S02597,ADD,16,,partner_api_order
6787,2026-05-15,S02960,REDUCE,343,,contract_record
6788,2026-05-15,S03066,REDUCE,15,,partner_api_order
6789,2026-05-15,S04352,ADD,6,,partner_api_order
6790,2026-05-16,S00953,NEW,25,monthly,partner_api_order
6791,2026-05-16,S01857,NEW,18,monthly,partner_api_order
6792,2026-05-16,S02302,NEW,5,monthly,partner_api_order
6793,2026-05-16,S02584,NEW,2,monthly,partner_api_order
6794,2026-05-16,S04344,NEW,50,monthly,partner_api_order
6795,2026-05-16,S00071,CANCEL,0,,partner_api_order
6796,2026-05-16,S00955,ADD,5,,partner_api_order
6797,2026-05-16,S01746,CANCEL,0,,partner_api_order
6798,2026-05-16,S02206,REDUCE,17,,partner_api_order
6799,2026-05-16,S02275,ADD,20,,partner_api_order
6800,2026-05-16,S02780,ADD,3,,partner_api_order
6801,2026-05-16,S03342,ADD,12,,partner_api_order
6802,2026-05-16,S03800,REDUCE,0,,partner_api_order
6803,2026-05-16,S04200,REDUCE,26,,partner_api_order
6804,2026-05-17,S00453,NEW,17,annual,partner_api_order
6805,2026-05-17,S01060,NEW,29,annual,partner_api_order
6806,2026-05-17,S02019,NEW,3,monthly,partner_api_order
6807,2026-05-17,S02701,NEW,1,annual,partner_api_order
6808,2026-05-17,S02755,NEW,19,annual,partner_api_order
6809,2026-05-17,S03302,NEW,4,annual,partner_api_order
6810,2026-05-17,S03398,NEW,16,monthly,partner_api_order
6811,2026-05-17,S03814,NEW,4,annual,partner_api_order
6812,2026-05-17,S04286,NEW,10,monthly,partner_api_order
6813,2026-05-17,S90082,REDUCE,9,,partner_api_order
6814,2026-05-17,S01844,ADD,5,,partner_api_order
6815,2026-05-17,S02346,REDUCE,2,,partner_api_order
6816,2026-05-17,S03167,ADD,6,,partner_api_order
6817,2026-05-17,S03839,ADD,8,,partner_api_order
6818,2026-05-17,S04137,REDUCE,7,,partner_api_order
6819,2026-05-18,S00520,NEW,15,annual,partner_api_order
6820,2026-05-18,S01660,NEW,7,annual,partner_api_order
6821,2026-05-18,S02268,NEW,23,annual,partner_api_order
6822,2026-05-18,S02654,NEW,4,annual,partner_api_order
6823,2026-05-18,S03207,NEW,1,annual,partner_api_order
6824,2026-05-18,S03431,NEW,15,monthly,partner_api_order
6825,2026-05-18,S04300,NEW,4,annual,partner_api_order
6826,2026-05-18,S04311,NEW,6,annual,partner_api_order
6827,2026-05-18,S00664,ADD,41,,partner_api_order
6828,2026-05-18,S01464,ADD,4,,partner_api_order
6829,2026-05-18,S03060,ADD,4,,partner_api_order
6830,2026-05-18,S03516,ADD,24,,partner_api_order
6831,2026-05-18,S03590,REDUCE,6,,partner_api_order
6832,2026-05-18,S04094,ADD,12,,partner_api_order
6833,2026-05-18,S04342,ADD,5,,partner_api_order
6834,2026-05-19,S00101,NEW,19,annual,partner_api_order
6835,2026-05-19,S00471,NEW,7,monthly,partner_api_order
6836,2026-05-19,S01237,NEW,10,annual,partner_api_order
6837,2026-05-19,S01935,NEW,36,annual,partner_api_order
6838,2026-05-19,S03170,NEW,8,annual,partner_api_order
6839,2026-05-19,S03208,NEW,10,monthly,partner_api_order
6840,2026-05-19,S04050,NEW,6,annual,partner_api_order
6841,2026-05-19,S04132,NEW,12,monthly,partner_api_order
6842,2026-05-19,S04249,NEW,28,annual,partner_api_order
6843,2026-05-19,S00961,ADD,2,,partner_api_order
6844,2026-05-19,S01218,ADD,5,,partner_api_order
6845,2026-05-19,S02499,REDUCE,2,,partner_api_order
6846,2026-05-19,S02830,ADD,45,,partner_api_order
6847,2026-05-19,S03620,REDUCE,6,,partner_api_order
6848,2026-05-20,S00201,NEW,50,annual,partner_api_order
6849,2026-05-20,S00269,NEW,9,annual,partner_api_order
6850,2026-05-20,S00504,NEW,16,annual,partner_api_order
6851,2026-05-20,S01232,NEW,2,annual,partner_api_order
6852,2026-05-20,S02578,NEW,228,monthly,contract_record
6853,2026-05-20,S02653,NEW,7,monthly,partner_api_order
6854,2026-05-20,S03601,NEW,3,annual,partner_api_order
6855,2026-05-20,S04236,NEW,3,monthly,partner_api_order
6856,2026-05-20,S01422,REDUCE,6,,partner_api_order
6857,2026-05-20,S01681,ADD,28,,partner_api_order
6858,2026-05-20,S01708,ADD,6,,partner_api_order
6859,2026-05-20,S02231,ADD,9,,partner_api_order
6860,2026-05-20,S03882,ADD,6,,partner_api_order
6861,2026-05-21,S02418,NEW,13,annual,partner_api_order
6862,2026-05-21,S03044,NEW,15,annual,partner_api_order
6863,2026-05-21,S03356,NEW,7,monthly,partner_api_order
6864,2026-05-21,S03715,NEW,5,annual,partner_api_order
6865,2026-05-21,S03786,NEW,9,annual,partner_api_order
6866,2026-05-21,S00147,ADD,12,,partner_api_order
6867,2026-05-21,S00392,ADD,3,,partner_api_order
6868,2026-05-21,S00595,CANCEL,0,,partner_api_order
6869,2026-05-21,S00614,ADD,3,,partner_api_order
6870,2026-05-21,S01555,REDUCE,6,,partner_api_order
6871,2026-05-21,S02444,REDUCE,0,,partner_api_order
6872,2026-05-21,S02835,REDUCE,5,,partner_api_order
6873,2026-05-21,S03151,REDUCE,4,,partner_api_order
6874,2026-05-21,S03284,ADD,23,,partner_api_order
6875,2026-05-21,S03572,CANCEL,0,,partner_api_order
6876,2026-05-21,S04004,ADD,2,,partner_api_order
6877,2026-05-21,S04056,ADD,307,,contract_record
6878,2026-05-22,S00129,NEW,21,monthly,partner_api_order
6879,2026-05-22,S01961,NEW,8,annual,partner_api_order
6880,2026-05-22,S03640,NEW,18,annual,partner_api_order
6881,2026-05-22,S03913,NEW,212,monthly,contract_record
6882,2026-05-22,S04006,NEW,15,annual,partner_api_order
6883,2026-05-22,S04320,NEW,11,monthly,partner_api_order
6884,2026-05-22,S00874,CANCEL,0,,partner_api_order
6885,2026-05-22,S01924,REDUCE,15,,partner_api_order
6886,2026-05-22,S02578,REDUCE,147,,contract_record
6887,2026-05-22,S02638,CANCEL,0,,partner_api_order
6888,2026-05-22,S02723,ADD,3,,partner_api_order
6889,2026-05-22,S03525,REDUCE,8,,partner_api_order
6890,2026-05-23,S00469,NEW,18,monthly,partner_api_order
6891,2026-05-23,S00701,NEW,3,monthly,partner_api_order
6892,2026-05-23,S01570,NEW,22,annual,partner_api_order
6893,2026-05-23,S04229,NEW,43,annual,partner_api_order
6894,2026-05-23,S00014,CANCEL,0,,partner_api_order
6895,2026-05-23,S00258,REDUCE,2,,partner_api_order
6896,2026-05-23,S00621,CANCEL,0,,partner_api_order
6897,2026-05-23,S01227,ADD,8,,partner_api_order
6898,2026-05-23,S02174,ADD,2,,partner_api_order
6899,2026-05-23,S03247,REDUCE,396,,contract_record
6900,2026-05-23,S03381,ADD,9,,partner_api_order
6901,2026-05-23,S03428,REDUCE,8,,partner_api_order
6902,2026-05-23,S03464,NEW,34,monthly,partner_api_order
6903,2026-05-23,S03802,CANCEL,0,,partner_api_order
6904,2026-05-23,S04219,ADD,53,,partner_api_order
6905,2026-05-23,S04340,ADD,9,,partner_api_order
6906,2026-05-24,S00292,NEW,28,annual,partner_api_order
6907,2026-05-24,S01270,NEW,57,annual,partner_api_order
6908,2026-05-24,S01386,NEW,3,monthly,partner_api_order
6909,2026-05-24,S03551,NEW,80,annual,partner_api_order
6910,2026-05-24,S03818,NEW,8,annual,partner_api_order
6911,2026-05-24,S00196,REDUCE,10,,partner_api_order
6912,2026-05-24,S01049,REDUCE,2,,partner_api_order
6913,2026-05-24,S01324,ADD,154,,contract_record
6914,2026-05-24,S01374,ADD,3,,partner_api_order
6915,2026-05-24,S02268,REDUCE,18,,partner_api_order
6916,2026-05-24,S03036,ADD,13,,partner_api_order
6917,2026-05-24,S03222,ADD,288,,contract_record
6918,2026-05-24,S04301,ADD,9,,partner_api_order
6919,2026-05-24,S04348,CANCEL,0,,partner_api_order
6920,2026-05-25,S00732,NEW,6,monthly,partner_api_order
6921,2026-05-25,S01043,NEW,43,annual,partner_api_order
6922,2026-05-25,S01534,NEW,11,monthly,partner_api_order
6923,2026-05-25,S02656,NEW,1,monthly,partner_api_order
6924,2026-05-25,S03106,NEW,2,monthly,partner_api_order
6925,2026-05-25,S03223,NEW,11,monthly,partner_api_order
6926,2026-05-25,S03240,NEW,23,monthly,partner_api_order
6927,2026-05-25,S03358,NEW,58,annual,partner_api_order
6928,2026-05-25,S03514,NEW,9,monthly,partner_api_order
6929,2026-05-25,S03765,NEW,7,monthly,partner_api_order
6930,2026-05-25,S04036,NEW,33,monthly,partner_api_order
6931,2026-05-25,S04083,NEW,9,annual,partner_api_order
6932,2026-05-25,S04218,NEW,16,monthly,partner_api_order
6933,2026-05-25,S04388,NEW,3,monthly,partner_api_order
6934,2026-05-25,S01019,ADD,15,,partner_api_order
6935,2026-05-25,S01823,ADD,11,,partner_api_order
6936,2026-05-25,S01831,ADD,20,,partner_api_order
6937,2026-05-25,S02383,ADD,3,,partner_api_order
6938,2026-05-25,S02561,ADD,5,,partner_api_order
6939,2026-05-25,S03992,ADD,6,,partner_api_order
6940,2026-05-25,S04346,ADD,10,,partner_api_order
6941,2026-05-26,S00083,NEW,15,annual,partner_api_order
6942,2026-05-26,S00205,NEW,4,monthly,partner_api_order
6943,2026-05-26,S00584,NEW,5,monthly,partner_api_order
6944,2026-05-26,S03115,NEW,73,annual,partner_api_order
6945,2026-05-26,S03788,NEW,11,annual,partner_api_order
6946,2026-05-26,S04179,NEW,15,annual,partner_api_order
6947,2026-05-26,S00006,REDUCE,3,,partner_api_order
6948,2026-05-26,S00432,REDUCE,1,,partner_api_order
6949,2026-05-26,S00459,REDUCE,4,,partner_api_order
6950,2026-05-26,S00758,CANCEL,0,,partner_api_order
6951,2026-05-26,S01396,ADD,28,,partner_api_order
6952,2026-05-26,S01524,REDUCE,3,,partner_api_order
6953,2026-05-26,S01697,CANCEL,0,,partner_api_order
6954,2026-05-26,S02302,REDUCE,0,,partner_api_order
6955,2026-05-26,S02672,CANCEL,0,,partner_api_order
6956,2026-05-27,S00308,NEW,6,annual,partner_api_order
6957,2026-05-27,S01346,NEW,9,monthly,partner_api_order
6958,2026-05-27,S02832,NEW,3,annual,partner_api_order
6959,2026-05-27,S03166,NEW,17,annual,partner_api_order
6960,2026-05-27,S04063,NEW,4,annual,partner_api_order
6961,2026-05-27,S00099,ADD,16,,partner_api_order
6962,2026-05-27,S00659,ADD,7,,partner_api_order
6963,2026-05-27,S00789,CANCEL,0,,partner_api_order
6964,2026-05-27,S00993,ADD,47,,partner_api_order
6965,2026-05-27,S02329,ADD,3,,partner_api_order
6966,2026-05-27,S03583,CANCEL,0,,partner_api_order
6967,2026-05-28,S00224,NEW,4,monthly,partner_api_order
6968,2026-05-28,S00867,NEW,43,annual,contract_record
6969,2026-05-28,S00950,NEW,9,monthly,partner_api_order
6970,2026-05-28,S01013,NEW,7,monthly,partner_api_order
6971,2026-05-28,S01789,NEW,62,monthly,partner_api_order
6972,2026-05-28,S01800,NEW,8,annual,partner_api_order
6973,2026-05-28,S01917,NEW,10,annual,partner_api_order
6974,2026-05-28,S01947,NEW,16,annual,partner_api_order
6975,2026-05-28,S02317,NEW,8,annual,partner_api_order
6976,2026-05-28,S02728,NEW,6,monthly,partner_api_order
6977,2026-05-28,S03805,NEW,5,annual,partner_api_order
6978,2026-05-28,S00042,ADD,19,,partner_api_order
6979,2026-05-28,S00187,ADD,7,,partner_api_order
6980,2026-05-28,S01194,ADD,12,,partner_api_order
6981,2026-05-28,S02489,REDUCE,3,,partner_api_order
6982,2026-05-28,S02776,ADD,23,,partner_api_order
6983,2026-05-28,S03249,CANCEL,0,,partner_api_order
6984,2026-05-28,S03399,CANCEL,0,,partner_api_order
6985,2026-05-28,S04134,CANCEL,0,,partner_api_order
6986,2026-05-29,S00890,NEW,7,annual,partner_api_order
6987,2026-05-29,S01150,NEW,4,monthly,partner_api_order
6988,2026-05-29,S01363,NEW,4,annual,partner_api_order
6989,2026-05-29,S02252,NEW,18,monthly,partner_api_order
6990,2026-05-29,S02595,NEW,4,monthly,partner_api_order
6991,2026-05-29,S03401,NEW,219,annual,contract_record
6992,2026-05-29,S03523,NEW,4,annual,partner_api_order
6993,2026-05-29,S03742,NEW,3,annual,partner_api_order
6994,2026-05-29,S00394,ADD,10,,partner_api_order
6995,2026-05-29,S00651,ADD,239,,contract_record
6996,2026-05-29,S00987,ADD,17,,partner_api_order
6997,2026-05-29,S01907,CANCEL,0,,partner_api_order
6998,2026-05-29,S01964,REDUCE,4,,partner_api_order
6999,2026-05-29,S02141,ADD,7,,partner_api_order
7000,2026-05-29,S03412,REDUCE,2,,partner_api_order
7001,2026-05-29,S03805,ADD,6,,partner_api_order
7002,2026-05-29,S03974,ADD,25,,partner_api_order
7003,2026-05-30,S00157,NEW,7,annual,partner_api_order
7004,2026-05-30,S00797,NEW,9,annual,partner_api_order
7005,2026-05-30,S01820,NEW,7,annual,partner_api_order
7006,2026-05-30,S03891,NEW,33,annual,partner_api_order
7007,2026-05-30,S04384,NEW,3,annual,partner_api_order
7008,2026-05-30,S00342,REDUCE,7,,partner_api_order
7009,2026-05-30,S00480,ADD,49,,partner_api_order
7010,2026-05-30,S01145,ADD,2,,partner_api_order
7011,2026-05-30,S01816,ADD,46,,partner_api_order
7012,2026-05-30,S02610,REDUCE,7,,partner_api_order
7013,2026-05-30,S02785,ADD,12,,partner_api_order
7014,2026-05-30,S03278,ADD,9,,partner_api_order
7015,2026-05-30,S03673,CANCEL,0,,partner_api_order
7016,2026-05-30,S03876,ADD,4,,partner_api_order
7017,2026-05-30,S04260,REDUCE,1,,partner_api_order
7018,2026-05-30,S04388,REDUCE,1,,partner_api_order
7019,2026-05-31,S00738,NEW,2,annual,partner_api_order
7020,2026-05-31,S01092,NEW,28,annual,partner_api_order
7021,2026-05-31,S01155,NEW,4,monthly,partner_api_order
7022,2026-05-31,S01376,NEW,6,annual,partner_api_order
7023,2026-05-31,S02729,NEW,6,monthly,partner_api_order
7024,2026-05-31,S00387,REDUCE,5,,partner_api_order
7025,2026-05-31,S01060,ADD,46,,partner_api_order
7026,2026-05-31,S01800,ADD,9,,partner_api_order
7027,2026-05-31,S01830,CANCEL,0,,partner_api_order
7028,2026-05-31,S02232,CANCEL,0,,partner_api_order
7029,2026-05-31,S02357,ADD,11,,partner_api_order
7030,2026-05-31,S03121,CANCEL,0,,partner_api_order
7031,2026-05-31,S03195,ADD,28,,partner_api_order
7032,2026-06-01,S00109,NEW,31,monthly,partner_api_order
7033,2026-06-01,S00777,NEW,19,monthly,partner_api_order
7034,2026-06-01,S01138,NEW,6,monthly,partner_api_order
7035,2026-06-01,S01212,NEW,8,annual,partner_api_order
7036,2026-06-01,S02022,NEW,31,annual,partner_api_order
7037,2026-06-01,S02063,NEW,11,monthly,partner_api_order
7038,2026-06-01,S02265,NEW,5,annual,partner_api_order
7039,2026-06-01,S02415,NEW,34,monthly,partner_api_order
7040,2026-06-01,S02856,NEW,7,monthly,partner_api_order
7041,2026-06-01,S03189,NEW,14,monthly,partner_api_order
7042,2026-06-01,S00206,REDUCE,3,,partner_api_order
7043,2026-06-01,S00270,REDUCE,101,,contract_record
7044,2026-06-01,S00663,ADD,4,,partner_api_order
7045,2026-06-01,S01387,REDUCE,67,,contract_record
7046,2026-06-01,S02476,ADD,6,,partner_api_order
7047,2026-06-01,S02654,REDUCE,1,,partner_api_order
7048,2026-06-01,S03377,REDUCE,5,,partner_api_order
7049,2026-06-01,S03640,ADD,25,,partner_api_order
7050,2026-06-01,S03800,ADD,3,,partner_api_order
7051,2026-06-02,S00630,NEW,9,annual,partner_api_order
7052,2026-06-02,S02618,NEW,8,monthly,partner_api_order
7053,2026-06-02,S02710,NEW,2,monthly,partner_api_order
7054,2026-06-02,S02789,NEW,3,monthly,partner_api_order
7055,2026-06-02,S04214,NEW,5,annual,partner_api_order
7056,2026-06-02,S00513,ADD,239,,contract_record
7057,2026-06-02,S00726,ADD,24,,partner_api_order
7058,2026-06-02,S00801,ADD,33,,partner_api_order
7059,2026-06-02,S00821,ADD,6,,partner_api_order
7060,2026-06-02,S03191,ADD,3,,partner_api_order
7061,2026-06-02,S04312,ADD,13,,partner_api_order
7062,2026-06-03,S00104,NEW,14,monthly,partner_api_order
7063,2026-06-03,S00210,NEW,29,annual,partner_api_order
7064,2026-06-03,S00891,NEW,2,annual,partner_api_order
7065,2026-06-03,S02671,NEW,16,monthly,partner_api_order
7066,2026-06-03,S03621,NEW,2,monthly,partner_api_order
7067,2026-06-03,S00154,ADD,2,,partner_api_order
7068,2026-06-03,S90818,REDUCE,15,,partner_api_order
7069,2026-06-03,S00659,ADD,10,,partner_api_order
7070,2026-06-03,S02010,ADD,11,,partner_api_order
7071,2026-06-03,S02029,REDUCE,13,,partner_api_order
7072,2026-06-03,S02538,ADD,8,,partner_api_order
7073,2026-06-03,S03657,REDUCE,3,,partner_api_order
7074,2026-06-03,S04100,ADD,2,,partner_api_order
7075,2026-06-04,S00830,NEW,5,monthly,partner_api_order
7076,2026-06-04,S01587,NEW,23,annual,partner_api_order
7077,2026-06-04,S01876,NEW,17,monthly,partner_api_order
7078,2026-06-04,S02286,NEW,2,monthly,partner_api_order
7079,2026-06-04,S03074,NEW,16,monthly,partner_api_order
7080,2026-06-04,S03823,NEW,4,annual,partner_api_order
7081,2026-06-04,S00285,ADD,13,,partner_api_order
7082,2026-06-04,S00561,CANCEL,0,,partner_api_order
7083,2026-06-04,S00609,CANCEL,0,,partner_api_order
7084,2026-06-04,S01736,CANCEL,0,,partner_api_order
7085,2026-06-04,S01880,ADD,3,,partner_api_order
7086,2026-06-04,S01986,REDUCE,19,,partner_api_order
7087,2026-06-04,S02637,CANCEL,0,,partner_api_order
7088,2026-06-04,S03090,REDUCE,3,,partner_api_order
7089,2026-06-04,S04168,CANCEL,0,,partner_api_order
7090,2026-06-04,S04169,CANCEL,0,,partner_api_order
7091,2026-06-05,S00217,NEW,6,annual,partner_api_order
7092,2026-06-05,S00720,NEW,4,monthly,partner_api_order
7093,2026-06-05,S02567,NEW,39,annual,partner_api_order
7094,2026-06-05,S03032,NEW,3,annual,partner_api_order
7095,2026-06-05,S03287,NEW,11,monthly,partner_api_order
7096,2026-06-05,S03767,NEW,6,monthly,partner_api_order
7097,2026-06-05,S04335,NEW,2,annual,partner_api_order
7098,2026-06-05,S00072,CANCEL,0,,partner_api_order
7099,2026-06-05,S00192,REDUCE,14,,partner_api_order
7100,2026-06-05,S01300,CANCEL,0,,partner_api_order
7101,2026-06-05,S01424,CANCEL,0,,partner_api_order
7102,2026-06-05,S01818,ADD,9,,partner_api_order
7103,2026-06-05,S02985,ADD,7,,partner_api_order
7104,2026-06-06,S01865,NEW,10,monthly,partner_api_order
7105,2026-06-06,S02257,NEW,6,monthly,partner_api_order
7106,2026-06-06,S02668,NEW,7,monthly,partner_api_order
7107,2026-06-06,S03333,NEW,188,annual,contract_record
7108,2026-06-06,S03561,NEW,3,monthly,partner_api_order
7109,2026-06-06,S03910,NEW,55,annual,partner_api_order
7110,2026-06-06,S00383,ADD,152,,contract_record
7111,2026-06-06,S01168,CANCEL,0,,contract_record
7112,2026-06-06,S01510,ADD,5,,partner_api_order
7113,2026-06-06,S03872,ADD,11,,partner_api_order
7114,2026-06-07,S00676,NEW,4,annual,partner_api_order
7115,2026-06-07,S00936,NEW,4,annual,partner_api_order
7116,2026-06-07,S01134,NEW,28,annual,partner_api_order
7117,2026-06-07,S01662,NEW,6,monthly,partner_api_order
7118,2026-06-07,S02961,NEW,372,annual,contract_record
7119,2026-06-07,S03978,NEW,5,monthly,partner_api_order
7120,2026-06-07,S00298,CANCEL,0,,partner_api_order
7121,2026-06-07,S00762,ADD,18,,partner_api_order
7122,2026-06-07,S01417,REDUCE,5,,partner_api_order
7123,2026-06-07,S01935,REDUCE,29,,partner_api_order
7124,2026-06-07,S02305,CANCEL,0,,partner_api_order
7125,2026-06-07,S03381,ADD,12,,partner_api_order
7126,2026-06-07,S03541,REDUCE,96,,contract_record
7127,2026-06-07,S03632,REDUCE,6,,partner_api_order
7128,2026-06-07,S03704,REDUCE,2,,partner_api_order
7129,2026-06-08,S01913,NEW,22,monthly,partner_api_order
7130,2026-06-08,S02471,NEW,5,monthly,partner_api_order
7131,2026-06-08,S02684,NEW,35,annual,partner_api_order
7132,2026-06-08,S02907,NEW,26,annual,partner_api_order
7133,2026-06-08,S04147,NEW,6,annual,partner_api_order
7134,2026-06-08,S00467,ADD,14,,partner_api_order
7135,2026-06-08,S00911,ADD,32,,partner_api_order
7136,2026-06-08,S00957,CANCEL,0,,partner_api_order
7137,2026-06-08,S01393,REDUCE,3,,partner_api_order
7138,2026-06-08,S02453,REDUCE,5,,partner_api_order
7139,2026-06-09,S00197,NEW,15,annual,partner_api_order
7140,2026-06-09,S00338,NEW,457,annual,contract_record
7141,2026-06-09,S00382,NEW,10,monthly,partner_api_order
7142,2026-06-09,S00563,NEW,308,annual,contract_record
7143,2026-06-09,S01214,NEW,3,annual,partner_api_order
7144,2026-06-09,S01652,NEW,673,monthly,contract_record
7145,2026-06-09,S02374,NEW,3,monthly,partner_api_order
7146,2026-06-09,S03559,NEW,6,annual,partner_api_order
7147,2026-06-09,S00470,REDUCE,4,,partner_api_order
7148,2026-06-09,S01149,REDUCE,27,,partner_api_order
7149,2026-06-09,S01231,ADD,6,,partner_api_order
7150,2026-06-09,S01473,REDUCE,3,,partner_api_order
7151,2026-06-09,S01511,ADD,8,,partner_api_order
7152,2026-06-09,S02533,ADD,118,,partner_api_order
7153,2026-06-09,S03789,ADD,16,,partner_api_order
7154,2026-06-09,S03890,CANCEL,0,,partner_api_order
7155,2026-06-09,S03970,CANCEL,0,,partner_api_order
7156,2026-06-09,S04092,REDUCE,3,,partner_api_order
7157,2026-06-09,S04158,REDUCE,1,,partner_api_order
7158,2026-06-10,S00598,NEW,41,annual,partner_api_order
7159,2026-06-10,S00718,NEW,87,annual,contract_record
7160,2026-06-10,S00875,NEW,8,monthly,partner_api_order
7161,2026-06-10,S01112,NEW,9,annual,partner_api_order
7162,2026-06-10,S01216,NEW,3,monthly,partner_api_order
7163,2026-06-10,S02364,NEW,7,monthly,partner_api_order
7164,2026-06-10,S03013,NEW,13,monthly,partner_api_order
7165,2026-06-10,S03261,NEW,6,annual,partner_api_order
7166,2026-06-10,S03493,NEW,553,annual,contract_record
7167,2026-06-10,S04035,NEW,13,monthly,partner_api_order
7168,2026-06-10,S00697,ADD,21,,partner_api_order
7169,2026-06-10,S00999,ADD,6,,partner_api_order
7170,2026-06-10,S01060,ADD,61,,partner_api_order
7171,2026-06-10,S01363,ADD,5,,partner_api_order
7172,2026-06-10,S01529,ADD,17,,partner_api_order
7173,2026-06-10,S01869,REDUCE,13,,partner_api_order
7174,2026-06-10,S01947,ADD,25,,partner_api_order
7175,2026-06-10,S01969,ADD,8,,partner_api_order
7176,2026-06-10,S02518,ADD,15,,partner_api_order
7177,2026-06-10,S02738,ADD,21,,partner_api_order
7178,2026-06-10,S03348,CANCEL,0,,partner_api_order
7179,2026-06-10,S03661,CANCEL,0,,partner_api_order
7180,2026-06-11,S00180,NEW,7,monthly,partner_api_order
7181,2026-06-11,S00194,NEW,4,annual,partner_api_order
7182,2026-06-11,S01547,NEW,3,monthly,partner_api_order
7183,2026-06-11,S01826,NEW,10,monthly,partner_api_order
7184,2026-06-11,S04280,NEW,7,annual,partner_api_order
7185,2026-06-11,S00240,ADD,16,,partner_api_order
7186,2026-06-11,S01115,CANCEL,0,,partner_api_order
7187,2026-06-11,S01418,REDUCE,8,,partner_api_order
7188,2026-06-11,S03161,REDUCE,7,,partner_api_order
7189,2026-06-11,S03261,ADD,7,,partner_api_order
7190,2026-06-11,S03370,ADD,22,,partner_api_order
7191,2026-06-11,S03674,CANCEL,0,,partner_api_order
7192,2026-06-11,S03998,ADD,4,,partner_api_order
7193,2026-06-11,S04117,ADD,54,,partner_api_order
7194,2026-06-12,S01775,NEW,16,annual,partner_api_order
7195,2026-06-12,S02820,NEW,7,annual,partner_api_order
7196,2026-06-12,S02944,NEW,20,annual,partner_api_order
7197,2026-06-12,S02988,NEW,15,annual,partner_api_order
7198,2026-06-12,S03218,NEW,30,annual,partner_api_order
7199,2026-06-12,S00441,REDUCE,1,,partner_api_order
7200,2026-06-12,S00983,ADD,5,,partner_api_order
7201,2026-06-12,S01155,REDUCE,3,,partner_api_order
7202,2026-06-12,S01331,REDUCE,4,,partner_api_order
7203,2026-06-12,S01540,ADD,6,,partner_api_order
7204,2026-06-12,S02946,ADD,9,,partner_api_order
7205,2026-06-12,S03269,ADD,2,,partner_api_order
7206,2026-06-12,S03777,ADD,15,,partner_api_order
7207,2026-06-12,S03986,ADD,18,,partner_api_order
7208,2026-06-12,S04162,REDUCE,9,,partner_api_order
7209,2026-06-12,S04211,REDUCE,2,,partner_api_order
7210,2026-06-13,S00908,NEW,5,annual,partner_api_order
7211,2026-06-13,S02301,NEW,7,annual,partner_api_order
7212,2026-06-13,S02500,NEW,3,annual,partner_api_order
7213,2026-06-13,S03272,NEW,4,annual,partner_api_order
7214,2026-06-13,S03643,NEW,60,annual,partner_api_order
7215,2026-06-13,S03917,NEW,23,monthly,partner_api_order
7216,2026-06-13,S00512,ADD,3,,partner_api_order
7217,2026-06-13,S00949,REDUCE,20,,partner_api_order
7218,2026-06-13,S01164,ADD,7,,partner_api_order
7219,2026-06-13,S01490,CANCEL,0,,partner_api_order
7220,2026-06-13,S01670,ADD,6,,partner_api_order
7221,2026-06-13,S01782,ADD,39,,partner_api_order
7222,2026-06-13,S01998,ADD,5,,partner_api_order
7223,2026-06-13,S03070,ADD,19,,partner_api_order
7224,2026-06-13,S03740,REDUCE,6,,partner_api_order
7225,2026-06-13,S03849,NEW,10,monthly,partner_api_order
7226,2026-06-13,S04135,ADD,1323,,contract_record
7227,2026-06-14,S00172,NEW,10,monthly,partner_api_order
7228,2026-06-14,S03331,NEW,11,monthly,partner_api_order
7229,2026-06-14,S03706,NEW,21,monthly,partner_api_order
7230,2026-06-14,S03739,NEW,9,monthly,partner_api_order
7231,2026-06-14,S01221,CANCEL,0,,partner_api_order
7232,2026-06-14,S01775,ADD,22,,partner_api_order
7233,2026-06-14,S01800,ADD,11,,partner_api_order
7234,2026-06-14,S01823,ADD,14,,partner_api_order
7235,2026-06-14,S02052,CANCEL,0,,partner_api_order
7236,2026-06-14,S02212,REDUCE,31,,partner_api_order
7237,2026-06-14,S02525,ADD,41,,partner_api_order
7238,2026-06-15,S00772,NEW,4,monthly,partner_api_order
7239,2026-06-15,S01004,NEW,5,annual,partner_api_order
7240,2026-06-15,S02053,NEW,5,annual,partner_api_order
7241,2026-06-15,S00091,ADD,19,,partner_api_order
7242,2026-06-15,S00602,ADD,17,,partner_api_order
7243,2026-06-15,S01318,ADD,18,,partner_api_order
7244,2026-06-15,S01584,CANCEL,0,,partner_api_order
7245,2026-06-15,S02770,REDUCE,11,,partner_api_order
7246,2026-06-16,S00081,NEW,3,annual,partner_api_order
7247,2026-06-16,S01593,NEW,174,annual,contract_record
7248,2026-06-16,S02118,NEW,9,annual,partner_api_order
7249,2026-06-16,S02501,NEW,5,annual,partner_api_order
7250,2026-06-16,S03193,NEW,10,monthly,partner_api_order
7251,2026-06-16,S03699,NEW,16,monthly,partner_api_order
7252,2026-06-16,S04074,NEW,5,monthly,partner_api_order
7253,2026-06-16,S00140,CANCEL,0,,partner_api_order
7254,2026-06-16,S00295,CANCEL,0,,partner_api_order
7255,2026-06-16,S00401,ADD,19,,partner_api_order
7256,2026-06-16,S01065,REDUCE,0,,partner_api_order
7257,2026-06-16,S01528,NEW,2,annual,partner_api_order
7258,2026-06-16,S02844,CANCEL,0,,partner_api_order
7259,2026-06-16,S03843,ADD,8,,partner_api_order
7260,2026-06-17,S00514,NEW,5,annual,partner_api_order
7261,2026-06-17,S00991,NEW,9,annual,partner_api_order
7262,2026-06-17,S01991,NEW,7,annual,partner_api_order
7263,2026-06-17,S02714,NEW,9,annual,partner_api_order
7264,2026-06-17,S02808,NEW,2,monthly,partner_api_order
7265,2026-06-17,S03318,NEW,8,monthly,partner_api_order
7266,2026-06-17,S03750,NEW,3,monthly,partner_api_order
7267,2026-06-17,S04314,NEW,2,monthly,partner_api_order
7268,2026-06-17,S00673,ADD,183,,contract_record
7269,2026-06-17,S00871,ADD,10,,partner_api_order
7270,2026-06-17,S01224,ADD,4,,partner_api_order
7271,2026-06-17,S02502,ADD,281,,contract_record
7272,2026-06-17,S03299,ADD,34,,partner_api_order
7273,2026-06-18,S00009,NEW,25,annual,partner_api_order
7274,2026-06-18,S00010,NEW,389,annual,contract_record
7275,2026-06-18,S00062,NEW,10,annual,partner_api_order
7276,2026-06-18,S00337,NEW,3,annual,partner_api_order
7277,2026-06-18,S01299,NEW,1,annual,partner_api_order
7278,2026-06-18,S01874,NEW,8,monthly,partner_api_order
7279,2026-06-18,S02102,NEW,23,monthly,partner_api_order
7280,2026-06-18,S02319,NEW,3,monthly,partner_api_order
7281,2026-06-18,S02936,NEW,16,monthly,partner_api_order
7282,2026-06-18,S02969,NEW,9,annual,partner_api_order
7283,2026-06-18,S03744,NEW,25,annual,partner_api_order
7284,2026-06-18,S03754,NEW,10,annual,partner_api_order
7285,2026-06-18,S04145,NEW,13,annual,partner_api_order
7286,2026-06-18,S00815,ADD,2,,partner_api_order
7287,2026-06-18,S01028,ADD,10,,partner_api_order
7288,2026-06-18,S01386,ADD,4,,partner_api_order
7289,2026-06-18,S01531,ADD,14,,partner_api_order
7290,2026-06-18,S01553,REDUCE,3,,partner_api_order
7291,2026-06-18,S01565,ADD,7,,partner_api_order
7292,2026-06-18,S01586,REDUCE,2,,partner_api_order
7293,2026-06-18,S04113,ADD,13,,partner_api_order
7294,2026-06-19,S00155,NEW,7,monthly,partner_api_order
7295,2026-06-19,S01497,NEW,6,annual,partner_api_order
7296,2026-06-19,S01651,NEW,34,annual,partner_api_order
7297,2026-06-19,S03327,NEW,16,annual,partner_api_order
7298,2026-06-19,S00346,ADD,16,,partner_api_order
7299,2026-06-19,S00863,ADD,44,,partner_api_order
7300,2026-06-19,S01368,REDUCE,4,,partner_api_order
7301,2026-06-19,S01984,ADD,24,,partner_api_order
7302,2026-06-19,S02108,ADD,4,,partner_api_order
7303,2026-06-19,S02719,ADD,21,,partner_api_order
7304,2026-06-19,S03770,REDUCE,2,,partner_api_order
7305,2026-06-19,S03903,ADD,9,,partner_api_order
7306,2026-06-19,S03991,ADD,32,,partner_api_order
7307,2026-06-19,S04002,CANCEL,0,,partner_api_order
7308,2026-06-19,S04299,REDUCE,3,,partner_api_order
7309,2026-06-20,S00389,NEW,7,annual,partner_api_order
7310,2026-06-20,S00477,NEW,12,monthly,partner_api_order
7311,2026-06-20,S00580,NEW,6,monthly,partner_api_order
7312,2026-06-20,S01610,NEW,16,annual,partner_api_order
7313,2026-06-20,S01934,NEW,6,annual,partner_api_order
7314,2026-06-20,S02213,NEW,8,annual,partner_api_order
7315,2026-06-20,S03179,NEW,34,annual,partner_api_order
7316,2026-06-20,S03271,NEW,14,monthly,partner_api_order
7317,2026-06-20,S03324,NEW,80,monthly,partner_api_order
7318,2026-06-20,S03848,NEW,55,annual,partner_api_order
7319,2026-06-20,S04041,NEW,19,monthly,partner_api_order
7320,2026-06-20,S04323,NEW,10,annual,partner_api_order
7321,2026-06-20,S00309,CANCEL,0,,partner_api_order
7322,2026-06-20,S00958,ADD,7,,partner_api_order
7323,2026-06-20,S00985,ADD,12,,partner_api_order
7324,2026-06-20,S01398,REDUCE,3,,partner_api_order
7325,2026-06-20,S01787,CANCEL,0,,partner_api_order
7326,2026-06-20,S90752,ADD,19,,partner_api_order
7327,2026-06-20,S02509,ADD,16,,partner_api_order
7328,2026-06-20,S02692,ADD,11,,partner_api_order
7329,2026-06-20,S03327,REDUCE,13,,partner_api_order
7330,2026-06-20,S03490,ADD,13,,partner_api_order
7331,2026-06-20,S03847,ADD,7,,partner_api_order
7332,2026-06-20,S04281,CANCEL,0,,partner_api_order
7333,2026-06-21,S01142,NEW,6,annual,partner_api_order
7334,2026-06-21,S02395,NEW,6,monthly,partner_api_order
7335,2026-06-21,S02828,NEW,3,annual,partner_api_order
7336,2026-06-21,S03391,NEW,3,annual,partner_api_order
7337,2026-06-21,S03762,NEW,2,annual,partner_api_order
7338,2026-06-21,S04125,NEW,1,monthly,partner_api_order
7339,2026-06-21,S00115,REDUCE,5,,partner_api_order
7340,2026-06-21,S00422,ADD,17,,partner_api_order
7341,2026-06-21,S01141,ADD,7,,partner_api_order
7342,2026-06-21,S02113,REDUCE,0,,partner_api_order
7343,2026-06-21,S02480,ADD,7,,partner_api_order
7344,2026-06-21,S02661,ADD,16,,partner_api_order
7345,2026-06-21,S02741,ADD,32,,partner_api_order
7346,2026-06-21,S03210,ADD,41,,partner_api_order
7347,2026-06-21,S04088,ADD,10,,partner_api_order
7348,2026-06-22,S00106,NEW,14,annual,partner_api_order
7349,2026-06-22,S02309,NEW,13,annual,partner_api_order
7350,2026-06-22,S02575,NEW,8,monthly,partner_api_order
7351,2026-06-22,S00475,ADD,36,,partner_api_order
7352,2026-06-22,S00541,ADD,334,,contract_record
7353,2026-06-22,S00751,ADD,7,,partner_api_order
7354,2026-06-22,S00898,REDUCE,13,,partner_api_order
7355,2026-06-22,S01032,ADD,11,,partner_api_order
7356,2026-06-22,S01763,ADD,9,,partner_api_order
7357,2026-06-22,S02002,CANCEL,0,,partner_api_order
7358,2026-06-22,S02287,REDUCE,2,,partner_api_order
7359,2026-06-22,S03622,CANCEL,0,,partner_api_order
7360,2026-06-22,S03881,REDUCE,7,,partner_api_order
7361,2026-06-22,S04044,ADD,56,,partner_api_order
7362,2026-06-22,S04225,ADD,3,,partner_api_order
7363,2026-06-22,S04289,ADD,3,,partner_api_order
7364,2026-06-22,S04323,CANCEL,0,,partner_api_order
7365,2026-06-23,S00554,NEW,3,annual,partner_api_order
7366,2026-06-23,S01106,NEW,15,monthly,partner_api_order
7367,2026-06-23,S01146,NEW,3,monthly,partner_api_order
7368,2026-06-23,S01304,NEW,17,annual,partner_api_order
7369,2026-06-23,S03349,NEW,8,annual,partner_api_order
7370,2026-06-23,S03595,NEW,19,annual,partner_api_order
7371,2026-06-23,S03914,NEW,461,monthly,contract_record
7372,2026-06-23,S00153,REDUCE,7,,partner_api_order
7373,2026-06-23,S01454,ADD,4,,partner_api_order
7374,2026-06-23,S01567,ADD,21,,partner_api_order
7375,2026-06-23,S01985,CANCEL,0,,partner_api_order
7376,2026-06-23,S02323,CANCEL,0,,partner_api_order
7377,2026-06-24,S00248,NEW,9,monthly,partner_api_order
7378,2026-06-24,S00462,NEW,23,monthly,partner_api_order
7379,2026-06-24,S01544,NEW,1,monthly,partner_api_order
7380,2026-06-24,S01625,NEW,6,annual,partner_api_order
7381,2026-06-24,S01886,NEW,10,annual,partner_api_order
7382,2026-06-24,S02056,NEW,12,monthly,partner_api_order
7383,2026-06-24,S02277,NEW,22,annual,partner_api_order
7384,2026-06-24,S03084,NEW,67,annual,partner_api_order
7385,2026-06-24,S03293,NEW,2,monthly,partner_api_order
7386,2026-06-24,S03419,NEW,12,annual,partner_api_order
7387,2026-06-24,S01094,CANCEL,0,,contract_record
7388,2026-06-24,S01223,ADD,4,,partner_api_order
7389,2026-06-24,S01779,REDUCE,9,,partner_api_order
7390,2026-06-24,S02145,ADD,19,,partner_api_order
7391,2026-06-24,S02186,REDUCE,3,,partner_api_order
7392,2026-06-24,S02266,REDUCE,5,,partner_api_order
7393,2026-06-24,S02759,ADD,4,,partner_api_order
7394,2026-06-24,S03568,ADD,4,,partner_api_order
7395,2026-06-24,S04319,CANCEL,0,,partner_api_order
7396,2026-06-25,S00017,NEW,6,annual,partner_api_order
7397,2026-06-25,S00694,NEW,27,monthly,partner_api_order
7398,2026-06-25,S02452,NEW,8,annual,partner_api_order
7399,2026-06-25,S02952,NEW,13,annual,partner_api_order
7400,2026-06-25,S03023,NEW,3,annual,partner_api_order
7401,2026-06-25,S03125,NEW,9,annual,partner_api_order
7402,2026-06-25,S03598,NEW,4,monthly,partner_api_order
7403,2026-06-25,S03645,NEW,4,annual,partner_api_order
7404,2026-06-25,S00287,CANCEL,0,,partner_api_order
7405,2026-06-25,S00772,ADD,6,,partner_api_order
7406,2026-06-25,S01122,ADD,6,,partner_api_order
7407,2026-06-25,S01599,CANCEL,0,,partner_api_order
7408,2026-06-25,S02631,REDUCE,29,,partner_api_order
7409,2026-06-25,S02807,CANCEL,0,,partner_api_order
7410,2026-06-25,S03015,ADD,6,,partner_api_order
7411,2026-06-25,S03372,CANCEL,0,,partner_api_order
7412,2026-06-25,S04213,REDUCE,0,,partner_api_order
7413,2026-06-26,S00114,NEW,16,monthly,partner_api_order
7414,2026-06-26,S00186,NEW,8,annual,partner_api_order
7415,2026-06-26,S00415,NEW,30,annual,partner_api_order
7416,2026-06-26,S00744,NEW,3,annual,partner_api_order
7417,2026-06-26,S01429,NEW,89,annual,contract_record
7418,2026-06-26,S02585,NEW,3,annual,partner_api_order
7419,2026-06-26,S04370,NEW,5,monthly,partner_api_order
7420,2026-06-26,S00129,ADD,24,,partner_api_order
7421,2026-06-26,S01711,ADD,20,,partner_api_order
7422,2026-06-26,S02584,CANCEL,0,,partner_api_order
7423,2026-06-26,S03031,CANCEL,0,,partner_api_order
7424,2026-06-26,S03739,ADD,11,,partner_api_order
7425,2026-06-27,S00207,NEW,2,monthly,partner_api_order
7426,2026-06-27,S00245,NEW,14,annual,partner_api_order
7427,2026-06-27,S01484,NEW,5,annual,partner_api_order
7428,2026-06-27,S02620,NEW,22,monthly,partner_api_order
7429,2026-06-27,S02679,NEW,2,annual,partner_api_order
7430,2026-06-27,S02680,NEW,4,annual,partner_api_order
7431,2026-06-27,S02778,NEW,9,monthly,partner_api_order
7432,2026-06-27,S03265,NEW,5,annual,partner_api_order
7433,2026-06-27,S03543,NEW,18,annual,partner_api_order
7434,2026-06-27,S04250,NEW,24,annual,partner_api_order
7435,2026-06-27,S00948,ADD,13,,partner_api_order
7436,2026-06-27,S01054,ADD,6,,partner_api_order
7437,2026-06-27,S01062,REDUCE,4,,partner_api_order
7438,2026-06-27,S01391,ADD,2,,partner_api_order
7439,2026-06-27,S01549,ADD,17,,partner_api_order
7440,2026-06-27,S01733,REDUCE,3,,partner_api_order
7441,2026-06-28,S00068,NEW,7,annual,partner_api_order
7442,2026-06-28,S00241,NEW,14,annual,partner_api_order
7443,2026-06-28,S01271,NEW,8,monthly,partner_api_order
7444,2026-06-28,S01672,NEW,213,monthly,contract_record
7445,2026-06-28,S01975,NEW,5,annual,partner_api_order
7446,2026-06-28,S02451,NEW,3,monthly,partner_api_order
7447,2026-06-28,S03717,NEW,7,annual,partner_api_order
7448,2026-06-28,S00354,CANCEL,0,,partner_api_order
7449,2026-06-28,S01902,REDUCE,5,,partner_api_order
7450,2026-06-28,S02151,CANCEL,0,,partner_api_order
7451,2026-06-28,S02623,REDUCE,6,,partner_api_order
7452,2026-06-28,S03825,ADD,15,,partner_api_order
7453,2026-06-28,S03940,ADD,2,,partner_api_order
7454,2026-06-29,S00076,NEW,3,monthly,partner_api_order
7455,2026-06-29,S00472,NEW,19,annual,partner_api_order
7456,2026-06-29,S00837,NEW,1,monthly,partner_api_order
7457,2026-06-29,S00932,NEW,9,monthly,partner_api_order
7458,2026-06-29,S01087,NEW,11,annual,partner_api_order
7459,2026-06-29,S01488,NEW,4,annual,partner_api_order
7460,2026-06-29,S01723,NEW,49,annual,contract_record
7461,2026-06-29,S02239,NEW,15,annual,partner_api_order
7462,2026-06-29,S03457,NEW,10,monthly,partner_api_order
7463,2026-06-29,S04116,NEW,11,annual,partner_api_order
7464,2026-06-29,S04212,NEW,7,annual,partner_api_order
7465,2026-06-29,S00278,ADD,12,,partner_api_order
7466,2026-06-29,S00955,REDUCE,3,,partner_api_order
7467,2026-06-29,S01887,REDUCE,25,,partner_api_order
7468,2026-06-29,S02053,ADD,7,,partner_api_order
7469,2026-06-29,S02676,REDUCE,5,,partner_api_order
7470,2026-06-29,S03310,REDUCE,2,,partner_api_order
7471,2026-06-30,S01720,NEW,3,monthly,partner_api_order
7472,2026-06-30,S02040,NEW,65,annual,partner_api_order
7473,2026-06-30,S02062,NEW,2,annual,partner_api_order
7474,2026-06-30,S02318,NEW,7,annual,partner_api_order
7475,2026-06-30,S02615,NEW,63,annual,partner_api_order
7476,2026-06-30,S02687,NEW,8,monthly,partner_api_order
7477,2026-06-30,S02858,NEW,8,annual,partner_api_order
7478,2026-06-30,S02887,NEW,5,annual,partner_api_order
7479,2026-06-30,S02934,NEW,19,annual,partner_api_order
7480,2026-06-30,S03050,NEW,3,annual,partner_api_order
7481,2026-06-30,S03532,NEW,7,annual,partner_api_order
7482,2026-06-30,S04131,NEW,1,annual,partner_api_order
7483,2026-06-30,S04192,NEW,11,annual,partner_api_order
7484,2026-06-30,S04204,NEW,19,annual,partner_api_order
7485,2026-06-30,S00136,ADD,5,,partner_api_order
7486,2026-06-30,S01108,ADD,3,,partner_api_order
7487,2026-06-30,S01445,ADD,19,,partner_api_order
7488,2026-06-30,S01469,ADD,41,,partner_api_order
7489,2026-06-30,S01666,ADD,688,,contract_record
7490,2026-06-30,S02685,ADD,4,,partner_api_order
7491,2026-06-30,S03147,ADD,4,,partner_api_order
7492,2026-06-30,S03850,REDUCE,5,,partner_api_order
7493,2026-06-30,S03913,REDUCE,164,,contract_record
