subscription_key,customer_key,term_type,opened_date,register_quantity,register_status,register_status_date
S00001,C00001,annual,2026-01-10,3,active,2026-01-10
S00002,C00002,annual,2025-09-20,8,active,2025-09-20
S00003,C00003,annual,2026-03-22,5,active,2026-03-22
S00004,C00004,monthly,2026-04-24,10,active,2026-04-24
S00005,C00005,annual,2026-04-23,12,active,2026-04-23
S00006,C00006,annual,2025-03-12,3,active,2025-03-12
S00007,C00007,annual,2026-02-13,15,active,2026-02-13
S00008,C00008,annual,2025-10-28,10,active,2025-10-28
S00009,C00009,annual,2026-06-18,25,active,2026-06-18
S00010,C00010,annual,2026-06-18,389,active,2026-06-18
S00011,C00011,annual,2026-01-23,9,active,2026-01-23
S00012,C00012,annual,2025-02-22,0,cancelled,2025-06-23
S00013,C00013,annual,2025-05-30,3,active,2025-05-30
S00014,C00014,annual,2024-07-05,0,cancelled,2026-05-23
S00015,C00015,annual,2025-11-27,5,active,2025-11-27
S00016,C00015,annual,2026-02-14,10,active,2026-02-14
S00017,C00016,annual,2026-06-25,6,active,2026-06-25
S00018,C00017,annual,2024-11-20,4,active,2024-11-20
S00019,C00018,annual,2025-11-26,2,active,2025-11-26
S00020,C00019,monthly,2025-07-18,9,active,2025-07-18
S00021,C00020,annual,2025-11-11,3,active,2025-11-11
S00022,C00021,monthly,2025-08-11,4,active,2025-08-11
S00023,C00022,annual,2025-08-18,9,active,2025-08-18
S00024,C00022,annual,2026-02-16,40,active,2026-02-16
S00025,C00023,monthly,2024-09-13,6,active,2024-09-13
S00026,C00024,annual,2025-11-24,6,active,2025-11-24
S00027,C00025,annual,2025-04-26,0,cancelled,2025-11-26
S00028,C00026,annual,2026-03-01,11,active,2026-03-01
S00029,C00027,annual,2026-03-17,5,active,2026-03-17
S00030,C00028,annual,2025-11-05,9,active,2025-11-05
S00031,C00029,annual,2025-03-25,9,active,2025-03-25
S00032,C00030,annual,2026-03-30,4,active,2026-03-30
S00033,C00031,annual,2025-03-28,4,active,2025-03-28
S00034,C00032,annual,2025-09-25,6,active,2025-09-25
S00035,C00033,annual,2026-02-20,6,active,2026-02-20
S00036,C00034,annual,2024-09-29,0,cancelled,2025-06-06
S00037,C00035,monthly,2025-10-02,9,active,2025-10-02
S00038,C00035,monthly,2026-02-28,4,active,2026-02-28
S00039,C00036,annual,2026-04-19,15,active,2026-04-19
S00040,C00037,annual,2024-08-25,0,cancelled,2024-08-27
S00041,C00038,annual,2026-05-12,10,active,2026-05-12
S00042,C00039,annual,2024-11-02,19,active,2024-11-02
S00043,C00039,annual,2026-03-31,13,active,2026-03-31
S00044,C00040,annual,2025-12-16,3,active,2025-12-16
S00045,C00041,monthly,2025-04-30,3,active,2025-04-30
S00046,C00042,annual,2025-03-02,22,active,2025-03-02
S00047,C00043,monthly,2025-03-06,9,active,2025-03-06
S00048,C00044,annual,2024-12-03,0,cancelled,2025-03-24
S00049,C00044,annual,2026-04-26,3,active,2026-04-26
S00050,C00045,monthly,2025-12-06,13,active,2025-12-06
S00051,C00046,monthly,2024-08-07,0,cancelled,2025-10-28
S00052,C00047,annual,2024-11-14,0,cancelled,2025-07-27
S00053,C00048,monthly,2026-03-05,16,active,2026-03-05
S00054,C00049,annual,2024-09-16,32,active,2024-09-16
S00055,C00050,annual,2024-07-01,207,active,2024-07-01
S00056,C00051,annual,2025-02-18,2,active,2025-02-18
S00057,C00051,monthly,2025-04-24,6,active,2025-04-24
S00058,C00052,monthly,2025-04-30,5,active,2025-04-30
S00059,C00053,monthly,2025-02-20,4,active,2025-02-20
S00060,C00054,annual,2025-06-30,4,active,2025-06-30
S00061,C00055,monthly,2024-11-10,38,active,2024-11-10
S00062,C00056,annual,2026-06-18,10,active,2026-06-18
S00063,C00057,monthly,2026-02-23,6,active,2026-02-23
S00064,C00058,annual,2026-02-27,27,active,2026-02-27
S00065,C00059,annual,2024-10-30,36,active,2024-10-30
S00066,C00059,monthly,2025-10-15,21,active,2025-10-15
S00067,C00060,annual,2025-06-28,469,active,2025-06-28
S00068,C00061,annual,2026-06-28,7,active,2026-06-28
S00069,C00062,monthly,2026-01-24,8,active,2026-01-24
S00070,C00063,monthly,2025-05-03,5,active,2025-05-03
S00071,C00063,monthly,2025-07-29,0,cancelled,2026-05-16
S00072,C00064,monthly,2025-07-22,0,cancelled,2026-06-05
S00073,C00065,monthly,2024-08-04,0,cancelled,2026-03-11
S00074,C00066,annual,2025-01-20,20,active,2025-01-20
S00075,C00067,monthly,2026-04-06,5,active,2026-04-06
S00076,C00067,monthly,2026-06-29,3,active,2026-06-29
S00077,C00068,monthly,2025-02-05,28,active,2025-02-05
S00078,C00069,annual,2025-07-16,10,active,2025-07-16
S00079,C00070,annual,2025-12-23,171,active,2025-12-23
S00080,C00071,monthly,2024-08-06,3,active,2024-08-06
S00081,C00072,annual,2026-06-16,3,active,2026-06-16
S00082,C00073,annual,2025-10-20,7,active,2025-10-20
S00083,C00073,annual,2026-05-26,15,active,2026-05-26
S00084,C00074,monthly,2025-10-25,12,active,2025-10-25
S00085,C00075,monthly,2026-03-15,12,active,2026-03-15
S00086,C00076,monthly,2025-07-08,4,active,2025-07-08
S00087,C00077,annual,2025-11-27,3,active,2025-11-27
S00088,C00078,annual,2025-05-08,9,active,2025-05-08
S00089,C00079,annual,2026-01-23,2,active,2026-01-23
S00090,C00080,annual,2025-08-12,2,active,2025-08-12
S00091,C00080,annual,2026-01-29,19,active,2026-01-29
S00092,C00081,monthly,2024-08-02,1,active,2024-08-02
S00093,C00082,monthly,2025-09-07,16,active,2025-09-07
S00094,C00082,annual,2025-10-24,14,active,2025-10-24
S00095,C00083,annual,2025-12-06,17,active,2025-12-06
S00096,C00084,annual,2026-03-16,20,active,2026-03-16
S00097,C00085,monthly,2024-10-24,21,active,2024-10-24
S00098,C00086,monthly,2025-05-01,8,active,2025-05-01
S00099,C00086,annual,2026-05-01,16,active,2026-05-01
S00100,C00087,annual,2026-03-24,18,active,2026-03-24
S00101,C00088,annual,2026-05-19,19,active,2026-05-19
S00102,C00089,annual,2025-03-26,3,active,2025-03-26
S00103,C00090,monthly,2026-01-19,34,active,2026-01-19
S00104,C00090,monthly,2026-06-03,14,active,2026-06-03
S00105,C00091,annual,2026-05-12,8,active,2026-05-12
S00106,C00091,annual,2026-06-22,14,active,2026-06-22
S00107,C00092,monthly,2024-09-18,4,active,2024-09-18
S00108,C00093,annual,2026-01-03,12,active,2026-01-03
S00109,C00093,monthly,2026-06-01,31,active,2026-06-01
S00110,C00094,monthly,2024-08-04,2,active,2024-08-04
S00111,C00095,annual,2026-03-03,36,active,2026-03-03
S00112,C00096,annual,2025-11-11,3,active,2025-11-11
S00113,C00097,monthly,2024-07-24,0,cancelled,2024-08-05
S00114,C00098,monthly,2026-06-26,16,active,2026-06-26
S00115,C00099,annual,2025-11-18,5,active,2025-11-18
S00116,C00100,annual,2024-12-24,5,active,2024-12-24
S00117,C00101,annual,2025-12-13,10,active,2025-12-13
S00118,C00102,monthly,2026-03-17,17,active,2026-03-17
S00119,C00103,monthly,2025-03-09,8,active,2025-03-09
S00120,C00104,annual,2024-11-04,0,cancelled,2025-09-17
S00121,C00105,monthly,2024-10-23,0,cancelled,2024-12-10
S00122,C00106,annual,2024-07-22,40,active,2024-07-22
S00123,C00107,annual,2026-02-04,13,active,2026-02-04
S00124,C00108,annual,2025-04-29,0,cancelled,2025-11-08
S00125,C00109,annual,2026-01-24,9,active,2026-01-24
S00126,C00110,monthly,2025-01-06,5,active,2025-01-06
S00127,C00111,annual,2026-02-08,2,active,2026-02-08
S00128,C00111,annual,2026-04-10,16,active,2026-04-10
S00129,C00112,monthly,2026-05-22,24,active,2026-05-22
S00130,C00113,monthly,2024-07-31,21,active,2024-07-31
S00131,C00114,annual,2024-11-24,3,active,2024-11-24
S00132,C00115,monthly,2025-04-10,5,active,2025-04-10
S00133,C00116,annual,2025-11-14,11,active,2025-11-14
S00134,C00117,annual,2026-05-14,1,active,2026-05-14
S00135,C00118,annual,2026-05-08,33,active,2026-05-08
S00136,C00119,annual,2026-03-09,5,active,2026-03-09
S00137,C00120,monthly,2026-01-06,21,active,2026-01-06
S00138,C00120,annual,2026-04-17,4,active,2026-04-17
S00139,C00121,monthly,2026-04-03,7,active,2026-04-03
S00140,C00122,annual,2025-04-12,0,cancelled,2026-06-16
S00141,C00123,annual,2024-12-04,6,active,2024-12-04
S00142,C00124,annual,2024-07-30,8,active,2024-07-30
S00143,C00124,annual,2025-02-19,7,active,2025-02-19
S00144,C00125,monthly,2025-06-21,0,cancelled,2025-09-24
S00145,C00126,monthly,2026-03-24,11,active,2026-03-24
S00146,C00127,monthly,2025-02-16,7,active,2025-02-16
S00147,C00128,annual,2025-05-31,12,active,2025-05-31
S00148,C00129,annual,2025-01-24,157,active,2025-01-24
S00149,C00130,annual,2025-07-01,6,active,2025-07-01
S00150,C00131,annual,2024-08-02,0,cancelled,2025-11-22
S00151,C00132,monthly,2024-12-13,0,cancelled,2026-03-08
S00152,C00133,annual,2025-07-29,20,active,2025-07-29
S00153,C00134,annual,2025-05-03,7,active,2025-05-03
S00154,C00135,monthly,2024-10-30,2,active,2024-10-30
S00155,C00136,monthly,2026-06-19,7,active,2026-06-19
S00156,C00137,monthly,2025-02-16,0,cancelled,2025-08-28
S00157,C00138,annual,2026-05-30,7,active,2026-05-30
S00158,C00139,annual,2025-12-11,4,active,2025-12-11
S00159,C00140,annual,2024-11-10,5,active,2024-11-10
S00160,C00141,annual,2024-08-20,20,active,2024-08-20
S00161,C00142,annual,2025-06-26,1,active,2025-06-26
S00162,C00143,annual,2024-10-17,0,cancelled,2026-03-14
S00163,C00144,monthly,2025-07-20,0,cancelled,2025-11-14
S00164,C00145,monthly,2026-03-05,10,active,2026-03-05
S00165,C00146,monthly,2025-06-08,4,active,2025-06-08
S00166,C00147,monthly,2025-02-24,3,active,2025-02-24
S00167,C00148,monthly,2026-04-26,2,active,2026-04-26
S00168,C00149,monthly,2025-04-19,6,active,2025-04-19
S00169,C00150,annual,2024-10-03,5,active,2024-10-03
S00170,C00151,annual,2024-09-19,12,active,2024-09-19
S00171,C00152,monthly,2024-08-09,16,active,2024-08-09
S00172,C00152,monthly,2026-06-14,10,active,2026-06-14
S00173,C00153,annual,2024-11-12,3,active,2024-11-12
S00174,C00154,monthly,2024-09-15,3,active,2024-09-15
S00175,C00155,monthly,2024-09-16,9,active,2024-09-16
S00176,C00156,monthly,2025-07-02,3,active,2025-07-02
S00177,C00157,monthly,2025-04-21,5,active,2025-04-21
S00178,C00158,annual,2025-05-11,6,active,2025-05-11
S00179,C00159,annual,2026-04-12,7,active,2026-04-12
S00180,C00160,monthly,2026-06-11,7,active,2026-06-11
S00181,C00161,annual,2024-10-14,10,active,2024-10-14
S00182,C00162,annual,2024-07-21,5,active,2024-07-21
S00183,C00163,annual,2024-11-29,29,active,2024-11-29
S00184,C00164,monthly,2024-11-20,3,active,2024-11-20
S00185,C00165,annual,2025-08-16,5,active,2025-08-16
S00186,C00165,annual,2026-06-26,8,active,2026-06-26
S00187,C00166,monthly,2025-04-09,7,active,2025-04-09
S00188,C00167,monthly,2025-05-18,21,active,2025-05-18
S00189,C00168,annual,2025-07-31,3,active,2025-07-31
S00190,C00169,monthly,2025-08-06,12,active,2025-08-06
S00191,C00170,annual,2025-12-29,38,active,2025-12-29
S00192,C00171,monthly,2024-07-23,14,active,2024-07-23
S00193,C00172,annual,2025-11-07,367,active,2025-11-07
S00194,C00173,annual,2026-06-11,4,active,2026-06-11
S00195,C00174,monthly,2026-01-17,4,active,2026-01-17
S00196,C00175,annual,2025-08-10,10,active,2025-08-10
S00197,C00176,annual,2026-06-09,15,active,2026-06-09
S00198,C00177,annual,2024-10-04,0,cancelled,2025-07-22
S00199,C00178,annual,2026-04-25,3,active,2026-04-25
S00200,C00179,annual,2025-09-13,51,active,2025-09-13
S00201,C00180,annual,2026-05-20,50,active,2026-05-20
S00202,C00181,monthly,2024-12-16,16,active,2024-12-16
S00203,C00182,annual,2026-02-01,3,active,2026-02-01
S00204,C00183,monthly,2024-07-24,7,active,2024-07-24
S00205,C00184,monthly,2026-05-26,4,active,2026-05-26
S00206,C00185,monthly,2025-03-28,3,active,2025-03-28
S00207,C00186,monthly,2026-06-27,2,active,2026-06-27
S00208,C00187,monthly,2025-06-07,24,active,2025-06-07
S00209,C00188,monthly,2024-08-27,16,active,2024-08-27
S00210,C00188,annual,2026-06-03,29,active,2026-06-03
S00211,C00189,monthly,2024-11-08,5,active,2024-11-08
S00212,C00190,annual,2026-01-13,9,active,2026-01-13
S00213,C00191,annual,2026-04-24,383,active,2026-04-24
S00214,C00192,annual,2026-01-25,144,active,2026-01-25
S00215,C00193,monthly,2025-10-21,15,active,2025-10-21
S00216,C00194,annual,2026-05-05,5,active,2026-05-05
S00217,C00195,annual,2026-06-05,6,active,2026-06-05
S00218,C00196,monthly,2025-05-30,1,active,2025-05-30
S00219,C00197,monthly,2025-04-26,9,active,2025-04-26
S00220,C00198,annual,2025-09-03,4,active,2025-09-03
S00221,C00199,monthly,2025-04-26,0,cancelled,2026-03-04
S00222,C00200,annual,2026-03-06,8,active,2026-03-06
S00223,C00201,monthly,2025-11-02,17,active,2025-11-02
S00224,C00202,monthly,2026-05-28,4,active,2026-05-28
S00225,C00203,annual,2024-09-23,10,active,2024-09-23
S00226,C00204,monthly,2025-10-20,12,active,2025-10-20
S00227,C00205,annual,2025-06-25,13,active,2025-06-25
S00228,C00205,annual,2025-12-17,6,active,2025-12-17
S00229,C00206,monthly,2025-03-07,72,active,2025-03-07
S00230,C00207,annual,2026-02-09,6,active,2026-02-09
S00231,C00208,monthly,2025-03-01,17,active,2025-03-01
S00232,C00209,monthly,2026-05-09,110,active,2026-05-09
S00233,C00210,monthly,2025-10-05,16,active,2025-10-05
S00234,C00211,annual,2025-08-30,8,active,2025-08-30
S00235,C00212,monthly,2026-03-24,628,active,2026-03-24
S00236,C00213,annual,2024-11-26,6,active,2024-11-26
S00237,C00214,annual,2025-01-18,33,active,2025-01-18
S00238,C00215,annual,2025-08-13,2,active,2025-08-13
S00239,C00216,monthly,2025-07-10,8,active,2025-07-10
S00240,C00217,monthly,2025-04-26,16,active,2025-04-26
S00241,C00217,annual,2026-06-28,14,active,2026-06-28
S00242,C00218,annual,2025-06-06,15,active,2025-06-06
S00243,C00219,annual,2026-05-13,8,active,2026-05-13
S00244,C00220,monthly,2024-12-12,1,active,2024-12-12
S00245,C00221,annual,2026-06-27,14,active,2026-06-27
S00246,C00222,annual,2025-08-11,0,cancelled,2025-11-29
S00247,C00223,monthly,2025-12-23,0,cancelled,2025-12-24
S00248,C00223,monthly,2026-06-24,9,active,2026-06-24
S00249,C00224,monthly,2026-05-15,11,active,2026-05-15
S00250,C00225,annual,2025-06-27,6,active,2025-06-27
S00251,C00226,annual,2026-04-08,2,active,2026-04-08
S00252,C00227,annual,2026-02-23,5,active,2026-02-23
S00253,C00228,annual,2025-07-29,0,cancelled,2026-01-03
S00254,C00229,monthly,2025-11-15,9,active,2025-11-15
S00255,C00230,annual,2026-01-06,1,active,2026-01-06
S00256,C00230,annual,2026-03-09,8,active,2026-03-09
S00257,C00231,annual,2025-06-09,3,active,2025-06-09
S00258,C00232,annual,2026-02-27,2,active,2026-02-27
S00259,C00233,annual,2024-07-13,6,active,2024-07-13
S00260,C00234,monthly,2025-12-30,13,active,2025-12-30
S00261,C00235,annual,2024-11-22,0,cancelled,2025-12-17
S00262,C00235,annual,2026-03-28,62,active,2026-03-28
S00263,C00236,monthly,2026-01-14,2,active,2026-01-14
S00264,C00237,monthly,2025-03-31,0,cancelled,2025-08-18
S00265,C00237,annual,2026-01-03,7,active,2026-01-03
S00266,C00238,annual,2024-11-07,0,cancelled,2025-05-18
S00267,C00239,annual,2025-08-07,3,active,2025-08-07
S00268,C00240,annual,2025-02-27,32,active,2025-02-27
S00269,C00240,annual,2026-05-20,9,active,2026-05-20
S00270,C00241,annual,2025-10-01,101,active,2025-10-01
S00271,C00242,monthly,2026-02-02,14,active,2026-02-02
S00272,C00243,monthly,2025-01-16,6,active,2025-01-16
S00273,C00244,annual,2025-08-22,6,active,2025-08-22
S00274,C00245,monthly,2025-12-25,2,active,2025-12-25
S00275,C00246,annual,2025-09-18,1,active,2025-09-18
S00276,C00247,annual,2024-10-30,47,active,2024-10-30
S00277,C00248,annual,2026-02-16,19,active,2026-02-16
S00278,C00249,monthly,2025-10-29,12,active,2025-10-29
S00279,C00250,monthly,2024-09-04,4,active,2024-09-04
S00280,C00251,monthly,2026-04-17,2,active,2026-04-17
S00281,C00252,monthly,2026-04-05,2,active,2026-04-05
S00282,C00253,monthly,2024-08-15,19,active,2024-08-15
S00283,C00254,annual,2024-12-16,0,cancelled,2025-03-30
S00284,C00255,annual,2025-07-06,15,active,2025-07-06
S00285,C00256,annual,2024-08-04,13,active,2024-08-04
S00286,C00257,annual,2025-02-01,0,cancelled,2025-07-22
S00287,C00257,monthly,2026-02-20,0,cancelled,2026-06-25
S00288,C00258,annual,2025-05-05,18,active,2025-05-05
S00289,C00259,annual,2025-04-29,7,active,2025-04-29
S00290,C00260,monthly,2025-02-09,4,active,2025-02-09
S00291,C00261,annual,2026-01-26,5,active,2026-01-26
S00292,C00262,annual,2026-05-24,28,active,2026-05-24
S00293,C00263,monthly,2025-04-27,3,active,2025-04-27
S00294,C00264,annual,2025-11-06,30,active,2025-11-06
S00295,C00265,monthly,2025-01-07,0,cancelled,2026-06-16
S00296,C00266,annual,2025-04-19,0,cancelled,2025-05-29
S00297,C00267,annual,2025-08-14,18,active,2025-08-14
S00298,C00268,monthly,2025-01-28,0,cancelled,2026-06-07
S00299,C00268,monthly,2025-07-04,5,active,2025-07-04
S00300,C00269,annual,2025-11-04,10,active,2025-11-04
S00301,C00270,annual,2026-05-05,37,active,2026-05-05
S00302,C00271,monthly,2024-10-25,0,cancelled,2026-05-02
S00303,C00272,annual,2025-08-02,34,active,2025-08-02
S00304,C00273,annual,2024-09-11,15,active,2024-09-11
S00305,C00274,monthly,2025-06-24,0,cancelled,2025-07-14
S00306,C00275,annual,2025-10-14,1,active,2025-10-14
S00307,C00276,annual,2025-03-07,15,active,2025-03-07
S00308,C00277,annual,2026-05-27,6,active,2026-05-27
S00309,C00278,annual,2025-06-26,0,cancelled,2026-06-20
S00310,C00279,annual,2024-09-21,7,active,2024-09-21
S00311,C00280,monthly,2025-11-08,2,active,2025-11-08
S00312,C00281,monthly,2025-08-25,4,active,2025-08-25
S00313,C00282,annual,2025-10-05,70,active,2025-10-05
S00314,C00283,annual,2025-10-11,3,active,2025-10-11
S00315,C00284,annual,2025-06-10,5,active,2025-06-10
S00316,C00285,annual,2024-10-19,2,active,2024-10-19
S00317,C00286,annual,2025-09-07,13,active,2025-09-07
S00318,C00287,annual,2026-02-21,8,active,2026-02-21
S00319,C00288,annual,2026-03-13,4,active,2026-03-13
S00320,C00288,monthly,2026-04-20,5,active,2026-04-20
S00321,C00289,annual,2025-03-21,0,cancelled,2025-05-03
S00322,C00290,monthly,2024-09-10,17,active,2024-09-10
S00323,C00291,annual,2024-10-24,9,active,2024-10-24
S00324,C00292,annual,2024-10-01,23,active,2024-10-01
S00325,C00293,monthly,2025-07-30,10,active,2025-07-30
S00326,C00294,monthly,2025-01-29,26,active,2025-01-29
S00327,C00295,monthly,2025-02-14,2,active,2025-02-14
S00328,C00296,annual,2024-07-28,25,active,2024-07-28
S00329,C00297,annual,2025-07-11,0,cancelled,2025-12-10
S00330,C00298,monthly,2025-08-05,4,active,2025-08-05
S00331,C00299,monthly,2024-07-04,0,cancelled,2025-01-31
S00332,C00300,annual,2025-01-10,3,active,2025-01-10
S00333,C00301,monthly,2025-06-22,12,active,2025-06-22
S00334,C00302,annual,2026-01-04,2,active,2026-01-04
S00335,C00303,annual,2025-06-30,12,active,2025-06-30
S00336,C00304,annual,2024-11-03,129,active,2024-11-03
S00337,C00305,annual,2026-06-18,3,active,2026-06-18
S00338,C00306,annual,2026-06-09,457,active,2026-06-09
S00339,C00307,monthly,2025-03-13,5,active,2025-03-13
S00340,C00308,monthly,2026-01-21,3,active,2026-01-21
S00341,C00309,annual,2025-05-15,75,active,2025-05-15
S00342,C00310,annual,2025-06-27,7,active,2025-06-27
S00343,C00311,monthly,2025-11-17,5,active,2025-11-17
S00344,C00312,monthly,2025-12-22,11,active,2025-12-22
S00345,C00313,monthly,2024-09-14,95,active,2024-09-14
S00346,C00314,annual,2024-12-22,16,active,2024-12-22
S00347,C00314,annual,2025-05-14,5,active,2025-05-14
S00348,C00315,annual,2024-07-25,256,active,2024-07-25
S00349,C00316,monthly,2024-11-30,8,active,2024-11-30
S00350,C00317,monthly,2026-02-23,4,active,2026-02-23
S00351,C00318,annual,2025-06-09,17,active,2025-06-09
S00352,C00319,annual,2025-08-12,8,active,2025-08-12
S00353,C00320,annual,2026-03-22,4,active,2026-03-22
S00354,C00321,annual,2025-11-06,0,cancelled,2026-06-28
S00355,C00321,annual,2025-12-19,18,active,2025-12-19
S00356,C00322,monthly,2025-08-25,41,active,2025-08-25
S00357,C00323,annual,2026-02-05,8,active,2026-02-05
S00358,C00324,annual,2025-06-19,1,active,2025-06-19
S00359,C00325,monthly,2024-09-06,11,active,2024-09-06
S00360,C00326,annual,2025-07-05,17,active,2025-07-05
S00361,C00327,monthly,2024-10-28,0,cancelled,2025-01-14
S00362,C00327,annual,2026-01-02,40,active,2026-01-02
S00363,C00328,monthly,2025-10-24,13,active,2025-10-24
S00364,C00329,annual,2025-10-06,0,cancelled,2026-05-02
S00365,C00330,annual,2025-09-22,7,active,2025-09-22
S00366,C00331,annual,2024-11-07,22,active,2024-11-07
S00367,C00332,monthly,2026-03-29,4,active,2026-03-29
S00368,C00333,annual,2025-07-09,52,active,2025-07-09
S00369,C00334,annual,2025-04-12,0,cancelled,2025-04-27
S00370,C00335,annual,2025-04-26,0,cancelled,2025-08-26
S00371,C00336,monthly,2026-04-06,17,active,2026-04-06
S00372,C00337,annual,2026-04-24,5,active,2026-04-24
S00373,C00338,monthly,2026-02-13,13,active,2026-02-13
S00374,C00339,monthly,2025-06-30,5,active,2025-06-30
S00375,C00340,monthly,2025-11-15,0,cancelled,2026-04-18
S00376,C00340,annual,2026-05-07,8,active,2026-05-07
S00377,C00341,annual,2025-11-13,7,active,2025-11-13
S00378,C00342,monthly,2024-07-19,0,cancelled,2025-04-25
S00379,C00343,monthly,2026-03-20,3,active,2026-03-20
S00380,C00344,monthly,2026-02-23,8,active,2026-02-23
S00381,C00345,monthly,2025-05-03,10,active,2025-05-03
S00382,C00346,monthly,2026-06-09,10,active,2026-06-09
S00383,C00347,annual,2025-04-07,152,active,2025-04-07
S00384,C00348,annual,2024-09-14,4,active,2024-09-14
S00385,C00349,annual,2024-09-25,3,active,2024-09-25
S00386,C00350,annual,2025-09-09,19,active,2025-09-09
S00387,C00351,monthly,2025-07-13,5,active,2025-07-13
S00388,C00351,annual,2025-12-21,8,active,2025-12-21
S00389,C00352,annual,2026-06-20,7,active,2026-06-20
S00390,C00353,annual,2025-09-05,8,active,2025-09-05
S00391,C00354,annual,2026-01-08,2,active,2026-01-08
S00392,C00355,monthly,2025-10-30,3,active,2025-10-30
S00393,C00356,monthly,2025-02-06,9,active,2025-02-06
S00394,C00357,annual,2025-09-20,10,active,2025-09-20
S00395,C00358,monthly,2025-05-21,7,active,2025-05-21
S00396,C00359,annual,2024-09-11,23,active,2024-09-11
S00397,C00360,annual,2025-03-04,240,active,2025-03-04
S00398,C00361,annual,2025-09-14,64,active,2025-09-14
S00399,C00362,monthly,2025-03-18,11,active,2025-03-18
S00400,C00363,annual,2024-12-25,1,active,2024-12-25
S00401,C00364,annual,2024-07-12,19,active,2024-07-12
S00402,C00365,annual,2025-03-12,11,active,2025-03-12
S00403,C00366,monthly,2025-10-16,1,active,2025-10-16
S00404,C00367,monthly,2024-07-15,30,active,2024-07-15
S00405,C00368,annual,2025-03-05,6,active,2025-03-05
S00406,C00369,monthly,2024-07-16,2,active,2024-07-16
S00407,C00370,annual,2025-02-08,17,active,2025-02-08
S00408,C00371,annual,2025-03-04,48,active,2025-03-04
S00409,C00371,annual,2026-03-22,2,active,2026-03-22
S00410,C00372,monthly,2025-10-18,36,active,2025-10-18
S00411,C00373,monthly,2025-01-12,862,active,2025-01-12
S00412,C00374,monthly,2024-09-03,13,active,2024-09-03
S00413,C00375,annual,2025-06-15,8,active,2025-06-15
S00414,C00376,annual,2024-08-07,0,cancelled,2024-09-23
S00415,C00377,annual,2026-06-26,30,active,2026-06-26
S00416,C00378,monthly,2026-04-13,13,active,2026-04-13
S00417,C00379,monthly,2025-02-09,13,active,2025-02-09
S00418,C00380,annual,2024-08-19,4,active,2024-08-19
S00419,C00380,annual,2025-11-10,15,active,2025-11-10
S00420,C00381,monthly,2025-10-28,5,active,2025-10-28
S00421,C00382,monthly,2026-04-02,3,active,2026-04-02
S00422,C00383,annual,2026-03-05,17,active,2026-03-05
S00423,C00384,monthly,2025-05-31,4,active,2025-05-31
S00424,C00385,annual,2025-10-25,10,active,2025-10-25
S00425,C00386,annual,2025-09-27,4,active,2025-09-27
S00426,C00387,monthly,2025-10-17,11,active,2025-10-17
S00427,C00388,monthly,2024-07-10,2,active,2024-07-10
S00428,C00389,monthly,2025-10-20,11,active,2025-10-20
S00429,C00390,annual,2025-04-15,8,active,2025-04-15
S00430,C00391,monthly,2025-01-06,17,active,2025-01-06
S00431,C00392,monthly,2025-02-02,0,cancelled,2025-05-06
S00432,C00393,annual,2024-10-11,1,active,2024-10-11
S00433,C00394,annual,2025-01-02,11,active,2025-01-02
S00434,C00395,monthly,2025-08-27,0,cancelled,2025-12-13
S00435,C00396,monthly,2026-03-21,11,active,2026-03-21
S00436,C00397,annual,2024-11-26,56,active,2024-11-26
S00437,C00398,monthly,2024-07-16,3,active,2024-07-16
S00438,C00399,monthly,2025-05-14,5,active,2025-05-14
S00439,C00400,annual,2025-09-11,6,active,2025-09-11
S00440,C00401,monthly,2025-01-28,0,cancelled,2025-04-21
S00441,C00402,monthly,2024-11-27,1,active,2024-11-27
S00442,C00403,monthly,2025-03-29,10,active,2025-03-29
S00443,C00404,monthly,2025-08-02,52,active,2025-08-02
S00444,C00405,monthly,2025-12-15,13,active,2025-12-15
S00445,C00405,annual,2026-03-23,7,active,2026-03-23
S00446,C00406,annual,2025-03-30,21,active,2025-03-30
S00447,C00407,annual,2026-01-21,3,active,2026-01-21
S00448,C00408,monthly,2025-08-08,8,active,2025-08-08
S00449,C00409,annual,2024-11-22,4,active,2024-11-22
S00450,C00410,monthly,2025-01-09,21,active,2025-01-09
S00451,C00411,monthly,2025-12-10,43,active,2025-12-10
S00452,C00412,monthly,2025-05-02,0,cancelled,2025-12-31
S00453,C00413,annual,2026-05-17,17,active,2026-05-17
S00454,C00414,annual,2024-10-26,7,active,2024-10-26
S00455,C00415,annual,2025-11-11,0,cancelled,2026-01-30
S00456,C00416,annual,2024-09-28,3,active,2024-09-28
S00457,C00417,annual,2025-06-15,12,active,2025-06-15
S00458,C00418,monthly,2025-11-08,4,active,2025-11-08
S00459,C00419,monthly,2025-06-01,4,active,2025-06-01
S00460,C00420,annual,2026-05-06,12,active,2026-05-06
S00461,C00421,monthly,2025-12-13,5,active,2025-12-13
S00462,C00421,monthly,2026-06-24,23,active,2026-06-24
S00463,C00422,annual,2024-09-24,12,active,2024-09-24
S00464,C00423,annual,2025-09-16,269,active,2025-09-16
S00465,C00423,annual,2026-04-11,229,active,2026-04-11
S00466,C00424,annual,2026-03-10,17,active,2026-03-10
S00467,C00425,annual,2026-02-21,14,active,2026-02-21
S00468,C00425,monthly,2026-03-27,5,active,2026-03-27
S00469,C00426,monthly,2026-05-23,18,active,2026-05-23
S00470,C00427,monthly,2025-03-05,4,active,2025-03-05
S00471,C00428,monthly,2026-05-19,7,active,2026-05-19
S00472,C00428,annual,2026-06-29,19,active,2026-06-29
S00473,C00429,monthly,2026-03-28,2,active,2026-03-28
S00474,C00430,annual,2025-05-30,6,active,2025-05-30
S00475,C00431,annual,2024-09-14,36,active,2024-09-14
S00476,C00432,annual,2025-12-05,19,active,2025-12-05
S00477,C00432,monthly,2026-06-20,12,active,2026-06-20
S00478,C00433,annual,2025-10-08,2,active,2025-10-08
S00479,C00434,annual,2025-08-01,26,active,2025-08-01
S00480,C00435,monthly,2025-10-06,49,active,2025-10-06
S00481,C00436,monthly,2025-01-18,3,active,2025-01-18
S00482,C00437,annual,2025-10-28,16,active,2025-10-28
S00483,C00438,monthly,2025-05-24,21,active,2025-05-24
S00484,C00439,annual,2024-11-04,0,cancelled,2026-04-15
S00485,C00440,monthly,2024-08-17,13,active,2024-08-17
S00486,C00441,annual,2024-10-07,4,active,2024-10-07
S00487,C00441,monthly,2026-02-19,13,active,2026-02-19
S00488,C00442,monthly,2024-09-11,4,active,2024-09-11
S00489,C00443,annual,2025-08-05,0,cancelled,2025-12-19
S00490,C00444,monthly,2024-08-16,1,active,2024-08-16
S00491,C00445,monthly,2026-01-17,6,active,2026-01-17
S00492,C00446,monthly,2025-02-01,4,active,2025-02-01
S00493,C00446,monthly,2025-07-12,2,active,2025-07-12
S00494,C00447,annual,2025-02-02,11,active,2025-02-02
S00495,C00447,annual,2026-03-30,7,active,2026-03-30
S00496,C00448,annual,2025-03-21,8,active,2025-03-21
S00497,C00448,monthly,2026-03-16,1,active,2026-03-16
S00498,C00449,annual,2025-10-31,18,active,2025-10-31
S00499,C00450,annual,2025-10-05,12,active,2025-10-05
S00500,C00451,annual,2025-01-03,3,active,2025-01-03
S00501,C00452,annual,2025-03-18,15,active,2025-03-18
S00502,C00453,annual,2025-06-22,19,active,2025-06-22
S00503,C00454,monthly,2024-11-10,4,active,2024-11-10
S00504,C00455,annual,2026-05-20,16,active,2026-05-20
S00505,C00456,annual,2025-09-02,4,active,2025-09-02
S00506,C00457,annual,2026-04-29,29,active,2026-04-29
S00507,C00458,annual,2026-03-16,8,active,2026-03-16
S00508,C00459,monthly,2024-12-04,4,active,2024-12-04
S00509,C00460,annual,2025-02-03,3,active,2025-02-03
S00510,C00461,monthly,2026-01-13,1,active,2026-01-13
S00511,C00462,annual,2025-01-13,10,active,2025-01-13
S00512,C00463,annual,2026-04-21,3,active,2026-04-21
S00513,C00464,monthly,2024-09-06,239,active,2024-09-06
S00514,C00465,annual,2026-06-17,5,active,2026-06-17
S00515,C00466,annual,2025-03-30,2,active,2025-03-30
S00516,C00467,annual,2026-02-21,350,active,2026-02-21
S00517,C00468,monthly,2025-12-06,25,active,2025-12-06
S00518,C00469,annual,2026-01-25,2,active,2026-01-25
S00519,C00470,annual,2025-04-04,45,active,2025-04-04
S00520,C00470,annual,2026-05-18,15,active,2026-05-18
S00521,C00471,monthly,2025-02-20,14,active,2025-02-20
S00522,C00472,annual,2025-05-29,2,active,2025-05-29
S00523,C00473,monthly,2024-12-20,1,active,2024-12-20
S00524,C00474,annual,2024-07-24,0,cancelled,2026-04-04
S00525,C00475,monthly,2025-09-21,17,active,2025-09-21
S00526,C00476,annual,2026-04-24,14,active,2026-04-24
S00527,C00477,annual,2024-08-09,5,active,2024-08-09
S00528,C00478,monthly,2025-03-10,7,active,2025-03-10
S00529,C00479,annual,2025-09-23,8,active,2025-09-23
S00530,C00480,annual,2025-04-24,8,active,2025-04-24
S00531,C00481,monthly,2025-12-23,4,active,2025-12-23
S00532,C00482,annual,2024-08-15,10,active,2024-08-15
S00533,C00483,annual,2024-12-23,1,active,2024-12-23
S00534,C00484,annual,2025-10-17,6,active,2025-10-17
S00535,C00485,annual,2025-01-23,3,active,2025-01-23
S00536,C00486,monthly,2025-12-06,4,active,2025-12-06
S00537,C00487,annual,2026-03-10,10,active,2026-03-10
S00538,C00488,annual,2026-02-18,16,active,2026-02-18
S00539,C00489,annual,2025-04-06,17,active,2025-04-06
S00540,C00490,monthly,2025-06-06,10,active,2025-06-06
S00541,C00491,annual,2024-08-27,334,active,2024-08-27
S00542,C00492,annual,2026-03-02,23,active,2026-03-02
S00543,C00493,annual,2025-11-21,3,active,2025-11-21
S00544,C00494,annual,2025-03-20,195,active,2025-03-20
S00545,C00495,monthly,2025-02-15,5,active,2025-02-15
S00546,C00496,monthly,2026-03-09,8,active,2026-03-09
S00547,C00497,monthly,2025-09-02,2,active,2025-09-02
S00548,C00498,annual,2024-12-27,39,active,2024-12-27
S00549,C00498,annual,2025-10-24,1,active,2025-10-24
S00550,C00499,annual,2025-03-17,0,cancelled,2025-05-12
S00551,C00500,monthly,2024-07-22,16,active,2024-07-22
S00552,C00501,monthly,2024-10-30,6,active,2024-10-30
S00553,C00502,annual,2026-05-04,3,active,2026-05-04
S00554,C00502,annual,2026-06-23,3,active,2026-06-23
S00555,C00503,annual,2025-04-20,69,active,2025-04-20
S00556,C00504,monthly,2025-05-04,2,active,2025-05-04
S00557,C00505,annual,2025-07-06,6,active,2025-07-06
S00558,C00506,annual,2026-04-19,65,active,2026-04-19
S00559,C00507,monthly,2024-12-19,6,active,2024-12-19
S00560,C00508,annual,2024-11-20,8,active,2024-11-20
S00561,C00509,monthly,2025-05-09,0,cancelled,2026-06-04
S00562,C00510,monthly,2025-10-18,1,active,2025-10-18
S00563,C00511,annual,2026-06-09,308,active,2026-06-09
S00564,C00512,monthly,2025-08-11,92,active,2025-08-11
S00565,C00513,annual,2026-02-28,14,active,2026-02-28
S00566,C00514,monthly,2025-09-13,2,active,2025-09-13
S00567,C00515,annual,2026-02-24,1,active,2026-02-24
S00568,C00516,annual,2024-10-11,4,active,2024-10-11
S00569,C00517,annual,2024-12-01,38,active,2024-12-01
S00570,C00518,monthly,2025-11-18,20,active,2025-11-18
S00571,C00519,monthly,2026-02-08,10,active,2026-02-08
S00572,C00520,annual,2025-07-11,10,active,2025-07-11
S00573,C00521,annual,2026-03-28,0,cancelled,2026-03-29
S00574,C00522,annual,2025-06-06,3,active,2025-06-06
S00575,C00523,monthly,2025-02-15,5,active,2025-02-15
S00576,C00524,monthly,2024-11-02,0,cancelled,2024-11-10
S00577,C00525,annual,2025-08-12,7,active,2025-08-12
S00578,C00526,monthly,2025-08-13,0,cancelled,2025-08-14
S00579,C00527,annual,2026-03-11,3,active,2026-03-11
S00580,C00527,monthly,2026-06-20,6,active,2026-06-20
S00581,C00528,monthly,2025-06-23,2,active,2025-06-23
S00582,C00529,annual,2026-05-15,9,active,2026-05-15
S00583,C00530,monthly,2025-03-24,8,active,2025-03-24
S00584,C00531,monthly,2026-05-26,5,active,2026-05-26
S00585,C00532,annual,2026-01-25,8,active,2026-01-25
S00586,C00532,monthly,2026-03-15,0,cancelled,2026-05-02
S00587,C00533,annual,2024-07-21,0,cancelled,2024-08-03
S00588,C00534,annual,2026-01-19,1,active,2026-01-19
S00589,C00535,annual,2025-05-06,0,cancelled,2025-11-29
S00590,C00536,monthly,2025-12-28,5,active,2025-12-28
S00591,C00537,annual,2025-03-11,2,active,2025-03-11
S00592,C00538,annual,2025-03-29,9,active,2025-03-29
S00593,C00539,annual,2025-02-21,17,active,2025-02-21
S00594,C00540,annual,2026-01-01,9,active,2026-01-01
S00595,C00541,annual,2025-01-20,0,cancelled,2026-05-21
S00596,C00542,annual,2025-01-21,8,active,2025-01-21
S00597,C00543,annual,2025-04-20,9,active,2025-04-20
S00598,C00544,annual,2026-06-10,41,active,2026-06-10
S00599,C00545,monthly,2026-03-04,370,active,2026-03-04
S00600,C00546,annual,2024-11-10,7,active,2024-11-10
S00601,C00547,annual,2024-12-31,3,active,2024-12-31
S00602,C00548,annual,2026-05-07,17,active,2026-05-07
S00603,C00549,monthly,2026-04-25,3,active,2026-04-25
S00604,C00550,annual,2024-07-28,10,active,2024-07-28
S00605,C00551,annual,2026-03-10,14,active,2026-03-10
S00606,C00552,annual,2025-02-04,56,active,2025-02-04
S00607,C00553,annual,2026-04-29,4,active,2026-04-29
S00608,C00554,annual,2026-04-29,7,active,2026-04-29
S00609,C00555,monthly,2025-04-12,0,cancelled,2026-06-04
S00610,C00555,monthly,2025-07-25,1,active,2025-07-25
S00611,C00556,annual,2025-11-22,9,active,2025-11-22
S00612,C00556,annual,2026-02-19,2,active,2026-02-19
S00613,C00557,annual,2026-05-13,104,active,2026-05-13
S00614,C00558,monthly,2024-11-24,3,active,2024-11-24
S00615,C00559,monthly,2026-05-05,6,active,2026-05-05
S00616,C00560,monthly,2025-11-29,2,active,2025-11-29
S00617,C00561,monthly,2026-02-04,5,active,2026-02-04
S00618,C00562,monthly,2025-12-30,218,active,2025-12-30
S00619,C00563,annual,2025-07-21,8,active,2025-07-21
S00620,C00564,monthly,2026-05-03,2,active,2026-05-03
S00621,C00565,monthly,2025-02-18,0,cancelled,2026-05-23
S00622,C00566,monthly,2025-07-19,1,active,2025-07-19
S00623,C00567,annual,2025-03-26,20,active,2025-03-26
S00624,C00568,monthly,2025-04-09,12,active,2025-04-09
S00625,C00569,annual,2025-07-08,3,active,2025-07-08
S00626,C00570,monthly,2025-05-25,106,active,2025-05-25
S00627,C00571,annual,2024-11-23,5,active,2024-11-23
S00628,C00572,annual,2025-10-01,12,active,2025-10-01
S00629,C00573,annual,2025-03-24,7,active,2025-03-24
S00630,C00574,annual,2026-06-02,9,active,2026-06-02
S00631,C00575,annual,2025-06-25,11,active,2025-06-25
S00632,C00576,annual,2026-02-08,12,active,2026-02-08
S00633,C00577,annual,2026-04-18,5,active,2026-04-18
S00634,C00578,monthly,2025-05-01,11,active,2025-05-01
S00635,C00579,annual,2024-09-11,6,active,2024-09-11
S00636,C00580,monthly,2025-12-30,1,active,2025-12-30
S00637,C00581,annual,2025-05-19,10,active,2025-05-19
S00638,C00582,annual,2025-10-06,3,active,2025-10-06
S00639,C00583,annual,2024-08-10,0,cancelled,2025-07-06
S00640,C00584,annual,2024-11-05,2,active,2024-11-05
S00641,C00584,monthly,2026-03-28,2,active,2026-03-28
S00642,C00585,annual,2024-07-03,4,active,2024-07-03
S00643,C00586,annual,2025-02-02,3,active,2025-02-02
S00644,C00587,monthly,2024-07-19,1,active,2024-07-19
S00645,C00587,monthly,2026-02-04,5,active,2026-02-04
S00646,C00588,annual,2025-03-22,34,active,2025-03-22
S00647,C00589,annual,2025-09-13,6,active,2025-09-13
S00648,C00590,monthly,2026-01-16,19,active,2026-01-16
S00649,C00591,monthly,2025-11-30,7,active,2025-11-30
S00650,C00592,annual,2025-04-01,4,active,2025-04-01
S00651,C00593,monthly,2025-10-30,239,active,2025-10-30
S00652,C00594,annual,2025-07-29,2,active,2025-07-29
S00653,C00595,annual,2026-02-09,10,active,2026-02-09
S00654,C00596,annual,2024-12-07,29,active,2024-12-07
S00655,C00597,monthly,2025-07-14,19,active,2025-07-14
S00656,C00598,monthly,2026-03-09,56,active,2026-03-09
S00657,C00598,annual,2026-04-15,8,active,2026-04-15
S00658,C00599,annual,2025-12-24,5,active,2025-12-24
S00659,C00600,monthly,2025-06-10,10,active,2025-06-10
S00660,C00601,annual,2024-10-16,11,active,2024-10-16
S00661,C00602,annual,2025-01-14,7,active,2025-01-14
S00662,C00603,annual,2025-01-02,11,active,2025-01-02
S00663,C00604,monthly,2026-04-18,4,active,2026-04-18
S00664,C00605,annual,2026-04-10,41,active,2026-04-10
S00665,C00606,annual,2025-06-14,11,active,2025-06-14
S00666,C00607,annual,2025-07-04,7,active,2025-07-04
S00667,C00608,monthly,2025-08-12,7,active,2025-08-12
S00668,C00609,annual,2024-07-27,0,cancelled,2025-01-04
S00669,C00610,monthly,2025-05-09,6,active,2025-05-09
S00670,C00611,annual,2026-04-08,16,active,2026-04-08
S00671,C00612,annual,2024-08-09,7,active,2024-08-09
S00672,C00613,annual,2025-01-04,6,active,2025-01-04
S00673,C00614,annual,2025-04-10,183,active,2025-04-10
S00674,C00615,annual,2025-07-04,2,active,2025-07-04
S00675,C00616,annual,2026-04-15,6,active,2026-04-15
S00676,C00616,annual,2026-06-07,4,active,2026-06-07
S00677,C00617,monthly,2025-10-25,18,active,2025-10-25
S00678,C00618,annual,2026-04-11,2,active,2026-04-11
S00679,C00619,annual,2025-02-15,15,active,2025-02-15
S00680,C00620,annual,2026-02-13,23,active,2026-02-13
S00681,C00621,annual,2024-07-19,33,active,2024-07-19
S00682,C00622,annual,2024-07-27,16,active,2024-07-27
S00683,C00623,annual,2024-10-24,3,active,2024-10-24
S00684,C00623,monthly,2025-01-20,10,active,2025-01-20
S00685,C00624,annual,2026-04-20,18,active,2026-04-20
S00686,C00625,annual,2024-12-29,2,active,2024-12-29
S00687,C00626,annual,2024-12-22,7,active,2024-12-22
S00688,C00627,monthly,2024-09-11,21,active,2024-09-11
S00689,C00628,annual,2025-09-09,21,active,2025-09-09
S00690,C00629,monthly,2024-12-02,16,active,2024-12-02
S00691,C00630,annual,2025-05-23,6,active,2025-05-23
S00692,C00631,annual,2026-01-09,11,active,2026-01-09
S00693,C00632,monthly,2024-12-07,7,active,2024-12-07
S00694,C00633,monthly,2026-06-25,27,active,2026-06-25
S00695,C00634,monthly,2025-12-19,3,active,2025-12-19
S00696,C00635,annual,2025-12-09,8,active,2025-12-09
S00697,C00636,monthly,2025-06-06,21,active,2025-06-06
S00698,C00637,annual,2025-09-05,42,active,2025-09-05
S00699,C00638,annual,2025-12-10,26,active,2025-12-10
S00700,C00638,annual,2026-01-15,1,active,2026-01-15
S00701,C00639,monthly,2026-05-23,3,active,2026-05-23
S00702,C00640,monthly,2025-01-13,35,active,2025-01-13
S00703,C00641,annual,2025-04-07,28,active,2025-04-07
S00704,C00641,annual,2025-06-26,0,cancelled,2026-05-02
S00705,C00642,annual,2025-11-16,222,active,2025-11-16
S00706,C00643,annual,2024-09-24,1,active,2024-09-24
S00707,C00644,annual,2026-04-01,6,active,2026-04-01
S00708,C00645,annual,2025-01-02,2,active,2025-01-02
S00709,C00646,annual,2024-11-28,0,cancelled,2025-12-10
S00710,C00647,annual,2025-05-29,0,cancelled,2025-10-07
S00711,C00648,annual,2026-01-11,1,active,2026-01-11
S00712,C00649,annual,2025-09-20,27,active,2025-09-20
S00713,C00650,monthly,2025-04-05,23,active,2025-04-05
S00714,C00651,annual,2025-07-29,10,active,2025-07-29
S00715,C00652,annual,2025-09-08,16,active,2025-09-08
S00716,C00653,annual,2024-12-19,3,active,2024-12-19
S00717,C00654,monthly,2025-04-21,0,cancelled,2025-10-19
S00718,C00655,annual,2026-06-10,87,active,2026-06-10
S00719,C00656,annual,2024-12-09,2,active,2024-12-09
S00720,C00657,monthly,2026-06-05,4,active,2026-06-05
S00721,C00658,monthly,2025-04-01,7,active,2025-04-01
S00722,C00659,annual,2025-08-21,30,active,2025-08-21
S00723,C00660,monthly,2024-12-23,6,active,2024-12-23
S00724,C00661,monthly,2025-10-17,15,active,2025-10-17
S00725,C00662,annual,2026-01-22,17,active,2026-01-22
S00726,C00663,annual,2025-04-12,24,active,2025-04-12
S00727,C00663,annual,2026-05-15,1,active,2026-05-15
S00728,C00664,annual,2025-03-24,2,active,2025-03-24
S00729,C00664,annual,2026-05-06,13,active,2026-05-06
S00730,C00665,annual,2025-08-03,13,active,2025-08-03
S00731,C00666,annual,2026-05-12,32,active,2026-05-12
S00732,C00667,monthly,2026-05-25,6,active,2026-05-25
S00733,C00668,annual,2024-12-25,10,active,2024-12-25
S00734,C00669,monthly,2025-12-19,13,active,2025-12-19
S00735,C00670,monthly,2025-07-06,7,active,2025-07-06
S00736,C00671,annual,2024-08-12,3,active,2024-08-12
S00737,C00672,annual,2025-06-06,0,cancelled,2025-11-26
S00738,C00672,annual,2026-05-31,2,active,2026-05-31
S00739,C00673,monthly,2025-12-24,19,active,2025-12-24
S00740,C00674,annual,2025-04-19,13,active,2025-04-19
S00741,C00675,annual,2025-05-21,19,active,2025-05-21
S00742,C00676,monthly,2025-12-19,11,active,2025-12-19
S00743,C00677,annual,2024-10-07,11,active,2024-10-07
S00744,C00678,annual,2026-06-26,3,active,2026-06-26
S00745,C00679,monthly,2025-08-12,7,active,2025-08-12
S00746,C00680,annual,2026-03-19,7,active,2026-03-19
S00747,C00681,monthly,2024-07-23,18,active,2024-07-23
S00748,C00682,monthly,2025-07-20,25,active,2025-07-20
S00749,C00683,monthly,2024-10-20,3,active,2024-10-20
S00750,C00684,monthly,2026-05-06,6,active,2026-05-06
S00751,C00685,annual,2025-01-25,7,active,2025-01-25
S00752,C00686,monthly,2024-12-24,2,active,2024-12-24
S00753,C00686,annual,2026-03-07,7,active,2026-03-07
S00754,C00687,annual,2025-02-03,14,active,2025-02-03
S00755,C00688,monthly,2026-03-18,4,active,2026-03-18
S00756,C00689,monthly,2025-11-02,14,active,2025-11-02
S00757,C00690,annual,2025-11-06,9,active,2025-11-06
S00758,C00691,annual,2025-12-25,0,cancelled,2026-05-26
S00759,C00692,annual,2026-02-06,3,active,2026-02-06
S00760,C00693,annual,2024-09-12,4,active,2024-09-12
S00761,C00694,annual,2025-06-19,23,active,2025-06-19
S00762,C00695,monthly,2025-06-17,18,active,2025-06-17
S00763,C00696,monthly,2025-03-04,160,active,2025-03-04
S00764,C00697,annual,2024-09-04,2,active,2024-09-04
S00765,C00698,monthly,2024-09-06,2,active,2024-09-06
S00766,C00699,annual,2025-04-05,0,cancelled,2026-03-12
S00767,C00700,annual,2026-01-26,39,active,2026-01-26
S00768,C00701,annual,2025-11-19,22,active,2025-11-19
S00769,C00702,monthly,2026-04-12,3,active,2026-04-12
S00770,C00703,annual,2025-05-29,0,cancelled,2025-11-10
S00771,C00704,annual,2026-04-17,26,active,2026-04-17
S00772,C00704,monthly,2026-06-15,6,active,2026-06-15
S00773,C00705,annual,2026-02-22,9,active,2026-02-22
S00774,C00706,monthly,2024-12-02,0,cancelled,2025-11-27
S00775,C00707,annual,2025-11-13,239,active,2025-11-13
S00776,C00708,monthly,2024-11-11,0,cancelled,2025-04-04
S00777,C00709,monthly,2026-06-01,19,active,2026-06-01
S00778,C00710,monthly,2024-11-01,5,active,2024-11-01
S00779,C00711,monthly,2026-01-11,24,active,2026-01-11
S00780,C00712,annual,2025-10-12,8,active,2025-10-12
S00781,C00713,annual,2024-12-29,0,cancelled,2026-05-04
S00782,C00714,monthly,2025-07-10,34,active,2025-07-10
S00783,C00715,monthly,2026-02-14,16,active,2026-02-14
S00784,C00716,annual,2024-09-30,0,cancelled,2025-09-21
S00785,C00717,annual,2025-07-15,0,cancelled,2026-04-10
S00786,C00718,monthly,2024-11-30,4,active,2024-11-30
S00787,C00719,annual,2025-06-27,13,active,2025-06-27
S00788,C00720,annual,2026-01-11,11,active,2026-01-11
S00789,C00721,monthly,2024-12-02,0,cancelled,2026-05-27
S00790,C00722,annual,2026-02-20,2,active,2026-02-20
S00791,C00723,monthly,2026-01-30,28,active,2026-01-30
S00792,C00724,monthly,2026-04-16,11,active,2026-04-16
S00793,C00725,annual,2024-07-28,13,active,2024-07-28
S00794,C00726,annual,2026-01-20,5,active,2026-01-20
S00795,C00727,monthly,2024-08-02,3,active,2024-08-02
S00796,C00728,annual,2025-06-26,9,active,2025-06-26
S00797,C00729,annual,2026-05-30,9,active,2026-05-30
S00798,C00730,monthly,2024-07-06,5,active,2024-07-06
S00799,C00730,annual,2024-09-01,8,active,2024-09-01
S00800,C00731,annual,2025-02-07,5,active,2025-02-07
S00801,C00731,monthly,2025-08-27,33,active,2025-08-27
S00802,C00732,monthly,2025-10-19,0,cancelled,2026-04-29
S00803,C00733,annual,2025-05-11,99,active,2025-05-11
S00804,C00734,annual,2026-03-03,4,active,2026-03-03
S00805,C00734,annual,2026-04-06,9,active,2026-04-06
S00806,C00735,monthly,2024-12-06,38,active,2024-12-06
S00807,C00736,annual,2025-10-01,4,active,2025-10-01
S00808,C00737,annual,2026-01-14,24,active,2026-01-14
S00809,C00738,annual,2025-11-18,8,active,2025-11-18
S00810,C00738,monthly,2026-04-13,2,active,2026-04-13
S00811,C00739,annual,2025-08-03,8,active,2025-08-03
S00812,C00740,annual,2025-02-08,12,active,2025-02-08
S00813,C00741,annual,2025-05-20,9,active,2025-05-20
S00814,C00741,annual,2025-10-30,0,cancelled,2026-02-03
S00815,C00742,annual,2024-11-18,2,active,2024-11-18
S00816,C00743,monthly,2025-07-20,1,active,2025-07-20
S00817,C00744,monthly,2026-03-19,17,active,2026-03-19
S00818,C00745,annual,2024-07-29,6,active,2024-07-29
S00819,C00746,annual,2025-10-26,3,active,2025-10-26
S00820,C00747,annual,2026-02-24,2,active,2026-02-24
S00821,C00748,monthly,2024-11-09,6,active,2024-11-09
S00822,C00749,monthly,2024-09-28,0,cancelled,2025-11-21
S00823,C00750,monthly,2025-05-22,2,active,2025-05-22
S00824,C00750,monthly,2026-05-11,4,active,2026-05-11
S00825,C00751,monthly,2025-08-18,722,active,2025-08-18
S00826,C00752,annual,2025-08-29,9,active,2025-08-29
S00827,C00753,annual,2024-08-22,6,active,2024-08-22
S00828,C00754,annual,2025-06-22,120,active,2025-06-22
S00829,C00754,annual,2025-12-09,11,active,2025-12-09
S00830,C00755,monthly,2026-06-04,5,active,2026-06-04
S00831,C00756,annual,2024-09-10,0,cancelled,2025-06-14
S00832,C00757,annual,2025-04-19,4,active,2025-04-19
S00833,C00758,monthly,2024-10-09,59,active,2024-10-09
S00834,C00759,annual,2026-02-04,5,active,2026-02-04
S00835,C00760,monthly,2026-05-10,13,active,2026-05-10
S00836,C00761,annual,2026-04-10,31,active,2026-04-10
S00837,C00761,monthly,2026-06-29,1,active,2026-06-29
S00838,C00762,annual,2026-05-05,46,active,2026-05-05
S00839,C00763,annual,2025-03-20,2,active,2025-03-20
S00840,C00764,monthly,2025-06-27,4,active,2025-06-27
S00841,C00765,annual,2024-10-20,1,active,2024-10-20
S00842,C00766,annual,2026-01-03,20,active,2026-01-03
S00843,C00766,monthly,2026-03-13,9,active,2026-03-13
S00844,C00767,annual,2026-01-31,0,cancelled,2026-02-24
S00845,C00768,monthly,2025-04-13,0,cancelled,2025-11-17
S00846,C00769,annual,2026-03-07,5,active,2026-03-07
S00847,C00770,annual,2026-01-12,5,active,2026-01-12
S00848,C00771,annual,2024-11-14,7,active,2024-11-14
S00849,C00772,annual,2024-07-01,3,active,2024-07-01
S00850,C00773,annual,2025-11-04,6,active,2025-11-04
S00851,C00774,monthly,2026-02-27,5,active,2026-02-27
S00852,C00775,monthly,2025-11-17,26,active,2025-11-17
S00853,C00776,annual,2024-11-11,6,active,2024-11-11
S00854,C00777,annual,2025-06-20,10,active,2025-06-20
S00855,C00778,monthly,2024-07-06,0,cancelled,2025-04-27
S00856,C00779,annual,2025-02-26,3,active,2025-02-26
S00857,C00780,annual,2025-01-05,0,cancelled,2025-05-04
S00858,C00781,annual,2025-08-28,2,active,2025-08-28
S00859,C00782,annual,2025-02-28,0,cancelled,2026-04-29
S00860,C00783,annual,2026-01-22,0,cancelled,2026-01-29
S00861,C00784,annual,2024-07-23,43,active,2024-07-23
S00862,C00785,annual,2025-10-07,4,active,2025-10-07
S00863,C00786,monthly,2026-01-05,44,active,2026-01-05
S00864,C00787,annual,2025-04-10,4,active,2025-04-10
S00865,C00788,annual,2025-07-19,112,active,2025-07-19
S00866,C00789,annual,2026-04-09,13,active,2026-04-09
S00867,C00790,annual,2026-05-28,43,active,2026-05-28
S00868,C00791,annual,2024-08-16,549,active,2024-08-16
S00869,C00792,monthly,2025-03-29,0,cancelled,2026-03-13
S00870,C00793,annual,2024-12-08,19,active,2024-12-08
S00871,C00794,annual,2025-02-23,10,active,2025-02-23
S00872,C00795,monthly,2024-11-28,25,active,2024-11-28
S00873,C00796,annual,2025-03-20,1,active,2025-03-20
S00874,C00797,annual,2025-11-13,0,cancelled,2026-05-22
S00875,C00798,monthly,2026-06-10,8,active,2026-06-10
S00876,C00799,annual,2025-02-25,8,active,2025-02-25
S00877,C00800,annual,2024-07-09,7,active,2024-07-09
S00878,C00801,monthly,2024-07-16,11,active,2024-07-16
S00879,C00802,annual,2025-08-18,28,active,2025-08-18
S00880,C00803,annual,2025-11-29,8,active,2025-11-29
S00881,C00804,annual,2025-09-20,7,active,2025-09-20
S00882,C00805,monthly,2025-08-11,22,active,2025-08-11
S00883,C00806,monthly,2025-04-18,3,active,2025-04-18
S00884,C00807,annual,2025-04-16,12,active,2025-04-16
S00885,C00808,annual,2025-04-13,4,active,2025-04-13
S00886,C00809,monthly,2026-01-17,5,active,2026-01-17
S00887,C00809,annual,2026-04-09,12,active,2026-04-09
S00888,C00810,annual,2025-04-06,5,active,2025-04-06
S00889,C00811,annual,2025-06-07,66,active,2025-06-07
S00890,C00812,annual,2026-05-29,7,active,2026-05-29
S00891,C00813,annual,2026-06-03,2,active,2026-06-03
S00892,C00814,monthly,2024-07-23,0,cancelled,2026-04-26
S00893,C00815,monthly,2025-09-15,6,active,2025-09-15
S00894,C00815,annual,2026-03-30,0,cancelled,2026-03-31
S00895,C00816,monthly,2024-09-18,95,active,2024-09-18
S00896,C00817,monthly,2024-12-05,25,active,2024-12-05
S00897,C00818,annual,2024-11-29,3,active,2024-11-29
S00898,C00819,monthly,2024-08-29,13,active,2024-08-29
S00899,C00820,monthly,2025-05-04,12,active,2025-05-04
S00900,C00821,monthly,2025-05-24,1,active,2025-05-24
S00901,C00822,annual,2025-12-20,7,active,2025-12-20
S00902,C00823,annual,2026-05-13,4,active,2026-05-13
S00903,C00824,annual,2024-09-22,13,active,2024-09-22
S00904,C00825,monthly,2025-01-16,5,active,2025-01-16
S00905,C00826,annual,2025-10-29,15,active,2025-10-29
S00906,C00827,monthly,2026-04-20,30,active,2026-04-20
S00907,C00828,annual,2025-08-25,1,active,2025-08-25
S00908,C00828,annual,2026-06-13,5,active,2026-06-13
S00909,C00829,monthly,2025-08-29,31,active,2025-08-29
S00910,C00830,monthly,2025-01-06,5,active,2025-01-06
S00911,C00831,monthly,2025-09-02,32,active,2025-09-02
S00912,C00832,monthly,2024-09-04,0,cancelled,2025-02-23
S00913,C00833,monthly,2024-08-30,54,active,2024-08-30
S00914,C00834,monthly,2025-09-19,4,active,2025-09-19
S00915,C00835,annual,2024-07-11,0,cancelled,2025-06-08
S00916,C00836,annual,2025-05-26,19,active,2025-05-26
S00917,C00837,annual,2026-03-05,13,active,2026-03-05
S00918,C00838,annual,2025-10-14,9,active,2025-10-14
S00919,C00838,annual,2026-01-15,0,cancelled,2026-05-13
S00920,C00839,annual,2024-12-01,8,active,2024-12-01
S00921,C00840,monthly,2025-06-29,14,active,2025-06-29
S00922,C00841,annual,2025-03-10,8,active,2025-03-10
S00923,C00842,annual,2025-01-13,7,active,2025-01-13
S00924,C00843,monthly,2024-11-19,3,active,2024-11-19
S00925,C00844,annual,2025-08-24,14,active,2025-08-24
S00926,C00845,annual,2025-08-22,25,active,2025-08-22
S00927,C00846,annual,2025-04-18,5,active,2025-04-18
S00928,C00847,monthly,2025-02-25,0,cancelled,2025-04-18
S00929,C00848,monthly,2024-12-11,5,active,2024-12-11
S00930,C00849,annual,2026-03-06,22,active,2026-03-06
S00931,C00850,annual,2025-08-28,0,cancelled,2025-09-25
S00932,C00850,monthly,2026-06-29,9,active,2026-06-29
S00933,C00851,annual,2025-10-27,11,active,2025-10-27
S00934,C00852,annual,2025-05-18,6,active,2025-05-18
S00935,C00853,monthly,2024-08-16,4,active,2024-08-16
S00936,C00853,annual,2026-06-07,4,active,2026-06-07
S00937,C00854,annual,2025-01-23,16,active,2025-01-23
S00938,C00855,monthly,2024-12-05,2,active,2024-12-05
S00939,C00856,annual,2024-11-03,9,active,2024-11-03
S00940,C00857,monthly,2026-03-26,5,active,2026-03-26
S00941,C00858,monthly,2025-04-21,9,active,2025-04-21
S00942,C00858,monthly,2026-04-16,9,active,2026-04-16
S00943,C00859,annual,2025-07-19,0,cancelled,2025-09-21
S00944,C00860,monthly,2024-10-25,0,cancelled,2025-04-17
S00945,C00861,annual,2025-12-27,11,active,2025-12-27
S00946,C00862,monthly,2026-04-24,2,active,2026-04-24
S00947,C00863,monthly,2024-12-29,6,active,2024-12-29
S00948,C00863,monthly,2026-05-03,13,active,2026-05-03
S00949,C00864,monthly,2024-08-27,20,active,2024-08-27
S00950,C00865,monthly,2026-05-28,9,active,2026-05-28
S00951,C00866,monthly,2024-11-30,4,active,2024-11-30
S00952,C00867,monthly,2025-04-17,8,active,2025-04-17
S00953,C00867,monthly,2026-05-16,25,active,2026-05-16
S00954,C00868,annual,2025-01-25,2,active,2025-01-25
S00955,C00869,monthly,2026-02-09,3,active,2026-02-09
S00956,C00870,annual,2024-08-18,30,active,2024-08-18
S00957,C00871,monthly,2025-08-31,0,cancelled,2026-06-08
S00958,C00872,annual,2025-09-26,7,active,2025-09-26
S00959,C00873,annual,2025-03-08,2,active,2025-03-08
S00960,C00874,annual,2024-11-26,122,active,2024-11-26
S00961,C00875,annual,2025-01-26,2,active,2025-01-26
S00962,C00876,annual,2025-12-22,11,active,2025-12-22
S00963,C00877,annual,2025-07-23,8,active,2025-07-23
S00964,C00878,annual,2025-05-25,5,active,2025-05-25
S00965,C00879,annual,2025-01-12,16,active,2025-01-12
S00966,C00880,annual,2025-08-05,9,active,2025-08-05
S00967,C00880,monthly,2026-04-12,0,cancelled,2026-04-18
S00968,C00881,monthly,2025-03-17,8,active,2025-03-17
S00969,C00882,monthly,2025-09-04,6,active,2025-09-04
S00970,C00883,monthly,2025-09-18,7,active,2025-09-18
S00971,C00884,annual,2025-07-16,3,active,2025-07-16
S00972,C00885,annual,2025-01-04,6,active,2025-01-04
S00973,C00886,monthly,2024-11-17,0,cancelled,2025-07-01
S00974,C00887,monthly,2024-07-10,11,active,2024-07-10
S00975,C00888,annual,2025-11-07,10,active,2025-11-07
S00976,C00889,monthly,2026-01-05,34,active,2026-01-05
S00977,C00889,annual,2026-03-28,11,active,2026-03-28
S00978,C00890,annual,2026-02-13,4,active,2026-02-13
S00979,C00891,annual,2025-02-11,312,active,2025-02-11
S00980,C00892,annual,2025-01-19,3,active,2025-01-19
S00981,C00893,annual,2025-05-28,0,cancelled,2026-04-07
S00982,C00894,monthly,2025-12-14,1,active,2025-12-14
S00983,C00895,annual,2025-01-24,5,active,2025-01-24
S00984,C00896,annual,2026-01-12,3,active,2026-01-12
S00985,C00897,annual,2024-10-22,12,active,2024-10-22
S00986,C00898,annual,2025-02-23,8,active,2025-02-23
S00987,C00899,annual,2025-03-25,17,active,2025-03-25
S00988,C00900,annual,2024-08-16,0,cancelled,2025-08-27
S00989,C00901,monthly,2024-07-01,6,active,2024-07-01
S00990,C00902,monthly,2025-07-24,5,active,2025-07-24
S00991,C00903,annual,2026-06-17,9,active,2026-06-17
S00992,C00904,monthly,2024-07-20,16,active,2024-07-20
S00993,C00905,annual,2025-12-30,47,active,2025-12-30
S00994,C00906,annual,2025-02-22,6,active,2025-02-22
S00995,C00907,annual,2025-06-07,0,cancelled,2025-11-02
S00996,C00908,annual,2026-02-11,31,active,2026-02-11
S00997,C00909,monthly,2025-04-15,4,active,2025-04-15
S00998,C00910,annual,2025-07-11,16,active,2025-07-11
S00999,C00911,annual,2026-04-04,6,active,2026-04-04
S01000,C00912,annual,2025-10-24,1,active,2025-10-24
S01001,C00913,annual,2025-04-03,22,active,2025-04-03
S01002,C00914,monthly,2026-04-01,6,active,2026-04-01
S01003,C00915,annual,2025-01-25,20,active,2025-01-25
S01004,C00916,annual,2026-06-15,5,active,2026-06-15
S01005,C00917,annual,2026-05-09,4,active,2026-05-09
S01006,C00918,annual,2025-09-28,13,active,2025-09-28
S01007,C00919,monthly,2025-04-21,19,active,2025-04-21
S01008,C00919,annual,2025-07-02,1,active,2025-07-02
S01009,C00920,annual,2025-08-31,80,active,2025-08-31
S01010,C00921,annual,2025-08-02,3,active,2025-08-02
S01011,C00922,annual,2025-07-13,11,active,2025-07-13
S01012,C00923,annual,2026-03-12,14,active,2026-03-12
S01013,C00924,monthly,2026-05-28,7,active,2026-05-28
S01014,C00925,annual,2025-06-26,3,active,2025-06-26
S01015,C00925,annual,2026-03-04,14,active,2026-03-04
S01016,C00926,monthly,2024-09-06,6,active,2024-09-06
S01017,C00927,annual,2025-08-14,0,cancelled,2025-12-24
S01018,C00928,annual,2026-05-03,1,active,2026-05-03
S01019,C00929,annual,2024-11-21,15,active,2024-11-21
S01020,C00930,annual,2026-01-22,6,active,2026-01-22
S01021,C00931,annual,2025-04-07,265,active,2025-04-07
S01022,C00932,annual,2025-06-23,9,active,2025-06-23
S01023,C00933,annual,2024-10-01,39,active,2024-10-01
S01024,C00934,monthly,2024-09-12,5,active,2024-09-12
S01025,C00935,annual,2024-12-03,0,cancelled,2024-12-21
S01026,C00935,annual,2026-04-18,26,active,2026-04-18
S01027,C00936,annual,2025-02-19,1,active,2025-02-19
S01028,C00937,annual,2025-07-25,10,active,2025-07-25
S01029,C00938,monthly,2024-12-02,3,active,2024-12-02
S01030,C00939,annual,2024-09-06,7,active,2024-09-06
S01031,C00940,monthly,2024-09-10,9,active,2024-09-10
S01032,C00941,annual,2026-01-02,11,active,2026-01-02
S01033,C00942,monthly,2024-08-27,9,active,2024-08-27
S01034,C00943,annual,2024-12-10,0,cancelled,2025-10-08
S01035,C00944,monthly,2025-01-24,5,active,2025-01-24
S01036,C00945,annual,2025-09-13,4,active,2025-09-13
S01037,C00946,monthly,2025-02-24,11,active,2025-02-24
S01038,C00947,annual,2026-03-07,12,active,2026-03-07
S01039,C00948,annual,2024-12-06,45,active,2024-12-06
S01040,C00949,annual,2025-04-06,7,active,2025-04-06
S01041,C00950,annual,2025-04-10,13,active,2025-04-10
S01042,C00951,annual,2026-03-31,16,active,2026-03-31
S01043,C00951,annual,2026-05-25,43,active,2026-05-25
S01044,C00952,annual,2024-09-10,11,active,2024-09-10
S01045,C00953,monthly,2025-02-03,4,active,2025-02-03
S01046,C00954,annual,2025-07-17,4,active,2025-07-17
S01047,C00954,annual,2026-04-27,1,active,2026-04-27
S01048,C00955,monthly,2024-08-18,0,cancelled,2025-10-27
S01049,C00956,annual,2025-02-22,2,active,2025-02-22
S01050,C00957,monthly,2026-05-10,13,active,2026-05-10
S01051,C00958,monthly,2024-08-26,39,active,2024-08-26
S01052,C00958,monthly,2025-02-21,16,active,2025-02-21
S01053,C00959,annual,2026-02-19,11,active,2026-02-19
S01054,C00960,annual,2026-02-04,6,active,2026-02-04
S01055,C00961,annual,2025-07-05,21,active,2025-07-05
S01056,C00962,annual,2025-05-10,2,active,2025-05-10
S01057,C00963,monthly,2025-02-16,0,cancelled,2026-02-02
S01058,C00964,annual,2026-02-03,11,active,2026-02-03
S01059,C00965,monthly,2024-11-05,0,cancelled,2025-09-05
S01060,C00966,annual,2026-05-17,61,active,2026-05-17
S01061,C00967,annual,2025-03-29,13,active,2025-03-29
S01062,C00968,monthly,2025-01-19,4,active,2025-01-19
S01063,C00968,monthly,2025-04-05,4,active,2025-04-05
S01064,C00969,monthly,2025-05-11,7,active,2025-05-11
S01065,C00970,monthly,2025-06-15,1,active,2025-06-15
S01066,C00971,annual,2026-05-13,3,active,2026-05-13
S01067,C00972,annual,2024-11-09,1,active,2024-11-09
S01068,C00973,monthly,2024-12-19,1,active,2024-12-19
S01069,C00974,annual,2024-07-10,0,cancelled,2025-06-05
S01070,C00974,annual,2026-04-19,11,active,2026-04-19
S01071,C00975,annual,2026-01-16,0,cancelled,2026-03-01
S01072,C00976,annual,2025-02-17,6,active,2025-02-17
S01073,C00976,annual,2025-12-21,65,active,2025-12-21
S01074,C00977,annual,2025-11-11,18,active,2025-11-11
S01075,C00978,monthly,2025-10-08,11,active,2025-10-08
S01076,C00979,annual,2025-11-23,385,active,2025-11-23
S01077,C00980,annual,2025-11-25,6,active,2025-11-25
S01078,C00981,annual,2025-03-16,2,active,2025-03-16
S01079,C00982,monthly,2025-05-09,68,active,2025-05-09
S01080,C00983,annual,2025-10-29,4,active,2025-10-29
S01081,C00984,monthly,2025-03-08,10,active,2025-03-08
S01082,C00985,monthly,2025-08-01,63,active,2025-08-01
S01083,C00986,annual,2025-08-12,0,cancelled,2026-01-24
S01084,C00987,annual,2024-12-28,28,active,2024-12-28
S01085,C00988,annual,2025-09-02,5,active,2025-09-02
S01086,C00989,annual,2025-11-03,8,active,2025-11-03
S01087,C00990,annual,2026-06-29,11,active,2026-06-29
S01088,C00991,annual,2024-08-08,3,active,2024-08-08
S01089,C00992,annual,2025-01-24,0,cancelled,2025-06-12
S01090,C00993,monthly,2025-06-11,18,active,2025-06-11
S01091,C00994,annual,2024-08-18,9,active,2024-08-18
S01092,C00995,annual,2026-05-31,28,active,2026-05-31
S01093,C00996,annual,2025-11-04,2,active,2025-11-04
S01094,C00997,monthly,2026-02-26,0,cancelled,2026-06-24
S01095,C00998,monthly,2025-06-10,5,active,2025-06-10
S01096,C00999,monthly,2025-08-09,15,active,2025-08-09
S01097,C01000,annual,2024-12-23,0,cancelled,2025-07-20
S01098,C01001,annual,2024-12-10,0,cancelled,2025-07-29
S01099,C01002,annual,2025-02-03,5,active,2025-02-03
S01100,C01003,annual,2024-12-14,24,active,2024-12-14
S01101,C01004,annual,2025-01-29,4,active,2025-01-29
S01102,C01005,annual,2025-12-26,24,active,2025-12-26
S01103,C01006,annual,2026-03-28,1,active,2026-03-28
S01104,C01007,annual,2024-11-09,6,active,2024-11-09
S01105,C01008,monthly,2025-08-29,5,active,2025-08-29
S01106,C01009,monthly,2026-06-23,15,active,2026-06-23
S01107,C01010,annual,2025-06-27,4,active,2025-06-27
S01108,C01011,monthly,2025-01-14,3,active,2025-01-14
S01109,C01012,monthly,2025-01-07,6,active,2025-01-07
S01110,C01012,annual,2025-08-10,29,active,2025-08-10
S01111,C01013,annual,2025-09-28,4,active,2025-09-28
S01112,C01014,annual,2026-06-10,9,active,2026-06-10
S01113,C01015,annual,2025-02-10,9,active,2025-02-10
S01114,C01016,monthly,2025-11-13,3,active,2025-11-13
S01115,C01017,annual,2026-04-06,0,cancelled,2026-06-11
S01116,C01018,annual,2025-06-27,2,active,2025-06-27
S01117,C01018,annual,2025-08-03,4,active,2025-08-03
S01118,C01019,monthly,2025-09-22,50,active,2025-09-22
S01119,C01019,monthly,2026-03-05,2,active,2026-03-05
S01120,C01020,monthly,2024-08-08,5,active,2024-08-08
S01121,C01021,annual,2024-09-30,47,active,2024-09-30
S01122,C01021,monthly,2025-06-09,6,active,2025-06-09
S01123,C01022,annual,2025-05-22,10,active,2025-05-22
S01124,C01023,monthly,2026-04-21,4,active,2026-04-21
S01125,C01024,annual,2025-12-02,0,cancelled,2026-04-27
S01126,C01025,annual,2025-04-03,2,active,2025-04-03
S01127,C01026,annual,2025-06-05,14,active,2025-06-05
S01128,C01027,annual,2025-05-22,127,active,2025-05-22
S01129,C01028,annual,2025-02-18,22,active,2025-02-18
S01130,C01028,annual,2025-03-31,6,active,2025-03-31
S01131,C01029,monthly,2025-02-16,3,active,2025-02-16
S01132,C01030,annual,2026-04-21,16,active,2026-04-21
S01133,C01031,monthly,2025-02-19,6,active,2025-02-19
S01134,C01032,annual,2026-06-07,28,active,2026-06-07
S01135,C01033,annual,2024-10-24,11,active,2024-10-24
S01136,C01034,annual,2025-01-08,4,active,2025-01-08
S01137,C01035,annual,2025-03-02,11,active,2025-03-02
S01138,C01035,monthly,2026-06-01,6,active,2026-06-01
S01139,C01036,annual,2025-10-17,4,active,2025-10-17
S01140,C01037,annual,2025-08-18,17,active,2025-08-18
S01141,C01038,annual,2025-04-14,7,active,2025-04-14
S01142,C01039,annual,2026-06-21,6,active,2026-06-21
S01143,C01040,annual,2025-06-23,7,active,2025-06-23
S01144,C01041,monthly,2026-01-04,296,active,2026-01-04
S01145,C01042,monthly,2025-02-11,2,active,2025-02-11
S01146,C01043,monthly,2026-06-23,3,active,2026-06-23
S01147,C01044,monthly,2026-05-12,6,active,2026-05-12
S01148,C01045,monthly,2024-11-14,5,active,2024-11-14
S01149,C01046,annual,2025-06-11,27,active,2025-06-11
S01150,C01047,monthly,2026-05-29,4,active,2026-05-29
S01151,C01048,annual,2026-03-31,2,active,2026-03-31
S01152,C01049,annual,2025-12-24,4,active,2025-12-24
S01153,C01050,monthly,2026-02-21,6,active,2026-02-21
S01154,C01051,monthly,2025-09-12,48,active,2025-09-12
S01155,C01052,monthly,2026-05-31,3,active,2026-05-31
S01156,C01053,monthly,2024-09-27,0,cancelled,2025-07-28
S01157,C01054,monthly,2024-11-15,532,active,2024-11-15
S01158,C01055,annual,2025-03-05,2,active,2025-03-05
S01159,C01056,annual,2025-03-07,6,active,2025-03-07
S01160,C01057,monthly,2025-06-07,3,active,2025-06-07
S01161,C01058,monthly,2026-03-20,20,active,2026-03-20
S01162,C01059,monthly,2025-04-20,4,active,2025-04-20
S01163,C01060,annual,2026-04-29,6,active,2026-04-29
S01164,C01061,monthly,2024-09-19,7,active,2024-09-19
S01165,C01062,monthly,2025-03-20,7,active,2025-03-20
S01166,C01062,annual,2026-01-02,7,active,2026-01-02
S01167,C01063,monthly,2025-01-06,0,cancelled,2025-07-29
S01168,C01064,annual,2026-01-09,0,cancelled,2026-06-06
S01169,C01065,annual,2024-09-29,14,active,2024-09-29
S01170,C01066,annual,2024-11-01,59,active,2024-11-01
S01171,C01067,monthly,2024-11-11,5,active,2024-11-11
S01172,C01068,annual,2025-08-22,7,active,2025-08-22
S01173,C01069,monthly,2025-11-11,16,active,2025-11-11
S01174,C01070,annual,2024-09-22,0,cancelled,2026-04-23
S01175,C01071,monthly,2024-09-25,3,active,2024-09-25
S01176,C01072,annual,2024-09-07,10,active,2024-09-07
S01177,C01072,annual,2024-11-04,15,active,2024-11-04
S01178,C01073,monthly,2025-11-21,5,active,2025-11-21
S01179,C01074,annual,2025-02-27,588,active,2025-02-27
S01180,C01075,monthly,2024-09-21,2,active,2024-09-21
S01181,C01076,annual,2025-05-21,0,cancelled,2025-06-30
S01182,C01077,monthly,2025-07-08,6,active,2025-07-08
S01183,C01078,monthly,2026-03-01,3,active,2026-03-01
S01184,C01078,annual,2026-05-06,15,active,2026-05-06
S01185,C01079,monthly,2026-01-13,4,active,2026-01-13
S01186,C01080,monthly,2025-08-11,10,active,2025-08-11
S01187,C01081,monthly,2026-04-25,3,active,2026-04-25
S01188,C01082,monthly,2025-02-17,13,active,2025-02-17
S01189,C01083,monthly,2026-03-12,4,active,2026-03-12
S01190,C01084,monthly,2024-12-01,0,cancelled,2025-04-09
S01191,C01085,monthly,2025-02-18,32,active,2025-02-18
S01192,C01086,monthly,2025-12-09,6,active,2025-12-09
S01193,C01087,annual,2026-02-08,9,active,2026-02-08
S01194,C01088,annual,2025-08-08,12,active,2025-08-08
S01195,C01089,annual,2026-03-13,12,active,2026-03-13
S01196,C01090,monthly,2025-03-20,3,active,2025-03-20
S01197,C01091,monthly,2025-11-05,8,active,2025-11-05
S01198,C01092,monthly,2024-10-17,0,cancelled,2026-01-13
S01199,C01093,monthly,2025-08-25,15,active,2025-08-25
S01200,C01094,annual,2025-05-16,35,active,2025-05-16
S01201,C01095,annual,2025-04-04,8,active,2025-04-04
S01202,C01096,annual,2026-03-18,0,cancelled,2026-04-28
S01203,C01097,annual,2024-09-12,93,active,2024-09-12
S01204,C01098,monthly,2024-08-06,53,active,2024-08-06
S01205,C01099,annual,2024-10-22,0,cancelled,2025-02-09
S01206,C01100,monthly,2025-08-30,2,active,2025-08-30
S01207,C01100,monthly,2025-10-09,4,active,2025-10-09
S01208,C01101,monthly,2025-11-28,7,active,2025-11-28
S01209,C01102,annual,2024-07-08,0,cancelled,2026-01-13
S01210,C01103,annual,2024-10-15,0,cancelled,2025-10-20
S01211,C01104,monthly,2025-09-19,0,cancelled,2025-11-02
S01212,C01105,annual,2026-06-01,8,active,2026-06-01
S01213,C01106,annual,2026-03-24,6,active,2026-03-24
S01214,C01107,annual,2026-06-09,3,active,2026-06-09
S01215,C01108,monthly,2025-04-19,9,active,2025-04-19
S01216,C01109,monthly,2026-06-10,3,active,2026-06-10
S01217,C01110,annual,2025-07-27,4,active,2025-07-27
S01218,C01110,annual,2025-11-03,5,active,2025-11-03
S01219,C01111,annual,2024-12-28,1,active,2024-12-28
S01220,C01111,annual,2025-03-24,3,active,2025-03-24
S01221,C01112,annual,2024-10-12,0,cancelled,2026-06-14
S01222,C01113,monthly,2025-08-27,19,active,2025-08-27
S01223,C01114,annual,2025-08-04,4,active,2025-08-04
S01224,C01115,monthly,2025-07-08,4,active,2025-07-08
S01225,C01116,monthly,2024-08-12,2,active,2024-08-12
S01226,C01117,annual,2024-08-28,57,active,2024-08-28
S01227,C01118,monthly,2025-03-15,8,active,2025-03-15
S01228,C01119,monthly,2024-11-18,2,active,2024-11-18
S01229,C01120,annual,2025-04-21,24,active,2025-04-21
S01230,C01121,monthly,2026-05-03,3,active,2026-05-03
S01231,C01122,annual,2024-12-19,6,active,2024-12-19
S01232,C01123,annual,2026-05-20,2,active,2026-05-20
S01233,C01124,annual,2024-08-03,17,active,2024-08-03
S01234,C01125,monthly,2025-03-04,9,active,2025-03-04
S01235,C01126,monthly,2025-03-12,15,active,2025-03-12
S01236,C01127,annual,2026-05-10,9,active,2026-05-10
S01237,C01128,annual,2026-05-19,10,active,2026-05-19
S01238,C01129,monthly,2026-04-09,80,active,2026-04-09
S01239,C01130,annual,2025-06-18,0,cancelled,2025-08-10
S01240,C01131,monthly,2025-02-07,0,cancelled,2026-02-05
S01241,C01132,monthly,2024-12-28,16,active,2024-12-28
S01242,C01133,monthly,2025-08-21,11,active,2025-08-21
S01243,C01133,monthly,2025-12-22,4,active,2025-12-22
S01244,C01134,monthly,2025-05-08,15,active,2025-05-08
S01245,C01135,monthly,2026-01-20,6,active,2026-01-20
S01246,C01136,annual,2024-10-01,135,active,2024-10-01
S01247,C01137,annual,2025-09-05,0,cancelled,2025-09-14
S01248,C01138,annual,2024-12-19,3,active,2024-12-19
S01249,C01139,monthly,2024-09-25,4,active,2024-09-25
S01250,C01140,annual,2025-08-25,1,active,2025-08-25
S01251,C01141,annual,2025-05-24,11,active,2025-05-24
S01252,C01142,annual,2025-03-19,0,cancelled,2025-10-04
S01253,C01143,monthly,2025-04-25,1,active,2025-04-25
S01254,C01144,annual,2024-11-26,6,active,2024-11-26
S01255,C01144,annual,2025-08-29,10,active,2025-08-29
S01256,C01145,annual,2025-07-01,17,active,2025-07-01
S01257,C01145,annual,2026-02-23,13,active,2026-02-23
S01258,C01146,monthly,2025-07-23,6,active,2025-07-23
S01259,C01147,monthly,2025-03-18,2,active,2025-03-18
S01260,C01148,annual,2025-07-13,30,active,2025-07-13
S01261,C01149,monthly,2024-11-09,9,active,2024-11-09
S01262,C01150,annual,2025-02-19,3,active,2025-02-19
S01263,C01151,monthly,2026-04-15,6,active,2026-04-15
S01264,C01152,monthly,2024-07-03,7,active,2024-07-03
S01265,C01152,monthly,2025-09-05,1,active,2025-09-05
S01266,C01153,monthly,2025-05-18,24,active,2025-05-18
S01267,C01154,annual,2026-02-16,1,active,2026-02-16
S01268,C01155,annual,2025-06-22,2,active,2025-06-22
S01269,C01156,annual,2024-10-14,16,active,2024-10-14
S01270,C01157,annual,2026-05-24,57,active,2026-05-24
S01271,C01157,monthly,2026-06-28,8,active,2026-06-28
S01272,C01158,annual,2025-02-05,7,active,2025-02-05
S01273,C01159,annual,2025-07-26,1,active,2025-07-26
S01274,C01160,annual,2026-02-24,16,active,2026-02-24
S01275,C01161,annual,2025-02-15,1,active,2025-02-15
S01276,C01162,annual,2025-05-06,4,active,2025-05-06
S01277,C01163,annual,2024-08-09,8,active,2024-08-09
S01278,C01164,annual,2025-12-27,2,active,2025-12-27
S01279,C01165,annual,2024-07-20,27,active,2024-07-20
S01280,C01166,annual,2026-01-20,0,cancelled,2026-01-27
S01281,C01167,annual,2025-03-13,19,active,2025-03-13
S01282,C01168,annual,2024-10-04,17,active,2024-10-04
S01283,C01169,annual,2024-07-10,13,active,2024-07-10
S01284,C01170,annual,2024-10-26,3,active,2024-10-26
S01285,C01171,annual,2025-06-21,7,active,2025-06-21
S01286,C01172,monthly,2024-10-03,2,active,2024-10-03
S01287,C01173,annual,2025-12-26,97,active,2025-12-26
S01288,C01174,annual,2025-10-06,13,active,2025-10-06
S01289,C01175,annual,2025-02-28,0,cancelled,2026-03-02
S01290,C01176,monthly,2024-11-01,3,active,2024-11-01
S01291,C01177,monthly,2026-04-15,4,active,2026-04-15
S01292,C01178,monthly,2024-12-27,0,cancelled,2026-02-17
S01293,C01179,monthly,2025-11-30,5,active,2025-11-30
S01294,C01180,annual,2025-12-07,1,active,2025-12-07
S01295,C01181,monthly,2025-07-02,3,active,2025-07-02
S01296,C01182,annual,2024-10-17,0,cancelled,2025-06-09
S01297,C01183,annual,2025-12-10,4,active,2025-12-10
S01298,C01184,annual,2025-05-08,32,active,2025-05-08
S01299,C01185,annual,2026-06-18,1,active,2026-06-18
S01300,C01186,monthly,2025-11-01,0,cancelled,2026-06-05
S01301,C01187,annual,2025-08-16,28,active,2025-08-16
S01302,C01188,monthly,2025-07-04,26,active,2025-07-04
S01303,C01189,annual,2025-08-10,19,active,2025-08-10
S01304,C01189,annual,2026-06-23,17,active,2026-06-23
S01305,C01190,monthly,2025-05-24,16,active,2025-05-24
S01306,C01191,monthly,2025-06-08,2,active,2025-06-08
S01307,C01192,annual,2024-09-17,35,active,2024-09-17
S01308,C01193,annual,2025-10-28,0,cancelled,2026-01-03
S01309,C01194,annual,2025-04-02,24,active,2025-04-02
S01310,C01194,annual,2025-10-06,2,active,2025-10-06
S01311,C01195,monthly,2025-10-14,7,active,2025-10-14
S01312,C01196,annual,2026-03-01,5,active,2026-03-01
S01313,C01197,monthly,2025-04-20,31,active,2025-04-20
S01314,C01197,monthly,2025-06-22,7,active,2025-06-22
S01315,C01198,annual,2026-04-11,17,active,2026-04-11
S01316,C01199,annual,2025-12-11,4,active,2025-12-11
S01317,C01200,monthly,2024-11-12,1,active,2024-11-12
S01318,C01201,annual,2024-07-05,18,active,2024-07-05
S01319,C01202,monthly,2024-11-09,0,cancelled,2025-03-21
S01320,C01203,annual,2025-08-11,42,active,2025-08-11
S01321,C01204,annual,2025-05-11,167,active,2025-05-11
S01322,C01205,monthly,2024-10-18,0,cancelled,2024-11-08
S01323,C01206,monthly,2026-03-28,20,active,2026-03-28
S01324,C01207,annual,2025-10-30,154,active,2025-10-30
S01325,C01208,monthly,2025-11-25,23,active,2025-11-25
S01326,C01208,annual,2026-03-13,11,active,2026-03-13
S01327,C01209,monthly,2026-02-09,8,active,2026-02-09
S01328,C01210,annual,2024-11-22,0,cancelled,2024-12-04
S01329,C01210,annual,2025-08-17,11,active,2025-08-17
S01330,C01211,annual,2025-02-20,9,active,2025-02-20
S01331,C01212,monthly,2025-05-24,4,active,2025-05-24
S01332,C01213,annual,2025-01-21,5,active,2025-01-21
S01333,C01214,monthly,2025-02-13,7,active,2025-02-13
S01334,C01215,annual,2025-02-16,6,active,2025-02-16
S01335,C01216,annual,2025-06-22,4,active,2025-06-22
S01336,C01217,annual,2026-04-11,1,active,2026-04-11
S01337,C01218,monthly,2024-11-22,9,active,2024-11-22
S01338,C01219,monthly,2025-01-17,23,active,2025-01-17
S01339,C01220,annual,2026-03-25,0,cancelled,2026-03-30
S01340,C01221,annual,2025-10-29,7,active,2025-10-29
S01341,C01222,monthly,2025-06-02,9,active,2025-06-02
S01342,C01223,monthly,2024-09-15,0,cancelled,2024-12-03
S01343,C01223,monthly,2025-09-15,14,active,2025-09-15
S01344,C01224,monthly,2024-10-10,16,active,2024-10-10
S01345,C01225,annual,2026-02-15,16,active,2026-02-15
S01346,C01226,monthly,2026-05-27,9,active,2026-05-27
S01347,C01227,annual,2024-11-24,0,cancelled,2024-11-29
S01348,C01228,monthly,2024-12-18,1,active,2024-12-18
S01349,C01229,annual,2026-02-27,11,active,2026-02-27
S01350,C01230,monthly,2025-06-05,4,active,2025-06-05
S01351,C01231,annual,2025-11-27,17,active,2025-11-27
S01352,C01232,annual,2024-09-06,2,active,2024-09-06
S01353,C01233,monthly,2024-07-27,0,cancelled,2025-02-04
S01354,C01234,monthly,2025-01-06,1,active,2025-01-06
S01355,C01234,annual,2025-02-20,15,active,2025-02-20
S01356,C01235,annual,2024-09-11,2,active,2024-09-11
S01357,C01236,annual,2025-07-11,0,cancelled,2025-12-02
S01358,C01237,annual,2025-03-04,3,active,2025-03-04
S01359,C01238,annual,2024-10-16,1,active,2024-10-16
S01360,C01239,monthly,2026-02-14,14,active,2026-02-14
S01361,C01240,monthly,2025-08-01,8,active,2025-08-01
S01362,C01241,monthly,2026-01-22,7,active,2026-01-22
S01363,C01242,annual,2026-05-29,5,active,2026-05-29
S01364,C01243,monthly,2024-09-17,30,active,2024-09-17
S01365,C01244,monthly,2026-01-12,3,active,2026-01-12
S01366,C01245,monthly,2025-12-26,23,active,2025-12-26
S01367,C01246,monthly,2025-01-22,10,active,2025-01-22
S01368,C01247,monthly,2025-11-28,4,active,2025-11-28
S01369,C01248,monthly,2025-01-18,9,active,2025-01-18
S01370,C01249,annual,2025-04-06,30,active,2025-04-06
S01371,C01250,monthly,2025-12-25,7,active,2025-12-25
S01372,C01251,monthly,2024-10-17,7,active,2024-10-17
S01373,C01252,monthly,2025-01-13,27,active,2025-01-13
S01374,C01253,monthly,2024-10-01,3,active,2024-10-01
S01375,C01254,monthly,2025-04-26,5,active,2025-04-26
S01376,C01255,annual,2026-05-31,6,active,2026-05-31
S01377,C01256,monthly,2025-08-31,11,active,2025-08-31
S01378,C01256,annual,2026-04-14,3,active,2026-04-14
S01379,C01257,annual,2024-10-12,6,active,2024-10-12
S01380,C01258,monthly,2026-05-09,7,active,2026-05-09
S01381,C01259,monthly,2026-03-09,10,active,2026-03-09
S01382,C01260,monthly,2024-07-01,8,active,2024-07-01
S01383,C01261,monthly,2025-10-03,0,cancelled,2026-01-12
S01384,C01262,annual,2025-03-19,12,active,2025-03-19
S01385,C01263,annual,2025-11-11,7,active,2025-11-11
S01386,C01263,monthly,2026-05-24,4,active,2026-05-24
S01387,C01264,monthly,2025-08-04,67,active,2025-08-04
S01388,C01265,annual,2024-10-28,10,active,2024-10-28
S01389,C01266,annual,2026-01-26,5,active,2026-01-26
S01390,C01267,annual,2025-05-18,12,active,2025-05-18
S01391,C01267,annual,2026-03-27,2,active,2026-03-27
S01392,C01268,annual,2026-04-25,13,active,2026-04-25
S01393,C01269,annual,2025-03-31,3,active,2025-03-31
S01394,C01270,annual,2025-10-24,3,active,2025-10-24
S01395,C01271,annual,2025-11-07,2,active,2025-11-07
S01396,C01272,annual,2025-07-03,28,active,2025-07-03
S01397,C01273,monthly,2026-02-23,13,active,2026-02-23
S01398,C01274,monthly,2026-03-05,3,active,2026-03-05
S01399,C01275,monthly,2025-02-05,6,active,2025-02-05
S01400,C01276,monthly,2025-02-03,2,active,2025-02-03
S01401,C01277,annual,2026-02-06,3,active,2026-02-06
S01402,C01278,annual,2025-05-27,8,active,2025-05-27
S01403,C01279,annual,2025-10-01,11,active,2025-10-01
S01404,C01280,annual,2025-12-25,152,active,2025-12-25
S01405,C01281,annual,2024-07-16,2,active,2024-07-16
S01406,C01282,monthly,2024-10-31,7,active,2024-10-31
S01407,C01283,annual,2025-07-07,8,active,2025-07-07
S01408,C01284,annual,2025-09-03,17,active,2025-09-03
S01409,C01285,monthly,2026-02-17,4,active,2026-02-17
S01410,C01286,annual,2025-01-19,5,active,2025-01-19
S01411,C01287,monthly,2025-06-02,11,active,2025-06-02
S01412,C01287,monthly,2025-10-18,16,active,2025-10-18
S01413,C01288,annual,2026-02-04,23,active,2026-02-04
S01414,C01288,annual,2026-03-09,0,cancelled,2026-04-21
S01415,C01289,annual,2024-10-31,6,active,2024-10-31
S01416,C01290,monthly,2026-02-01,2,active,2026-02-01
S01417,C01291,monthly,2026-03-09,5,active,2026-03-09
S01418,C01292,monthly,2025-11-27,8,active,2025-11-27
S01419,C01293,monthly,2025-12-13,9,active,2025-12-13
S01420,C01294,monthly,2024-10-27,23,active,2024-10-27
S01421,C01295,monthly,2025-07-04,12,active,2025-07-04
S01422,C01296,monthly,2025-04-17,6,active,2025-04-17
S01423,C01297,monthly,2026-03-02,7,active,2026-03-02
S01424,C01297,annual,2026-04-30,0,cancelled,2026-06-05
S01425,C01298,annual,2025-03-12,1,active,2025-03-12
S01426,C01299,monthly,2024-09-24,4,active,2024-09-24
S01427,C01300,monthly,2026-01-06,6,active,2026-01-06
S01428,C01301,annual,2025-07-16,0,cancelled,2025-09-28
S01429,C01302,annual,2026-06-26,89,active,2026-06-26
S01430,C01303,monthly,2026-02-07,1,active,2026-02-07
S01431,C01304,annual,2024-09-22,5,active,2024-09-22
S01432,C01305,monthly,2024-12-11,4,active,2024-12-11
S01433,C01305,annual,2025-09-02,1,active,2025-09-02
S01434,C01306,annual,2024-12-01,15,active,2024-12-01
S01435,C01307,monthly,2025-11-04,0,cancelled,2026-04-27
S01436,C01308,monthly,2024-08-02,1,active,2024-08-02
S01437,C01309,monthly,2025-05-25,0,cancelled,2026-04-02
S01438,C01310,monthly,2024-08-14,5,active,2024-08-14
S01439,C01311,annual,2026-04-09,2,active,2026-04-09
S01440,C01312,annual,2025-07-07,8,active,2025-07-07
S01441,C01313,monthly,2025-08-26,11,active,2025-08-26
S01442,C01314,monthly,2025-06-25,6,active,2025-06-25
S01443,C01315,annual,2026-03-11,2,active,2026-03-11
S01444,C01316,annual,2025-02-05,0,cancelled,2025-11-02
S01445,C01317,annual,2024-10-19,19,active,2024-10-19
S01446,C01318,monthly,2024-07-19,4,active,2024-07-19
S01447,C01318,monthly,2025-04-01,31,active,2025-04-01
S01448,C01319,annual,2024-09-03,5,active,2024-09-03
S01449,C01320,annual,2025-05-06,9,active,2025-05-06
S01450,C01321,monthly,2025-03-30,10,active,2025-03-30
S01451,C01322,monthly,2025-10-15,3,active,2025-10-15
S01452,C01323,annual,2024-08-23,10,active,2024-08-23
S01453,C01324,annual,2026-02-05,51,active,2026-02-05
S01454,C01325,annual,2026-01-09,4,active,2026-01-09
S01455,C01326,monthly,2025-11-17,35,active,2025-11-17
S01456,C01327,annual,2024-12-24,34,active,2024-12-24
S01457,C01328,monthly,2024-12-16,9,active,2024-12-16
S01458,C01328,monthly,2026-03-19,6,active,2026-03-19
S01459,C01329,monthly,2026-01-05,10,active,2026-01-05
S01460,C01330,annual,2025-12-09,21,active,2025-12-09
S01461,C01331,monthly,2024-09-05,10,active,2024-09-05
S01462,C01332,monthly,2026-01-16,89,active,2026-01-16
S01463,C01333,annual,2024-07-08,15,active,2024-07-08
S01464,C01334,annual,2025-02-06,4,active,2025-02-06
S01465,C01335,annual,2025-03-06,0,cancelled,2025-09-13
S01466,C01336,monthly,2024-10-19,26,active,2024-10-19
S01467,C01337,monthly,2026-02-28,18,active,2026-02-28
S01468,C01338,monthly,2025-08-23,15,active,2025-08-23
S01469,C01339,monthly,2025-05-09,41,active,2025-05-09
S01470,C01339,annual,2026-03-17,42,active,2026-03-17
S01471,C01340,annual,2024-11-08,12,active,2024-11-08
S01472,C01340,monthly,2025-04-29,28,active,2025-04-29
S01473,C01341,monthly,2025-12-18,3,active,2025-12-18
S01474,C01342,monthly,2025-01-29,11,active,2025-01-29
S01475,C01343,annual,2024-07-16,2,active,2024-07-16
S01476,C01344,annual,2025-10-18,4,active,2025-10-18
S01477,C01345,annual,2024-11-04,20,active,2024-11-04
S01478,C01346,annual,2025-11-26,2,active,2025-11-26
S01479,C01347,monthly,2025-11-16,10,active,2025-11-16
S01480,C01348,annual,2025-05-11,6,active,2025-05-11
S01481,C01349,annual,2026-02-13,94,active,2026-02-13
S01482,C01350,monthly,2025-11-27,2,active,2025-11-27
S01483,C01351,annual,2026-05-04,5,active,2026-05-04
S01484,C01351,annual,2026-06-27,5,active,2026-06-27
S01485,C01352,monthly,2025-06-30,0,cancelled,2025-12-18
S01486,C01353,annual,2026-01-02,6,active,2026-01-02
S01487,C01354,annual,2024-11-21,0,cancelled,2025-08-29
S01488,C01355,annual,2026-06-29,4,active,2026-06-29
S01489,C01356,annual,2025-03-07,0,cancelled,2026-04-26
S01490,C01357,monthly,2025-07-02,0,cancelled,2026-06-13
S01491,C01358,monthly,2026-02-24,11,active,2026-02-24
S01492,C01359,annual,2026-02-01,12,active,2026-02-01
S01493,C01360,monthly,2025-07-01,3,active,2025-07-01
S01494,C01361,annual,2024-10-25,9,active,2024-10-25
S01495,C01361,annual,2025-01-30,9,active,2025-01-30
S01496,C01362,annual,2025-10-14,31,active,2025-10-14
S01497,C01363,annual,2026-06-19,6,active,2026-06-19
S01498,C01364,monthly,2024-09-06,8,active,2024-09-06
S01499,C01365,monthly,2026-03-30,9,active,2026-03-30
S01500,C01366,annual,2024-07-22,5,active,2024-07-22
S01501,C01367,annual,2025-12-22,2,active,2025-12-22
S01502,C01368,annual,2025-04-20,6,active,2025-04-20
S01503,C01369,annual,2025-10-13,4,active,2025-10-13
S01504,C01370,annual,2024-08-23,10,active,2024-08-23
S01505,C01371,annual,2026-02-22,10,active,2026-02-22
S01506,C01372,annual,2025-04-24,8,active,2025-04-24
S01507,C01373,annual,2025-01-03,23,active,2025-01-03
S01508,C01374,monthly,2025-10-02,6,active,2025-10-02
S01509,C01375,monthly,2025-05-16,44,active,2025-05-16
S01510,C01376,annual,2026-04-09,5,active,2026-04-09
S01511,C01377,monthly,2025-06-30,8,active,2025-06-30
S01512,C01377,monthly,2025-11-28,1,active,2025-11-28
S01513,C01378,monthly,2025-11-07,19,active,2025-11-07
S01514,C01379,annual,2026-01-14,10,active,2026-01-14
S01515,C01380,annual,2024-10-12,9,active,2024-10-12
S01516,C01381,annual,2024-12-10,0,cancelled,2025-11-09
S01517,C01382,annual,2025-09-15,3,active,2025-09-15
S01518,C01383,monthly,2024-10-11,28,active,2024-10-11
S01519,C01384,annual,2025-10-03,6,active,2025-10-03
S01520,C01385,annual,2025-08-19,3,active,2025-08-19
S01521,C01386,annual,2024-09-28,8,active,2024-09-28
S01522,C01387,annual,2025-11-18,4,active,2025-11-18
S01523,C01388,annual,2024-10-16,4,active,2024-10-16
S01524,C01389,monthly,2026-02-23,3,active,2026-02-23
S01525,C01390,monthly,2024-07-08,14,active,2024-07-08
S01526,C01391,annual,2025-01-08,1,active,2025-01-08
S01527,C01392,annual,2024-12-23,20,active,2024-12-23
S01528,C01393,annual,2024-12-21,2,active,2024-12-21
S01529,C01394,annual,2026-04-07,17,active,2026-04-07
S01530,C01395,annual,2025-06-14,8,active,2025-06-14
S01531,C01396,monthly,2025-10-29,14,active,2025-10-29
S01532,C01397,monthly,2025-12-17,3,active,2025-12-17
S01533,C01398,annual,2026-05-04,6,active,2026-05-04
S01534,C01399,monthly,2026-05-25,11,active,2026-05-25
S01535,C01400,annual,2024-08-09,8,active,2024-08-09
S01536,C01401,monthly,2026-04-01,6,active,2026-04-01
S01537,C01402,annual,2025-09-01,1,active,2025-09-01
S01538,C01403,annual,2025-08-23,9,active,2025-08-23
S01539,C01403,monthly,2026-04-16,5,active,2026-04-16
S01540,C01404,monthly,2025-01-06,6,active,2025-01-06
S01541,C01405,annual,2025-02-02,5,active,2025-02-02
S01542,C01406,monthly,2026-01-09,15,active,2026-01-09
S01543,C01407,annual,2026-02-02,4,active,2026-02-02
S01544,C01408,monthly,2026-06-24,1,active,2026-06-24
S01545,C01409,monthly,2025-05-26,5,active,2025-05-26
S01546,C01410,annual,2024-12-13,1,active,2024-12-13
S01547,C01411,monthly,2026-06-11,3,active,2026-06-11
S01548,C01412,annual,2025-11-15,4,active,2025-11-15
S01549,C01413,annual,2024-09-05,17,active,2024-09-05
S01550,C01414,monthly,2024-10-28,0,cancelled,2026-01-13
S01551,C01414,annual,2025-09-18,7,active,2025-09-18
S01552,C01415,annual,2025-05-29,7,active,2025-05-29
S01553,C01416,monthly,2025-07-06,3,active,2025-07-06
S01554,C01417,annual,2025-07-23,3,active,2025-07-23
S01555,C01418,monthly,2025-08-13,6,active,2025-08-13
S01556,C01419,monthly,2025-12-17,28,active,2025-12-17
S01557,C01420,monthly,2024-07-02,0,cancelled,2024-10-08
S01558,C01420,annual,2024-12-07,35,active,2024-12-07
S01559,C01421,monthly,2026-02-07,3,active,2026-02-07
S01560,C01422,annual,2025-01-08,3,active,2025-01-08
S01561,C01423,annual,2025-11-26,21,active,2025-11-26
S01562,C01424,annual,2024-09-10,14,active,2024-09-10
S01563,C01425,monthly,2025-06-04,4,active,2025-06-04
S01564,C01426,annual,2026-02-19,5,active,2026-02-19
S01565,C01427,annual,2024-11-04,7,active,2024-11-04
S01566,C01427,annual,2024-12-19,22,active,2024-12-19
S01567,C01428,annual,2026-04-28,21,active,2026-04-28
S01568,C01429,annual,2026-03-30,82,active,2026-03-30
S01569,C01430,monthly,2025-02-06,0,cancelled,2026-01-28
S01570,C01431,annual,2026-05-23,22,active,2026-05-23
S01571,C01432,monthly,2024-11-07,8,active,2024-11-07
S01572,C01433,annual,2025-04-17,4,active,2025-04-17
S01573,C01434,monthly,2025-06-04,1,active,2025-06-04
S01574,C01435,monthly,2024-07-20,6,active,2024-07-20
S01575,C01435,monthly,2025-05-09,7,active,2025-05-09
S01576,C01436,annual,2025-07-01,22,active,2025-07-01
S01577,C01437,annual,2026-01-08,2,active,2026-01-08
S01578,C01438,monthly,2025-11-26,10,active,2025-11-26
S01579,C01439,monthly,2025-04-08,0,cancelled,2026-01-25
S01580,C01440,annual,2025-02-28,29,active,2025-02-28
S01581,C01441,annual,2025-12-02,2,active,2025-12-02
S01582,C01442,annual,2025-07-17,2,active,2025-07-17
S01583,C01443,monthly,2025-11-07,5,active,2025-11-07
S01584,C01444,monthly,2025-09-20,0,cancelled,2026-06-15
S01585,C01445,monthly,2025-02-13,1,active,2025-02-13
S01586,C01446,annual,2026-03-28,2,active,2026-03-28
S01587,C01446,annual,2026-06-04,23,active,2026-06-04
S01588,C01447,annual,2025-02-19,10,active,2025-02-19
S01589,C01448,annual,2026-02-06,11,active,2026-02-06
S01590,C01449,monthly,2026-04-22,4,active,2026-04-22
S01591,C01450,annual,2024-11-04,0,cancelled,2026-03-01
S01592,C01451,monthly,2024-07-06,1,active,2024-07-06
S01593,C01452,annual,2026-06-16,174,active,2026-06-16
S01594,C01453,monthly,2026-05-10,4,active,2026-05-10
S01595,C01454,monthly,2025-01-31,14,active,2025-01-31
S01596,C01455,annual,2024-07-18,48,active,2024-07-18
S01597,C01456,annual,2025-07-03,10,active,2025-07-03
S01598,C01457,annual,2026-03-24,5,active,2026-03-24
S01599,C01458,monthly,2025-09-18,0,cancelled,2026-06-25
S01600,C01459,annual,2025-12-14,13,active,2025-12-14
S01601,C01459,monthly,2026-03-02,34,active,2026-03-02
S01602,C01460,monthly,2025-06-15,8,active,2025-06-15
S01603,C01461,annual,2025-06-29,13,active,2025-06-29
S01604,C01462,annual,2024-11-30,8,active,2024-11-30
S01605,C01463,annual,2024-10-20,14,active,2024-10-20
S01606,C01463,annual,2025-12-16,6,active,2025-12-16
S01607,C01464,monthly,2025-05-13,11,active,2025-05-13
S01608,C01465,annual,2024-08-09,0,cancelled,2025-11-14
S01609,C01466,annual,2026-03-28,12,active,2026-03-28
S01610,C01466,annual,2026-06-20,16,active,2026-06-20
S01611,C01467,monthly,2025-01-20,31,active,2025-01-20
S01612,C01467,monthly,2025-08-09,50,active,2025-08-09
S01613,C01468,annual,2026-02-21,10,active,2026-02-21
S01614,C01469,monthly,2026-04-14,6,active,2026-04-14
S01615,C01470,monthly,2026-03-13,7,active,2026-03-13
S01616,C01471,annual,2024-12-08,9,active,2024-12-08
S01617,C01472,annual,2026-03-23,8,active,2026-03-23
S01618,C01473,monthly,2025-04-24,0,cancelled,2025-06-13
S01619,C01474,annual,2026-04-17,5,active,2026-04-17
S01620,C01475,annual,2025-07-21,32,active,2025-07-21
S01621,C01476,annual,2026-03-06,17,active,2026-03-06
S01622,C01477,monthly,2024-07-14,8,active,2024-07-14
S01623,C01478,monthly,2025-04-21,7,active,2025-04-21
S01624,C01479,monthly,2026-04-25,10,active,2026-04-25
S01625,C01479,annual,2026-06-24,6,active,2026-06-24
S01626,C01480,monthly,2026-03-16,10,active,2026-03-16
S01627,C01481,monthly,2025-04-16,15,active,2025-04-16
S01628,C01482,annual,2025-04-08,6,active,2025-04-08
S01629,C01482,annual,2026-01-22,7,active,2026-01-22
S01630,C01483,annual,2024-07-09,0,cancelled,2025-07-10
S01631,C01484,monthly,2024-10-25,57,active,2024-10-25
S01632,C01485,monthly,2025-06-16,11,active,2025-06-16
S01633,C01486,monthly,2024-09-01,43,active,2024-09-01
S01634,C01487,annual,2025-10-20,5,active,2025-10-20
S01635,C01488,annual,2024-07-20,0,cancelled,2025-03-05
S01636,C01489,annual,2025-11-29,4,active,2025-11-29
S01637,C01490,monthly,2024-09-22,13,active,2024-09-22
S01638,C01491,monthly,2024-07-31,22,active,2024-07-31
S01639,C01492,annual,2026-04-10,14,active,2026-04-10
S01640,C01493,annual,2025-10-21,0,cancelled,2025-12-08
S01641,C01494,monthly,2024-07-20,0,cancelled,2025-09-12
S01642,C01495,annual,2026-03-17,12,active,2026-03-17
S01643,C01496,monthly,2024-12-25,5,active,2024-12-25
S01644,C01497,monthly,2024-08-04,11,active,2024-08-04
S01645,C01498,annual,2024-10-02,2,active,2024-10-02
S01646,C01499,monthly,2025-09-18,1,active,2025-09-18
S01647,C01500,annual,2026-04-22,7,active,2026-04-22
S01648,C01501,annual,2024-10-22,0,cancelled,2025-05-29
S01649,C01502,monthly,2025-02-21,8,active,2025-02-21
S01650,C01503,annual,2025-11-14,21,active,2025-11-14
S01651,C01504,annual,2026-06-19,34,active,2026-06-19
S01652,C01505,monthly,2026-06-09,673,active,2026-06-09
S01653,C01506,monthly,2024-08-12,15,active,2024-08-12
S01654,C01507,monthly,2025-10-09,2,active,2025-10-09
S01655,C01507,annual,2025-12-25,15,active,2025-12-25
S01656,C01508,annual,2025-08-01,3,active,2025-08-01
S01657,C01509,annual,2024-11-08,22,active,2024-11-08
S01658,C01510,annual,2026-03-21,13,active,2026-03-21
S01659,C01511,annual,2025-11-30,12,active,2025-11-30
S01660,C01512,annual,2026-05-18,7,active,2026-05-18
S01661,C01513,annual,2025-12-25,14,active,2025-12-25
S01662,C01513,monthly,2026-06-07,6,active,2026-06-07
S01663,C01514,monthly,2025-09-14,26,active,2025-09-14
S01664,C01514,annual,2026-04-04,11,active,2026-04-04
S01665,C01515,annual,2025-09-26,6,active,2025-09-26
S01666,C01516,monthly,2026-04-30,688,active,2026-04-30
S01667,C01517,annual,2025-05-09,131,active,2025-05-09
S01668,C01518,annual,2024-07-12,6,active,2024-07-12
S01669,C01519,annual,2026-01-22,20,active,2026-01-22
S01670,C01519,monthly,2026-04-18,6,active,2026-04-18
S01671,C01520,annual,2025-06-09,37,active,2025-06-09
S01672,C01521,monthly,2026-06-28,213,active,2026-06-28
S01673,C01522,annual,2024-10-22,5,active,2024-10-22
S01674,C01523,monthly,2024-09-09,0,cancelled,2024-09-22
S01675,C01523,annual,2025-10-29,18,active,2025-10-29
S01676,C01524,annual,2025-04-09,5,active,2025-04-09
S01677,C01525,annual,2024-07-26,0,cancelled,2024-08-07
S01678,C01526,annual,2025-12-09,7,active,2025-12-09
S01679,C01527,annual,2025-01-02,0,cancelled,2025-01-20
S01680,C01528,monthly,2026-01-14,1,active,2026-01-14
S01681,C01529,annual,2025-04-15,28,active,2025-04-15
S01682,C01530,monthly,2026-04-04,5,active,2026-04-04
S01683,C01531,monthly,2026-05-13,9,active,2026-05-13
S01684,C01532,monthly,2025-04-08,2,active,2025-04-08
S01685,C01533,annual,2026-01-07,33,active,2026-01-07
S01686,C01534,monthly,2025-07-02,1,active,2025-07-02
S01687,C01535,monthly,2024-08-14,7,active,2024-08-14
S01688,C01536,monthly,2025-12-08,3,active,2025-12-08
S01689,C01537,annual,2024-07-26,0,cancelled,2024-10-12
S01690,C01538,annual,2025-06-27,5,active,2025-06-27
S01691,C01539,annual,2026-02-14,5,active,2026-02-14
S01692,C01540,annual,2025-06-28,0,cancelled,2026-02-25
S01693,C01541,monthly,2026-01-17,2,active,2026-01-17
S01694,C01542,monthly,2024-08-13,0,cancelled,2025-01-19
S01695,C01543,monthly,2025-02-24,4,active,2025-02-24
S01696,C01544,monthly,2025-09-30,12,active,2025-09-30
S01697,C01545,annual,2025-07-12,0,cancelled,2026-05-26
S01698,C01545,annual,2026-01-27,27,active,2026-01-27
S01699,C01546,monthly,2025-08-20,0,cancelled,2025-10-07
S01700,C01547,annual,2024-11-12,0,cancelled,2025-07-13
S01701,C01548,monthly,2025-10-07,149,active,2025-10-07
S01702,C01549,monthly,2025-11-25,6,active,2025-11-25
S01703,C01550,monthly,2026-03-28,12,active,2026-03-28
S01704,C01551,annual,2025-11-12,5,active,2025-11-12
S01705,C01551,annual,2026-03-31,13,active,2026-03-31
S01706,C01552,annual,2024-10-25,37,active,2024-10-25
S01707,C01553,monthly,2024-07-31,51,active,2024-07-31
S01708,C01554,annual,2026-03-08,6,active,2026-03-08
S01709,C01555,monthly,2025-04-21,0,cancelled,2025-07-26
S01710,C01556,monthly,2025-04-15,3,active,2025-04-15
S01711,C01557,monthly,2025-10-16,20,active,2025-10-16
S01712,C01558,annual,2024-12-12,40,active,2024-12-12
S01713,C01559,monthly,2025-07-20,11,active,2025-07-20
S01714,C01560,annual,2024-12-06,3,active,2024-12-06
S01715,C01561,monthly,2025-10-08,0,cancelled,2025-12-14
S01716,C01562,annual,2024-08-08,30,active,2024-08-08
S01717,C01563,monthly,2024-10-08,9,active,2024-10-08
S01718,C01564,annual,2026-03-10,7,active,2026-03-10
S01719,C01565,monthly,2026-03-08,55,active,2026-03-08
S01720,C01565,monthly,2026-06-30,3,active,2026-06-30
S01721,C01566,monthly,2025-10-09,13,active,2025-10-09
S01722,C01567,annual,2026-04-12,4,active,2026-04-12
S01723,C01568,annual,2026-06-29,49,active,2026-06-29
S01724,C01569,annual,2026-01-12,6,active,2026-01-12
S01725,C01570,annual,2026-02-02,18,active,2026-02-02
S01726,C01570,monthly,2026-04-14,2,active,2026-04-14
S01727,C01571,annual,2024-11-04,13,active,2024-11-04
S01728,C01572,annual,2025-04-12,15,active,2025-04-12
S01729,C01573,monthly,2025-03-14,17,active,2025-03-14
S01730,C01574,annual,2025-08-27,5,active,2025-08-27
S01731,C01575,monthly,2024-09-12,0,cancelled,2024-12-25
S01732,C01576,annual,2025-08-18,15,active,2025-08-18
S01733,C01577,annual,2025-06-09,3,active,2025-06-09
S01734,C01578,annual,2025-06-13,6,active,2025-06-13
S01735,C01579,annual,2025-11-25,5,active,2025-11-25
S01736,C01580,monthly,2025-03-07,0,cancelled,2026-06-04
S01737,C01581,annual,2025-04-06,20,active,2025-04-06
S01738,C01582,annual,2025-11-28,206,active,2025-11-28
S01739,C01583,annual,2025-08-05,4,active,2025-08-05
S01740,C01584,annual,2024-08-21,6,active,2024-08-21
S01741,C01585,monthly,2025-11-08,49,active,2025-11-08
S01742,C01586,annual,2024-11-09,17,active,2024-11-09
S01743,C01587,monthly,2024-09-07,0,cancelled,2024-09-25
S01744,C01588,annual,2025-09-07,24,active,2025-09-07
S01745,C01589,monthly,2025-07-12,34,active,2025-07-12
S01746,C01589,monthly,2025-10-29,0,cancelled,2026-05-16
S01747,C01590,annual,2025-01-30,47,active,2025-01-30
S01748,C01591,annual,2025-08-06,60,active,2025-08-06
S01749,C01592,monthly,2024-07-11,0,cancelled,2025-04-20
S01750,C01593,annual,2025-02-16,13,active,2025-02-16
S01751,C01593,monthly,2025-06-30,2,active,2025-06-30
S01752,C01594,monthly,2025-12-23,3,active,2025-12-23
S01753,C01595,monthly,2025-05-26,3,active,2025-05-26
S01754,C01596,annual,2025-08-29,17,active,2025-08-29
S01755,C01597,monthly,2024-10-16,0,cancelled,2024-12-18
S01756,C01598,monthly,2026-01-17,0,cancelled,2026-02-05
S01757,C01599,annual,2026-05-13,9,active,2026-05-13
S01758,C01600,annual,2025-02-15,4,active,2025-02-15
S01759,C01601,annual,2025-10-17,8,active,2025-10-17
S01760,C01602,annual,2026-01-02,8,active,2026-01-02
S01761,C01603,monthly,2026-03-16,10,active,2026-03-16
S01762,C01604,annual,2025-06-19,3,active,2025-06-19
S01763,C01605,monthly,2025-08-21,9,active,2025-08-21
S01764,C01606,annual,2025-01-24,6,active,2025-01-24
S01765,C01607,annual,2026-04-01,16,active,2026-04-01
S01766,C01608,annual,2025-10-11,3,active,2025-10-11
S01767,C01608,monthly,2026-03-09,0,cancelled,2026-05-09
S01768,C01609,annual,2025-01-06,1,active,2025-01-06
S01769,C01610,monthly,2024-11-14,29,active,2024-11-14
S01770,C01611,annual,2026-05-15,3,active,2026-05-15
S01771,C01612,annual,2025-11-19,4,active,2025-11-19
S01772,C01613,monthly,2024-10-01,233,active,2024-10-01
S01773,C01614,annual,2025-06-17,10,active,2025-06-17
S01774,C01614,annual,2025-09-27,13,active,2025-09-27
S01775,C01615,annual,2026-06-12,22,active,2026-06-12
S01776,C01616,monthly,2025-01-15,11,active,2025-01-15
S01777,C01617,annual,2025-12-31,23,active,2025-12-31
S01778,C01618,monthly,2025-10-31,2,active,2025-10-31
S01779,C01619,monthly,2026-03-31,9,active,2026-03-31
S01780,C01620,annual,2025-02-12,10,active,2025-02-12
S01781,C01621,annual,2025-03-20,13,active,2025-03-20
S01782,C01622,annual,2025-11-25,39,active,2025-11-25
S01783,C01623,annual,2026-02-02,14,active,2026-02-02
S01784,C01624,annual,2026-03-04,9,active,2026-03-04
S01785,C01625,annual,2025-07-05,21,active,2025-07-05
S01786,C01626,annual,2025-03-20,1,active,2025-03-20
S01787,C01627,annual,2024-12-16,0,cancelled,2026-06-20
S01788,C01628,monthly,2026-02-14,5,active,2026-02-14
S01789,C01629,monthly,2026-05-28,62,active,2026-05-28
S01790,C01630,annual,2026-01-15,1,active,2026-01-15
S01791,C01631,monthly,2025-07-17,8,active,2025-07-17
S01792,C01631,monthly,2026-01-03,8,active,2026-01-03
S01793,C01632,annual,2025-12-24,3,active,2025-12-24
S01794,C01633,monthly,2025-06-23,3,active,2025-06-23
S01795,C01634,annual,2024-09-30,2,active,2024-09-30
S01796,C01635,annual,2024-10-29,10,active,2024-10-29
S01797,C01636,monthly,2025-06-15,0,cancelled,2025-12-22
S01798,C01637,annual,2025-04-17,13,active,2025-04-17
S01799,C01638,annual,2026-03-20,23,active,2026-03-20
S01800,C01638,annual,2026-05-28,11,active,2026-05-28
S01801,C01639,monthly,2026-01-19,16,active,2026-01-19
S01802,C01640,monthly,2026-03-10,4,active,2026-03-10
S01803,C01641,monthly,2025-09-29,5,active,2025-09-29
S01804,C01641,annual,2025-11-15,11,active,2025-11-15
S01805,C01642,monthly,2025-05-20,14,active,2025-05-20
S01806,C01642,annual,2026-02-26,8,active,2026-02-26
S01807,C01643,annual,2025-09-09,13,active,2025-09-09
S01808,C01644,monthly,2026-05-10,4,active,2026-05-10
S01809,C01645,annual,2025-06-24,0,cancelled,2025-07-11
S01810,C01646,monthly,2024-11-06,0,cancelled,2026-02-21
S01811,C01646,annual,2025-01-02,60,active,2025-01-02
S01812,C01647,monthly,2025-10-12,1,active,2025-10-12
S01813,C01648,annual,2024-09-05,2,active,2024-09-05
S01814,C01649,annual,2024-07-27,2,active,2024-07-27
S01815,C01650,monthly,2026-03-15,18,active,2026-03-15
S01816,C01651,monthly,2025-04-14,46,active,2025-04-14
S01817,C01652,monthly,2024-12-31,7,active,2024-12-31
S01818,C01653,annual,2024-12-23,9,active,2024-12-23
S01819,C01653,annual,2026-01-09,2,active,2026-01-09
S01820,C01654,annual,2026-05-30,7,active,2026-05-30
S01821,C01655,annual,2025-06-01,36,active,2025-06-01
S01822,C01655,monthly,2025-11-04,3,active,2025-11-04
S01823,C01656,monthly,2025-03-26,14,active,2025-03-26
S01824,C01657,annual,2024-08-22,6,active,2024-08-22
S01825,C01658,annual,2025-08-14,2,active,2025-08-14
S01826,C01659,monthly,2026-06-11,10,active,2026-06-11
S01827,C01660,monthly,2025-04-30,5,active,2025-04-30
S01828,C01661,monthly,2025-09-07,3,active,2025-09-07
S01829,C01662,monthly,2024-11-19,0,cancelled,2025-07-13
S01830,C01663,monthly,2026-02-25,0,cancelled,2026-05-31
S01831,C01664,monthly,2025-02-05,20,active,2025-02-05
S01832,C01665,annual,2025-06-10,4,active,2025-06-10
S01833,C01666,monthly,2026-02-27,4,active,2026-02-27
S01834,C01667,annual,2025-06-26,8,active,2025-06-26
S01835,C01668,annual,2024-08-29,24,active,2024-08-29
S01836,C01669,monthly,2024-12-09,31,active,2024-12-09
S01837,C01670,annual,2024-12-29,7,active,2024-12-29
S01838,C01670,annual,2026-04-24,15,active,2026-04-24
S01839,C01671,monthly,2025-09-28,13,active,2025-09-28
S01840,C01672,annual,2024-08-17,0,cancelled,2024-10-13
S01841,C01673,annual,2026-01-27,22,active,2026-01-27
S01842,C01674,monthly,2026-04-17,7,active,2026-04-17
S01843,C01675,annual,2025-03-20,403,active,2025-03-20
S01844,C01676,annual,2026-04-12,5,active,2026-04-12
S01845,C01677,monthly,2026-01-19,5,active,2026-01-19
S01846,C01678,annual,2024-10-27,4,active,2024-10-27
S01847,C01679,annual,2025-10-07,5,active,2025-10-07
S01848,C01680,annual,2025-04-22,0,cancelled,2025-06-03
S01849,C01681,monthly,2024-12-02,11,active,2024-12-02
S01850,C01682,monthly,2025-05-03,19,active,2025-05-03
S01851,C01683,annual,2025-08-07,2,active,2025-08-07
S01852,C01684,monthly,2024-11-19,9,active,2024-11-19
S01853,C01685,annual,2025-10-20,10,active,2025-10-20
S01854,C01686,annual,2026-02-28,19,active,2026-02-28
S01855,C01687,annual,2026-01-26,4,active,2026-01-26
S01856,C01688,monthly,2024-11-13,7,active,2024-11-13
S01857,C01689,monthly,2026-05-16,18,active,2026-05-16
S01858,C01690,monthly,2025-10-24,15,active,2025-10-24
S01859,C01691,annual,2026-01-14,7,active,2026-01-14
S01860,C01692,annual,2025-07-23,5,active,2025-07-23
S01861,C01692,annual,2026-02-20,1,active,2026-02-20
S01862,C01693,monthly,2026-04-17,5,active,2026-04-17
S01863,C01694,annual,2026-03-21,4,active,2026-03-21
S01864,C01695,annual,2025-10-26,19,active,2025-10-26
S01865,C01696,monthly,2026-06-06,10,active,2026-06-06
S01866,C01697,annual,2024-11-25,235,active,2024-11-25
S01867,C01698,annual,2025-01-28,16,active,2025-01-28
S01868,C01699,annual,2025-01-29,4,active,2025-01-29
S01869,C01700,annual,2026-04-04,13,active,2026-04-04
S01870,C01701,annual,2025-10-09,2,active,2025-10-09
S01871,C01702,monthly,2026-03-24,160,active,2026-03-24
S01872,C01703,annual,2025-11-12,7,active,2025-11-12
S01873,C01703,annual,2026-02-05,0,cancelled,2026-03-03
S01874,C01704,monthly,2026-06-18,8,active,2026-06-18
S01875,C01705,annual,2025-08-03,58,active,2025-08-03
S01876,C01705,monthly,2026-06-04,17,active,2026-06-04
S01877,C01706,annual,2026-02-09,9,active,2026-02-09
S01878,C01707,annual,2025-04-16,11,active,2025-04-16
S01879,C01708,annual,2025-11-07,16,active,2025-11-07
S01880,C01709,annual,2024-12-22,3,active,2024-12-22
S01881,C01710,annual,2025-12-05,23,active,2025-12-05
S01882,C01711,annual,2024-07-18,0,cancelled,2024-08-03
S01883,C01712,monthly,2026-03-01,2,active,2026-03-01
S01884,C01713,annual,2024-08-21,11,active,2024-08-21
S01885,C01714,annual,2024-09-16,1,active,2024-09-16
S01886,C01715,annual,2026-06-24,10,active,2026-06-24
S01887,C01716,annual,2026-02-04,25,active,2026-02-04
S01888,C01717,annual,2025-02-24,25,active,2025-02-24
S01889,C01718,monthly,2026-01-20,8,active,2026-01-20
S01890,C01719,annual,2025-09-24,4,active,2025-09-24
S01891,C01720,annual,2025-03-16,32,active,2025-03-16
S01892,C01721,annual,2024-08-29,0,cancelled,2025-10-10
S01893,C01722,monthly,2025-11-19,18,active,2025-11-19
S01894,C01723,annual,2025-09-04,40,active,2025-09-04
S01895,C01724,monthly,2025-06-23,17,active,2025-06-23
S01896,C01725,monthly,2025-01-31,22,active,2025-01-31
S01897,C01726,annual,2025-11-29,7,active,2025-11-29
S01898,C01727,annual,2024-08-07,6,active,2024-08-07
S01899,C01728,annual,2026-03-20,12,active,2026-03-20
S01900,C01729,annual,2025-03-08,9,active,2025-03-08
S01901,C01730,monthly,2025-08-25,7,active,2025-08-25
S01902,C01731,annual,2025-06-05,5,active,2025-06-05
S01903,C01732,annual,2025-03-05,12,active,2025-03-05
S01904,C01733,monthly,2026-04-01,7,active,2026-04-01
S01905,C01734,annual,2025-11-07,5,active,2025-11-07
S01906,C01735,annual,2025-11-12,8,active,2025-11-12
S01907,C01736,monthly,2025-08-03,0,cancelled,2026-05-29
S01908,C01737,monthly,2025-08-27,0,cancelled,2026-01-26
S01909,C01738,annual,2025-01-05,27,active,2025-01-05
S01910,C01739,annual,2025-01-16,12,active,2025-01-16
S01911,C01740,annual,2024-11-27,22,active,2024-11-27
S01912,C01741,monthly,2025-05-01,7,active,2025-05-01
S01913,C01742,monthly,2026-06-08,22,active,2026-06-08
S01914,C01743,annual,2025-05-25,1,active,2025-05-25
S01915,C01744,annual,2025-07-22,5,active,2025-07-22
S01916,C01745,annual,2025-09-07,4,active,2025-09-07
S01917,C01746,annual,2026-05-28,10,active,2026-05-28
S01918,C01747,annual,2025-09-11,3,active,2025-09-11
S01919,C01748,monthly,2026-01-14,9,active,2026-01-14
S01920,C01749,monthly,2026-04-23,5,active,2026-04-23
S01921,C01750,monthly,2025-03-15,0,cancelled,2025-09-03
S01922,C01751,monthly,2026-01-16,1,active,2026-01-16
S01923,C01752,annual,2025-05-06,17,active,2025-05-06
S01924,C01753,monthly,2025-11-27,15,active,2025-11-27
S01925,C01754,annual,2026-04-04,14,active,2026-04-04
S01926,C01755,monthly,2024-12-20,3,active,2024-12-20
S01927,C01756,annual,2025-11-15,10,active,2025-11-15
S01928,C01757,annual,2025-05-08,6,active,2025-05-08
S01929,C01758,monthly,2025-07-09,31,active,2025-07-09
S01930,C01759,annual,2026-02-01,5,active,2026-02-01
S01931,C01760,monthly,2025-09-24,10,active,2025-09-24
S01932,C01761,annual,2026-03-29,3,active,2026-03-29
S01933,C01762,monthly,2026-03-01,39,active,2026-03-01
S01934,C01762,annual,2026-06-20,6,active,2026-06-20
S01935,C01763,annual,2026-05-19,29,active,2026-05-19
S01936,C01764,annual,2024-07-24,6,active,2024-07-24
S01937,C01764,monthly,2025-09-01,2,active,2025-09-01
S01938,C01765,monthly,2026-02-06,2,active,2026-02-06
S01939,C01766,monthly,2025-02-05,3,active,2025-02-05
S01940,C01767,annual,2025-01-13,36,active,2025-01-13
S01941,C01768,monthly,2024-09-04,0,cancelled,2026-05-04
S01942,C01769,monthly,2024-09-16,5,active,2024-09-16
S01943,C01770,annual,2024-09-01,55,active,2024-09-01
S01944,C01771,annual,2025-12-11,4,active,2025-12-11
S01945,C01772,annual,2026-03-06,5,active,2026-03-06
S01946,C01773,annual,2025-03-25,6,active,2025-03-25
S01947,C01774,annual,2026-05-28,25,active,2026-05-28
S01948,C01775,annual,2025-09-30,26,active,2025-09-30
S01949,C01776,monthly,2025-04-15,0,cancelled,2025-09-14
S01950,C01777,annual,2025-06-25,5,active,2025-06-25
S01951,C01778,annual,2025-12-07,2,active,2025-12-07
S01952,C01779,monthly,2024-10-14,1,active,2024-10-14
S01953,C01780,annual,2025-04-24,19,active,2025-04-24
S01954,C01781,monthly,2026-02-16,5,active,2026-02-16
S01955,C01782,annual,2026-02-21,5,active,2026-02-21
S01956,C01783,monthly,2024-09-27,7,active,2024-09-27
S01957,C01784,annual,2024-11-10,6,active,2024-11-10
S01958,C01785,annual,2025-08-14,7,active,2025-08-14
S01959,C01786,annual,2024-07-29,132,active,2024-07-29
S01960,C01787,annual,2025-09-03,9,active,2025-09-03
S01961,C01788,annual,2026-05-22,8,active,2026-05-22
S01962,C01789,annual,2024-08-30,19,active,2024-08-30
S01963,C01789,annual,2025-06-29,2,active,2025-06-29
S01964,C01790,monthly,2025-06-26,4,active,2025-06-26
S01965,C01791,monthly,2024-10-30,265,active,2024-10-30
S01966,C01792,annual,2024-07-25,0,cancelled,2025-03-05
S01967,C01793,annual,2024-09-09,8,active,2024-09-09
S01968,C01794,monthly,2024-08-28,3,active,2024-08-28
S01969,C01795,annual,2025-05-06,8,active,2025-05-06
S01970,C01796,annual,2024-09-04,365,active,2024-09-04
S01971,C01797,monthly,2025-01-26,5,active,2025-01-26
S01972,C01797,monthly,2025-06-23,7,active,2025-06-23
S01973,C01798,annual,2025-10-02,12,active,2025-10-02
S01974,C01799,annual,2025-06-18,17,active,2025-06-18
S01975,C01799,annual,2026-06-28,5,active,2026-06-28
S01976,C01800,annual,2026-04-28,7,active,2026-04-28
S01977,C01801,annual,2024-12-13,12,active,2024-12-13
S01978,C01802,monthly,2025-06-06,17,active,2025-06-06
S01979,C01803,annual,2025-11-03,15,active,2025-11-03
S01980,C01804,annual,2024-08-31,0,cancelled,2024-12-09
S01981,C01805,annual,2025-02-26,7,active,2025-02-26
S01982,C01806,monthly,2025-01-10,5,active,2025-01-10
S01983,C01807,annual,2025-08-11,11,active,2025-08-11
S01984,C01808,monthly,2025-03-26,24,active,2025-03-26
S01985,C01809,monthly,2024-11-08,0,cancelled,2026-06-23
S01986,C01810,annual,2026-02-14,19,active,2026-02-14
S01987,C01811,annual,2024-12-17,0,cancelled,2025-09-22
S01988,C01812,annual,2024-11-16,2,active,2024-11-16
S01989,C01813,annual,2025-04-05,7,active,2025-04-05
S01990,C01814,annual,2024-12-16,0,cancelled,2025-05-16
S01991,C01815,annual,2026-06-17,7,active,2026-06-17
S01992,C01816,annual,2026-01-27,2,active,2026-01-27
S01993,C01817,annual,2025-04-05,0,cancelled,2026-02-17
S01994,C01818,monthly,2024-12-11,25,active,2024-12-11
S01995,C01819,annual,2025-12-14,11,active,2025-12-14
S01996,C01820,monthly,2025-11-05,8,active,2025-11-05
S01997,C01821,annual,2025-08-04,2,active,2025-08-04
S01998,C01822,monthly,2025-04-30,5,active,2025-04-30
S01999,C01823,monthly,2024-12-25,17,active,2024-12-25
S02000,C01824,annual,2026-04-12,5,active,2026-04-12
S02001,C01825,annual,2025-08-07,56,active,2025-08-07
S02002,C01826,annual,2026-05-09,0,cancelled,2026-06-22
S02003,C01827,annual,2024-12-12,3,active,2024-12-12
S02004,C01828,annual,2024-11-02,181,active,2024-11-02
S02005,C01829,annual,2026-01-28,8,active,2026-01-28
S02006,C01830,monthly,2024-11-12,6,active,2024-11-12
S02007,C01831,monthly,2026-04-18,1,active,2026-04-18
S02008,C01832,monthly,2024-09-27,2,active,2024-09-27
S02009,C01833,monthly,2024-09-07,23,active,2024-09-07
S02010,C01834,monthly,2026-03-02,11,active,2026-03-02
S02011,C01835,annual,2026-02-03,1,active,2026-02-03
S02012,C01836,monthly,2025-02-05,3,active,2025-02-05
S02013,C01837,monthly,2025-08-22,0,cancelled,2026-02-28
S02014,C01838,annual,2025-04-21,7,active,2025-04-21
S02015,C01839,annual,2024-08-24,7,active,2024-08-24
S02016,C01840,annual,2024-07-02,14,active,2024-07-02
S02017,C01841,monthly,2025-02-20,20,active,2025-02-20
S02018,C01842,annual,2024-10-07,7,active,2024-10-07
S02019,C01843,monthly,2026-05-17,3,active,2026-05-17
S02020,C01844,monthly,2024-09-23,18,active,2024-09-23
S02021,C01845,annual,2025-03-19,11,active,2025-03-19
S02022,C01846,annual,2026-06-01,31,active,2026-06-01
S02023,C01847,annual,2024-10-10,3,active,2024-10-10
S02024,C01848,monthly,2025-01-11,74,active,2025-01-11
S02025,C01849,annual,2026-01-17,19,active,2026-01-17
S02026,C01850,annual,2024-10-12,0,cancelled,2025-12-26
S02027,C01851,annual,2024-10-30,6,active,2024-10-30
S02028,C01851,annual,2024-12-29,6,active,2024-12-29
S02029,C01852,annual,2025-09-03,13,active,2025-09-03
S02030,C01853,annual,2024-12-27,26,active,2024-12-27
S02031,C01854,annual,2025-11-27,19,active,2025-11-27
S02032,C01854,monthly,2026-02-12,5,active,2026-02-12
S02033,C01855,annual,2025-04-16,7,active,2025-04-16
S02034,C01856,annual,2025-04-19,12,active,2025-04-19
S02035,C01857,monthly,2024-09-10,1,active,2024-09-10
S02036,C01858,monthly,2025-12-14,4,active,2025-12-14
S02037,C01859,monthly,2025-04-24,0,cancelled,2026-04-14
S02038,C01860,monthly,2025-09-14,2,active,2025-09-14
S02039,C01861,monthly,2025-06-18,0,cancelled,2025-12-21
S02040,C01861,annual,2026-06-30,65,active,2026-06-30
S02041,C01862,monthly,2024-12-09,8,active,2024-12-09
S02042,C01862,annual,2026-02-23,19,active,2026-02-23
S02043,C01863,monthly,2026-05-10,6,active,2026-05-10
S02044,C01864,monthly,2025-06-12,0,cancelled,2025-06-26
S02045,C01865,annual,2025-10-26,47,active,2025-10-26
S02046,C01865,annual,2026-05-05,143,active,2026-05-05
S02047,C01866,monthly,2025-02-04,0,cancelled,2025-07-24
S02048,C01867,monthly,2024-10-23,8,active,2024-10-23
S02049,C01867,annual,2026-03-09,2,active,2026-03-09
S02050,C01868,annual,2024-10-13,3,active,2024-10-13
S02051,C01869,annual,2026-05-12,6,active,2026-05-12
S02052,C01870,annual,2026-04-27,0,cancelled,2026-06-14
S02053,C01870,annual,2026-06-15,7,active,2026-06-15
S02054,C01871,annual,2025-02-23,13,active,2025-02-23
S02055,C01872,monthly,2025-07-06,26,active,2025-07-06
S02056,C01873,monthly,2026-06-24,12,active,2026-06-24
S02057,C01874,annual,2025-07-31,6,active,2025-07-31
S02058,C01875,annual,2024-10-20,12,active,2024-10-20
S02059,C01876,annual,2024-11-30,3,active,2024-11-30
S02060,C01877,monthly,2024-12-14,31,active,2024-12-14
S02061,C01878,annual,2026-04-23,3,active,2026-04-23
S02062,C01878,annual,2026-06-30,2,active,2026-06-30
S02063,C01879,monthly,2026-06-01,11,active,2026-06-01
S02064,C01880,monthly,2024-08-13,36,active,2024-08-13
S02065,C01881,monthly,2024-12-07,3,active,2024-12-07
S02066,C01882,monthly,2026-04-18,12,active,2026-04-18
S02067,C01883,monthly,2026-01-25,0,cancelled,2026-01-31
S02068,C01884,annual,2025-04-02,2,active,2025-04-02
S02069,C01885,annual,2025-03-26,3,active,2025-03-26
S02070,C01886,monthly,2025-05-28,8,active,2025-05-28
S02071,C01887,annual,2026-01-12,9,active,2026-01-12
S02072,C01888,monthly,2025-02-15,0,cancelled,2025-08-22
S02073,C01889,monthly,2025-08-02,3,active,2025-08-02
S02074,C01890,annual,2025-12-03,7,active,2025-12-03
S02075,C01891,annual,2024-07-16,15,active,2024-07-16
S02076,C01892,monthly,2025-08-28,12,active,2025-08-28
S02077,C01893,annual,2024-11-06,10,active,2024-11-06
S02078,C01894,annual,2026-03-06,124,active,2026-03-06
S02079,C01895,annual,2026-04-06,39,active,2026-04-06
S02080,C01896,annual,2025-03-01,14,active,2025-03-01
S02081,C01897,annual,2025-02-12,1,active,2025-02-12
S02082,C01898,monthly,2025-01-05,7,active,2025-01-05
S02083,C01899,annual,2024-09-18,538,active,2024-09-18
S02084,C01900,annual,2025-11-13,8,active,2025-11-13
S02085,C01901,monthly,2026-05-07,17,active,2026-05-07
S02086,C01902,annual,2025-03-07,14,active,2025-03-07
S02087,C01903,annual,2026-01-08,3,active,2026-01-08
S02088,C01904,annual,2025-03-19,5,active,2025-03-19
S02089,C01905,annual,2024-11-01,0,cancelled,2026-01-10
S02090,C01906,annual,2024-09-22,9,active,2024-09-22
S02091,C01907,annual,2025-07-03,8,active,2025-07-03
S02092,C01908,monthly,2025-12-07,8,active,2025-12-07
S02093,C01909,annual,2025-12-07,15,active,2025-12-07
S02094,C01910,annual,2025-09-22,40,active,2025-09-22
S02095,C01911,annual,2025-06-03,6,active,2025-06-03
S02096,C01912,monthly,2025-05-25,7,active,2025-05-25
S02097,C01913,monthly,2025-10-14,5,active,2025-10-14
S02098,C01914,annual,2025-01-11,11,active,2025-01-11
S02099,C01915,annual,2026-04-25,143,active,2026-04-25
S02100,C01916,annual,2025-07-07,7,active,2025-07-07
S02101,C01917,annual,2026-03-19,1,active,2026-03-19
S02102,C01917,monthly,2026-06-18,23,active,2026-06-18
S02103,C01918,annual,2025-02-06,18,active,2025-02-06
S02104,C01919,monthly,2024-12-31,23,active,2024-12-31
S02105,C01920,annual,2024-12-13,13,active,2024-12-13
S02106,C01921,annual,2025-10-07,4,active,2025-10-07
S02107,C01922,annual,2025-05-28,0,cancelled,2025-12-04
S02108,C01923,monthly,2026-02-04,4,active,2026-02-04
S02109,C01923,annual,2026-04-30,4,active,2026-04-30
S02110,C01924,monthly,2026-05-09,14,active,2026-05-09
S02111,C01925,annual,2024-07-01,20,active,2024-07-01
S02112,C01926,annual,2024-10-23,28,active,2024-10-23
S02113,C01927,annual,2025-08-24,6,active,2025-08-24
S02114,C01928,annual,2024-11-19,7,active,2024-11-19
S02115,C01928,annual,2025-07-08,3,active,2025-07-08
S02116,C01929,monthly,2024-11-25,28,active,2024-11-25
S02117,C01930,annual,2024-10-24,9,active,2024-10-24
S02118,C01930,annual,2026-06-16,9,active,2026-06-16
S02119,C01931,annual,2025-08-03,16,active,2025-08-03
S02120,C01932,annual,2025-02-02,5,active,2025-02-02
S02121,C01933,annual,2024-07-09,25,active,2024-07-09
S02122,C01934,annual,2025-10-01,4,active,2025-10-01
S02123,C01935,monthly,2026-04-25,25,active,2026-04-25
S02124,C01936,monthly,2025-05-01,42,active,2025-05-01
S02125,C01937,monthly,2025-09-13,9,active,2025-09-13
S02126,C01938,monthly,2026-02-07,3,active,2026-02-07
S02127,C01939,annual,2026-05-05,62,active,2026-05-05
S02128,C01940,annual,2025-06-09,10,active,2025-06-09
S02129,C01941,monthly,2024-12-09,10,active,2024-12-09
S02130,C01942,annual,2024-09-22,18,active,2024-09-22
S02131,C01943,annual,2025-06-10,0,cancelled,2025-08-30
S02132,C01944,annual,2024-07-18,8,active,2024-07-18
S02133,C01945,monthly,2026-02-21,6,active,2026-02-21
S02134,C01946,annual,2024-10-13,24,active,2024-10-13
S02135,C01947,monthly,2025-02-09,3,active,2025-02-09
S02136,C01948,annual,2025-09-05,9,active,2025-09-05
S02137,C01949,annual,2025-07-24,10,active,2025-07-24
S02138,C01950,annual,2026-02-28,5,active,2026-02-28
S02139,C01951,annual,2026-03-13,12,active,2026-03-13
S02140,C01952,annual,2025-07-07,86,active,2025-07-07
S02141,C01953,monthly,2024-09-07,7,active,2024-09-07
S02142,C01954,annual,2025-08-08,329,active,2025-08-08
S02143,C01954,annual,2025-09-26,138,active,2025-09-26
S02144,C01955,monthly,2025-01-13,13,active,2025-01-13
S02145,C01956,monthly,2025-01-28,19,active,2025-01-28
S02146,C01957,monthly,2026-04-06,15,active,2026-04-06
S02147,C01958,annual,2025-03-31,7,active,2025-03-31
S02148,C01959,annual,2025-12-21,17,active,2025-12-21
S02149,C01960,annual,2026-01-22,20,active,2026-01-22
S02150,C01961,annual,2026-03-15,0,cancelled,2026-04-25
S02151,C01962,annual,2024-09-27,0,cancelled,2026-06-28
S02152,C01963,monthly,2026-01-31,0,cancelled,2026-03-06
S02153,C01964,annual,2025-05-23,24,active,2025-05-23
S02154,C01965,monthly,2026-03-05,24,active,2026-03-05
S02155,C01966,monthly,2025-04-29,14,active,2025-04-29
S02156,C01967,annual,2025-04-12,16,active,2025-04-12
S02157,C01968,annual,2026-02-22,8,active,2026-02-22
S02158,C01969,monthly,2025-12-03,3,active,2025-12-03
S02159,C01969,monthly,2026-03-22,17,active,2026-03-22
S02160,C01970,annual,2025-08-14,2,active,2025-08-14
S02161,C01971,annual,2024-10-06,8,active,2024-10-06
S02162,C01972,annual,2025-04-06,11,active,2025-04-06
S02163,C01973,monthly,2024-09-13,7,active,2024-09-13
S02164,C01974,annual,2025-06-07,0,cancelled,2025-11-20
S02165,C01975,annual,2025-06-26,6,active,2025-06-26
S02166,C01976,annual,2026-01-10,7,active,2026-01-10
S02167,C01977,monthly,2025-12-06,1,active,2025-12-06
S02168,C01978,annual,2026-05-08,3,active,2026-05-08
S02169,C01979,annual,2025-07-17,4,active,2025-07-17
S02170,C01980,annual,2025-04-22,5,active,2025-04-22
S02171,C01981,annual,2025-05-20,58,active,2025-05-20
S02172,C01982,monthly,2025-12-14,8,active,2025-12-14
S02173,C01983,annual,2024-11-14,1,active,2024-11-14
S02174,C01984,annual,2025-01-22,2,active,2025-01-22
S02175,C01985,monthly,2025-04-01,12,active,2025-04-01
S02176,C01985,annual,2026-05-05,15,active,2026-05-05
S02177,C01986,annual,2025-06-02,8,active,2025-06-02
S02178,C01987,annual,2025-10-05,1,active,2025-10-05
S02179,C01988,monthly,2025-06-17,4,active,2025-06-17
S02180,C01988,monthly,2025-09-05,6,active,2025-09-05
S02181,C01989,annual,2024-07-17,6,active,2024-07-17
S02182,C01990,monthly,2024-11-28,2,active,2024-11-28
S02183,C01990,monthly,2025-03-31,11,active,2025-03-31
S02184,C01991,annual,2024-10-22,0,cancelled,2025-03-04
S02185,C01992,annual,2025-12-10,5,active,2025-12-10
S02186,C01993,monthly,2024-09-22,3,active,2024-09-22
S02187,C01994,annual,2025-10-29,2,active,2025-10-29
S02188,C01995,monthly,2025-06-26,2,active,2025-06-26
S02189,C01996,annual,2025-10-14,9,active,2025-10-14
S02190,C01997,annual,2025-04-06,419,active,2025-04-06
S02191,C01998,monthly,2025-08-20,7,active,2025-08-20
S02192,C01999,annual,2026-03-05,6,active,2026-03-05
S02193,C02000,monthly,2025-02-01,25,active,2025-02-01
S02194,C02001,annual,2025-03-25,6,active,2025-03-25
S02195,C02002,monthly,2025-11-12,10,active,2025-11-12
S02196,C02003,annual,2025-05-25,313,active,2025-05-25
S02197,C02004,annual,2026-03-12,5,active,2026-03-12
S02198,C02005,annual,2024-07-09,7,active,2024-07-09
S02199,C02006,monthly,2024-09-28,2,active,2024-09-28
S02200,C02007,annual,2025-02-18,34,active,2025-02-18
S02201,C02008,monthly,2025-03-03,30,active,2025-03-03
S02202,C02009,monthly,2026-04-14,5,active,2026-04-14
S02203,C02010,monthly,2024-11-02,12,active,2024-11-02
S02204,C02011,monthly,2025-08-01,2,active,2025-08-01
S02205,C02012,monthly,2026-03-16,11,active,2026-03-16
S02206,C02013,annual,2024-12-28,17,active,2024-12-28
S02207,C02014,monthly,2026-04-15,5,active,2026-04-15
S02208,C02015,monthly,2025-04-26,38,active,2025-04-26
S02209,C02016,monthly,2024-10-06,6,active,2024-10-06
S02210,C02017,annual,2025-10-30,24,active,2025-10-30
S02211,C02017,annual,2025-12-31,42,active,2025-12-31
S02212,C02018,annual,2026-05-01,31,active,2026-05-01
S02213,C02018,annual,2026-06-20,8,active,2026-06-20
S02214,C02019,annual,2025-06-27,258,active,2025-06-27
S02215,C02020,annual,2025-02-01,26,active,2025-02-01
S02216,C02021,annual,2025-06-23,12,active,2025-06-23
S02217,C02022,monthly,2025-03-09,289,active,2025-03-09
S02218,C02023,annual,2024-12-05,5,active,2024-12-05
S02219,C02023,annual,2025-12-06,11,active,2025-12-06
S02220,C02024,annual,2025-02-03,6,active,2025-02-03
S02221,C02024,annual,2026-04-16,4,active,2026-04-16
S02222,C02025,annual,2025-02-13,6,active,2025-02-13
S02223,C02026,annual,2025-03-31,6,active,2025-03-31
S02224,C02027,annual,2025-02-24,6,active,2025-02-24
S02225,C02028,monthly,2026-03-24,5,active,2026-03-24
S02226,C02029,monthly,2024-07-11,9,active,2024-07-11
S02227,C02030,annual,2025-10-19,22,active,2025-10-19
S02228,C02031,annual,2025-03-18,1,active,2025-03-18
S02229,C02032,annual,2025-08-28,5,active,2025-08-28
S02230,C02033,monthly,2026-04-22,12,active,2026-04-22
S02231,C02034,annual,2025-01-22,9,active,2025-01-22
S02232,C02035,monthly,2026-03-08,0,cancelled,2026-05-31
S02233,C02035,annual,2026-04-09,13,active,2026-04-09
S02234,C02036,annual,2025-03-15,22,active,2025-03-15
S02235,C02037,annual,2024-11-29,2,active,2024-11-29
S02236,C02038,annual,2025-06-02,7,active,2025-06-02
S02237,C02039,annual,2024-09-30,0,cancelled,2025-04-16
S02238,C02040,monthly,2026-02-21,33,active,2026-02-21
S02239,C02041,annual,2026-06-29,15,active,2026-06-29
S02240,C02042,annual,2025-05-08,33,active,2025-05-08
S02241,C02043,monthly,2026-03-27,10,active,2026-03-27
S02242,C02044,annual,2026-03-24,64,active,2026-03-24
S02243,C02045,monthly,2025-01-10,0,cancelled,2025-09-20
S02244,C02046,annual,2024-09-29,0,cancelled,2024-11-29
S02245,C02047,monthly,2024-08-28,5,active,2024-08-28
S02246,C02048,monthly,2026-02-24,12,active,2026-02-24
S02247,C02049,annual,2025-02-01,9,active,2025-02-01
S02248,C02050,annual,2025-10-27,4,active,2025-10-27
S02249,C02051,annual,2025-07-31,417,active,2025-07-31
S02250,C02052,monthly,2025-09-27,0,cancelled,2025-09-28
S02251,C02053,monthly,2025-10-25,0,cancelled,2026-03-29
S02252,C02054,monthly,2026-05-29,18,active,2026-05-29
S02253,C02055,annual,2025-07-29,2,active,2025-07-29
S02254,C02056,monthly,2025-08-26,12,active,2025-08-26
S02255,C02057,annual,2024-08-23,10,active,2024-08-23
S02256,C02058,monthly,2025-03-27,1,active,2025-03-27
S02257,C02059,monthly,2026-06-06,6,active,2026-06-06
S02258,C02060,annual,2025-05-22,9,active,2025-05-22
S02259,C02061,annual,2025-10-25,3,active,2025-10-25
S02260,C02062,annual,2025-07-01,9,active,2025-07-01
S02261,C02063,monthly,2025-12-14,1,active,2025-12-14
S02262,C02064,annual,2026-03-20,13,active,2026-03-20
S02263,C02065,annual,2025-05-08,2,active,2025-05-08
S02264,C02066,monthly,2026-02-20,20,active,2026-02-20
S02265,C02066,annual,2026-06-01,5,active,2026-06-01
S02266,C02067,annual,2025-04-04,5,active,2025-04-04
S02267,C02068,monthly,2024-09-27,3,active,2024-09-27
S02268,C02069,annual,2026-05-18,18,active,2026-05-18
S02269,C02070,annual,2026-01-14,13,active,2026-01-14
S02270,C02071,annual,2025-03-13,0,cancelled,2025-09-05
S02271,C02072,annual,2025-04-04,6,active,2025-04-04
S02272,C02073,monthly,2025-08-26,0,cancelled,2026-04-07
S02273,C02073,annual,2025-12-06,12,active,2025-12-06
S02274,C02074,monthly,2025-02-18,9,active,2025-02-18
S02275,C02075,monthly,2024-07-13,20,active,2024-07-13
S02276,C02076,annual,2024-08-24,0,cancelled,2025-01-03
S02277,C02077,annual,2026-06-24,22,active,2026-06-24
S02278,C02078,annual,2025-03-04,4,active,2025-03-04
S02279,C02079,annual,2025-09-14,19,active,2025-09-14
S02280,C02080,annual,2025-05-17,0,cancelled,2025-09-01
S02281,C02080,annual,2026-01-22,18,active,2026-01-22
S02282,C02081,annual,2026-03-09,16,active,2026-03-09
S02283,C02082,monthly,2024-08-24,7,active,2024-08-24
S02284,C02083,annual,2024-09-23,41,active,2024-09-23
S02285,C02084,monthly,2024-10-26,24,active,2024-10-26
S02286,C02085,monthly,2026-06-04,2,active,2026-06-04
S02287,C02086,annual,2025-10-29,2,active,2025-10-29
S02288,C02087,annual,2024-08-05,7,active,2024-08-05
S02289,C02088,annual,2025-04-11,1,active,2025-04-11
S02290,C02089,annual,2025-11-13,12,active,2025-11-13
S02291,C02090,monthly,2026-01-04,5,active,2026-01-04
S02292,C02091,annual,2025-04-07,80,active,2025-04-07
S02293,C02091,annual,2026-01-18,96,active,2026-01-18
S02294,C02092,monthly,2026-01-23,22,active,2026-01-23
S02295,C02092,annual,2026-05-06,18,active,2026-05-06
S02296,C02093,annual,2026-02-23,1,active,2026-02-23
S02297,C02094,annual,2025-10-20,3,active,2025-10-20
S02298,C02095,annual,2025-08-21,8,active,2025-08-21
S02299,C02096,monthly,2025-04-04,8,active,2025-04-04
S02300,C02097,annual,2025-01-15,41,active,2025-01-15
S02301,C02098,annual,2026-06-13,7,active,2026-06-13
S02302,C02099,monthly,2026-05-16,5,active,2026-05-16
S02303,C02100,annual,2026-03-14,4,active,2026-03-14
S02304,C02100,annual,2026-04-13,26,active,2026-04-13
S02305,C02101,annual,2025-10-14,0,cancelled,2026-06-07
S02306,C02102,monthly,2025-07-29,11,active,2025-07-29
S02307,C02103,monthly,2025-04-14,0,cancelled,2026-02-24
S02308,C02104,annual,2026-04-21,20,active,2026-04-21
S02309,C02104,annual,2026-06-22,13,active,2026-06-22
S02310,C02105,annual,2024-09-28,8,active,2024-09-28
S02311,C02105,annual,2026-02-07,27,active,2026-02-07
S02312,C02106,annual,2026-03-30,6,active,2026-03-30
S02313,C02107,monthly,2024-11-19,8,active,2024-11-19
S02314,C02108,monthly,2026-01-06,0,cancelled,2026-01-08
S02315,C02109,annual,2024-07-03,8,active,2024-07-03
S02316,C02110,annual,2025-03-08,9,active,2025-03-08
S02317,C02111,annual,2026-05-28,8,active,2026-05-28
S02318,C02111,annual,2026-06-30,7,active,2026-06-30
S02319,C02112,monthly,2026-06-18,3,active,2026-06-18
S02320,C02113,annual,2024-11-14,6,active,2024-11-14
S02321,C02114,monthly,2024-12-26,51,active,2024-12-26
S02322,C02115,monthly,2025-07-04,0,cancelled,2025-09-09
S02323,C02115,monthly,2025-11-28,0,cancelled,2026-06-23
S02324,C02116,annual,2025-09-10,9,active,2025-09-10
S02325,C02117,monthly,2026-02-10,26,active,2026-02-10
S02326,C02118,monthly,2026-01-22,17,active,2026-01-22
S02327,C02119,monthly,2025-06-24,3,active,2025-06-24
S02328,C02120,annual,2025-09-14,2,active,2025-09-14
S02329,C02121,annual,2025-04-23,3,active,2025-04-23
S02330,C02122,annual,2025-03-28,1,active,2025-03-28
S02331,C02123,annual,2025-11-30,67,active,2025-11-30
S02332,C02124,annual,2025-01-11,13,active,2025-01-11
S02333,C02125,monthly,2026-01-02,7,active,2026-01-02
S02334,C02126,annual,2025-06-06,4,active,2025-06-06
S02335,C02127,annual,2026-04-05,14,active,2026-04-05
S02336,C02128,monthly,2026-03-11,1,active,2026-03-11
S02337,C02129,annual,2025-12-09,3,active,2025-12-09
S02338,C02130,annual,2025-08-14,7,active,2025-08-14
S02339,C02131,annual,2025-02-12,12,active,2025-02-12
S02340,C02132,annual,2026-03-03,6,active,2026-03-03
S02341,C02133,monthly,2025-03-21,8,active,2025-03-21
S02342,C02134,monthly,2026-02-20,12,active,2026-02-20
S02343,C02135,monthly,2024-09-15,35,active,2024-09-15
S02344,C02136,monthly,2024-08-23,0,cancelled,2026-03-27
S02345,C02137,annual,2025-02-25,9,active,2025-02-25
S02346,C02138,annual,2026-01-20,2,active,2026-01-20
S02347,C02139,monthly,2025-10-14,6,active,2025-10-14
S02348,C02140,monthly,2024-08-21,7,active,2024-08-21
S02349,C02141,annual,2025-10-17,135,active,2025-10-17
S02350,C02142,annual,2025-09-18,0,cancelled,2025-11-16
S02351,C02143,monthly,2024-07-27,18,active,2024-07-27
S02352,C02144,annual,2024-07-06,0,cancelled,2024-12-19
S02353,C02145,annual,2025-04-10,0,cancelled,2026-02-19
S02354,C02146,monthly,2025-07-05,0,cancelled,2025-07-13
S02355,C02147,annual,2025-04-11,7,active,2025-04-11
S02356,C02148,annual,2025-04-03,14,active,2025-04-03
S02357,C02149,monthly,2025-06-15,11,active,2025-06-15
S02358,C02150,annual,2025-12-05,6,active,2025-12-05
S02359,C02151,annual,2024-11-08,38,active,2024-11-08
S02360,C02152,monthly,2024-11-04,1,active,2024-11-04
S02361,C02153,annual,2025-07-14,1,active,2025-07-14
S02362,C02154,monthly,2025-04-17,1017,active,2025-04-17
S02363,C02155,monthly,2025-02-19,10,active,2025-02-19
S02364,C02156,monthly,2026-06-10,7,active,2026-06-10
S02365,C02157,annual,2026-04-01,6,active,2026-04-01
S02366,C02158,annual,2025-01-14,0,cancelled,2025-01-24
S02367,C02159,monthly,2024-11-01,0,cancelled,2025-10-19
S02368,C02160,monthly,2026-01-28,177,active,2026-01-28
S02369,C02161,annual,2024-08-26,17,active,2024-08-26
S02370,C02162,annual,2024-09-22,6,active,2024-09-22
S02371,C02163,monthly,2025-09-04,24,active,2025-09-04
S02372,C02164,annual,2024-12-19,13,active,2024-12-19
S02373,C02165,annual,2025-11-07,53,active,2025-11-07
S02374,C02166,monthly,2026-06-09,3,active,2026-06-09
S02375,C02167,annual,2025-02-26,1,active,2025-02-26
S02376,C02168,annual,2024-09-01,4,active,2024-09-01
S02377,C02169,monthly,2024-07-30,1,active,2024-07-30
S02378,C02170,monthly,2025-09-11,3,active,2025-09-11
S02379,C02171,monthly,2024-12-05,0,cancelled,2024-12-25
S02380,C02172,annual,2025-05-31,2,active,2025-05-31
S02381,C02173,annual,2024-10-13,0,cancelled,2025-10-22
S02382,C02174,annual,2026-04-07,26,active,2026-04-07
S02383,C02175,annual,2025-05-22,3,active,2025-05-22
S02384,C02176,monthly,2025-05-21,30,active,2025-05-21
S02385,C02177,monthly,2024-09-24,0,cancelled,2025-10-28
S02386,C02178,annual,2024-12-28,1,active,2024-12-28
S02387,C02179,annual,2024-09-01,0,cancelled,2024-12-03
S02388,C02180,monthly,2025-09-07,0,cancelled,2025-12-09
S02389,C02181,annual,2024-08-22,8,active,2024-08-22
S02390,C02181,annual,2026-05-06,4,active,2026-05-06
S02391,C02182,annual,2025-07-02,2,active,2025-07-02
S02392,C02182,annual,2026-04-10,8,active,2026-04-10
S02393,C02183,monthly,2024-09-13,1970,active,2024-09-13
S02394,C02184,annual,2025-05-16,0,cancelled,2025-12-19
S02395,C02185,monthly,2026-06-21,6,active,2026-06-21
S02396,C02186,annual,2025-11-21,7,active,2025-11-21
S02397,C02187,annual,2025-03-22,17,active,2025-03-22
S02398,C02188,annual,2026-04-27,32,active,2026-04-27
S02399,C02189,annual,2024-12-19,0,cancelled,2025-11-01
S02400,C02190,monthly,2025-05-17,9,active,2025-05-17
S02401,C02191,monthly,2025-09-13,1,active,2025-09-13
S02402,C02192,annual,2025-11-21,0,cancelled,2026-01-16
S02403,C02193,annual,2026-03-03,5,active,2026-03-03
S02404,C02194,annual,2025-10-23,21,active,2025-10-23
S02405,C02195,monthly,2025-01-01,3,active,2025-01-01
S02406,C02196,annual,2025-06-18,0,cancelled,2025-07-10
S02407,C02197,monthly,2026-01-21,8,active,2026-01-21
S02408,C02197,annual,2026-03-30,26,active,2026-03-30
S02409,C02198,monthly,2024-10-26,0,cancelled,2025-11-03
S02410,C02199,annual,2025-08-24,4,active,2025-08-24
S02411,C02200,monthly,2024-11-21,6,active,2024-11-21
S02412,C02201,annual,2024-11-09,3,active,2024-11-09
S02413,C02202,annual,2024-11-07,9,active,2024-11-07
S02414,C02203,annual,2025-02-28,14,active,2025-02-28
S02415,C02203,monthly,2026-06-01,34,active,2026-06-01
S02416,C02204,monthly,2024-10-07,10,active,2024-10-07
S02417,C02205,annual,2026-02-13,1,active,2026-02-13
S02418,C02205,annual,2026-05-21,13,active,2026-05-21
S02419,C02206,annual,2026-04-21,6,active,2026-04-21
S02420,C02207,monthly,2025-05-02,13,active,2025-05-02
S02421,C02208,annual,2026-02-10,11,active,2026-02-10
S02422,C02209,monthly,2025-08-24,20,active,2025-08-24
S02423,C02210,annual,2025-06-19,168,active,2025-06-19
S02424,C02211,monthly,2025-03-06,3,active,2025-03-06
S02425,C02212,annual,2026-03-19,64,active,2026-03-19
S02426,C02213,annual,2025-02-27,10,active,2025-02-27
S02427,C02214,annual,2024-12-20,0,cancelled,2025-09-27
S02428,C02215,annual,2025-09-01,2,active,2025-09-01
S02429,C02216,annual,2025-09-22,6,active,2025-09-22
S02430,C02216,annual,2026-01-18,4,active,2026-01-18
S02431,C02217,monthly,2026-01-19,4,active,2026-01-19
S02432,C02218,monthly,2025-10-13,31,active,2025-10-13
S02433,C02219,monthly,2026-03-25,2,active,2026-03-25
S02434,C02220,annual,2026-02-08,7,active,2026-02-08
S02435,C02221,annual,2025-09-08,25,active,2025-09-08
S02436,C02222,annual,2025-09-14,81,active,2025-09-14
S02437,C02223,annual,2025-11-08,71,active,2025-11-08
S02438,C02224,annual,2026-04-21,6,active,2026-04-21
S02439,C02225,annual,2025-12-11,2,active,2025-12-11
S02440,C02226,monthly,2025-02-18,0,cancelled,2025-05-18
S02441,C02227,monthly,2025-09-24,3,active,2025-09-24
S02442,C02228,annual,2025-09-23,15,active,2025-09-23
S02443,C02229,monthly,2024-11-07,1,active,2024-11-07
S02444,C02229,annual,2025-11-26,6,active,2025-11-26
S02445,C02230,monthly,2025-04-25,77,active,2025-04-25
S02446,C02231,annual,2025-12-07,9,active,2025-12-07
S02447,C02232,monthly,2025-11-26,20,active,2025-11-26
S02448,C02232,monthly,2026-01-17,4,active,2026-01-17
S02449,C02233,annual,2025-07-28,183,active,2025-07-28
S02450,C02234,annual,2025-10-26,13,active,2025-10-26
S02451,C02235,monthly,2026-06-28,3,active,2026-06-28
S02452,C02236,annual,2026-06-25,8,active,2026-06-25
S02453,C02237,monthly,2024-11-15,5,active,2024-11-15
S02454,C02237,monthly,2025-10-18,56,active,2025-10-18
S02455,C02238,annual,2024-11-23,3,active,2024-11-23
S02456,C02239,annual,2026-01-25,9,active,2026-01-25
S02457,C02240,monthly,2024-09-22,4,active,2024-09-22
S02458,C02241,monthly,2024-09-15,2,active,2024-09-15
S02459,C02242,monthly,2026-02-05,44,active,2026-02-05
S02460,C02243,annual,2026-02-01,15,active,2026-02-01
S02461,C02244,annual,2026-03-25,12,active,2026-03-25
S02462,C02245,monthly,2026-03-16,7,active,2026-03-16
S02463,C02246,annual,2024-09-27,11,active,2024-09-27
S02464,C02247,annual,2025-09-02,3,active,2025-09-02
S02465,C02248,annual,2026-01-15,2,active,2026-01-15
S02466,C02249,annual,2024-10-25,2,active,2024-10-25
S02467,C02250,annual,2025-05-02,4,active,2025-05-02
S02468,C02251,annual,2025-04-30,8,active,2025-04-30
S02469,C02252,annual,2024-07-04,0,cancelled,2024-07-26
S02470,C02253,annual,2025-01-05,7,active,2025-01-05
S02471,C02254,monthly,2026-06-08,5,active,2026-06-08
S02472,C02255,annual,2025-08-26,80,active,2025-08-26
S02473,C02256,annual,2025-11-05,36,active,2025-11-05
S02474,C02257,monthly,2026-03-04,8,active,2026-03-04
S02475,C02258,annual,2025-01-05,0,cancelled,2025-03-31
S02476,C02259,annual,2025-03-01,6,active,2025-03-01
S02477,C02260,monthly,2025-09-11,219,active,2025-09-11
S02478,C02261,annual,2025-10-18,6,active,2025-10-18
S02479,C02262,annual,2025-12-28,20,active,2025-12-28
S02480,C02263,monthly,2026-01-04,7,active,2026-01-04
S02481,C02264,monthly,2024-10-11,0,cancelled,2026-01-20
S02482,C02265,annual,2025-06-06,0,cancelled,2025-10-16
S02483,C02266,annual,2024-07-18,22,active,2024-07-18
S02484,C02267,annual,2025-10-12,6,active,2025-10-12
S02485,C02268,monthly,2025-06-20,11,active,2025-06-20
S02486,C02269,annual,2025-08-16,2,active,2025-08-16
S02487,C02270,annual,2025-08-06,8,active,2025-08-06
S02488,C02271,annual,2025-01-12,5,active,2025-01-12
S02489,C02271,annual,2026-01-07,3,active,2026-01-07
S02490,C02272,annual,2025-07-11,7,active,2025-07-11
S02491,C02273,annual,2024-09-12,5,active,2024-09-12
S02492,C02274,monthly,2024-10-10,3,active,2024-10-10
S02493,C02275,monthly,2025-06-07,2,active,2025-06-07
S02494,C02276,annual,2025-01-18,2,active,2025-01-18
S02495,C02277,annual,2026-01-29,4,active,2026-01-29
S02496,C02278,annual,2025-11-21,22,active,2025-11-21
S02497,C02278,annual,2026-04-07,3,active,2026-04-07
S02498,C02279,monthly,2024-12-18,12,active,2024-12-18
S02499,C02280,monthly,2026-03-15,2,active,2026-03-15
S02500,C02281,annual,2026-06-13,3,active,2026-06-13
S02501,C02282,annual,2026-06-16,5,active,2026-06-16
S02502,C02283,monthly,2024-12-12,281,active,2024-12-12
S02503,C02283,annual,2025-04-13,171,active,2025-04-13
S02504,C02284,annual,2024-09-25,24,active,2024-09-25
S02505,C02285,annual,2025-10-20,203,active,2025-10-20
S02506,C02286,monthly,2026-02-24,4,active,2026-02-24
S02507,C02287,annual,2026-03-01,2,active,2026-03-01
S02508,C02288,monthly,2024-11-08,705,active,2024-11-08
S02509,C02289,monthly,2025-10-01,16,active,2025-10-01
S02510,C02290,annual,2025-04-30,0,cancelled,2026-04-28
S02511,C02291,monthly,2025-07-02,3,active,2025-07-02
S02512,C02292,annual,2024-12-20,2,active,2024-12-20
S02513,C02293,annual,2024-10-18,5,active,2024-10-18
S02514,C02294,annual,2025-08-29,19,active,2025-08-29
S02515,C02295,monthly,2024-11-23,5,active,2024-11-23
S02516,C02296,annual,2025-08-23,9,active,2025-08-23
S02517,C02297,monthly,2024-07-10,5,active,2024-07-10
S02518,C02298,annual,2024-12-03,15,active,2024-12-03
S02519,C02298,annual,2025-12-20,34,active,2025-12-20
S02520,C02299,annual,2024-08-26,20,active,2024-08-26
S02521,C02300,annual,2025-09-19,14,active,2025-09-19
S02522,C02300,annual,2026-01-13,3,active,2026-01-13
S02523,C02301,monthly,2025-11-11,26,active,2025-11-11
S02524,C02302,monthly,2026-03-07,4,active,2026-03-07
S02525,C02303,monthly,2025-08-30,41,active,2025-08-30
S02526,C02303,annual,2026-01-12,3,active,2026-01-12
S02527,C02304,monthly,2025-01-08,18,active,2025-01-08
S02528,C02305,monthly,2024-09-17,0,cancelled,2025-05-02
S02529,C02306,monthly,2025-08-26,8,active,2025-08-26
S02530,C02307,annual,2026-01-02,3,active,2026-01-02
S02531,C02308,annual,2025-09-18,3,active,2025-09-18
S02532,C02309,monthly,2025-06-20,0,cancelled,2025-06-23
S02533,C02310,annual,2026-05-08,118,active,2026-05-08
S02534,C02311,monthly,2025-05-10,2,active,2025-05-10
S02535,C02312,annual,2025-11-16,6,active,2025-11-16
S02536,C02313,monthly,2025-07-28,8,active,2025-07-28
S02537,C02314,annual,2026-01-06,4,active,2026-01-06
S02538,C02315,monthly,2024-09-17,8,active,2024-09-17
S02539,C02316,annual,2025-04-06,30,active,2025-04-06
S02540,C02317,monthly,2026-02-23,5,active,2026-02-23
S02541,C02318,annual,2024-08-12,77,active,2024-08-12
S02542,C02319,annual,2026-05-06,5,active,2026-05-06
S02543,C02320,monthly,2025-03-15,34,active,2025-03-15
S02544,C02321,annual,2025-10-07,1,active,2025-10-07
S02545,C02322,annual,2026-01-01,2,active,2026-01-01
S02546,C02323,annual,2025-02-23,2,active,2025-02-23
S02547,C02324,monthly,2025-11-20,7,active,2025-11-20
S02548,C02325,annual,2025-11-02,0,cancelled,2025-12-21
S02549,C02326,annual,2025-04-19,31,active,2025-04-19
S02550,C02327,annual,2026-01-04,13,active,2026-01-04
S02551,C02328,monthly,2026-01-04,8,active,2026-01-04
S02552,C02329,annual,2024-08-27,1,active,2024-08-27
S02553,C02330,monthly,2025-04-11,11,active,2025-04-11
S02554,C02331,annual,2026-01-09,22,active,2026-01-09
S02555,C02332,annual,2025-11-09,5,active,2025-11-09
S02556,C02333,monthly,2025-02-15,3,active,2025-02-15
S02557,C02334,annual,2025-08-18,7,active,2025-08-18
S02558,C02335,annual,2025-04-15,13,active,2025-04-15
S02559,C02336,annual,2024-09-28,9,active,2024-09-28
S02560,C02337,annual,2025-11-24,3,active,2025-11-24
S02561,C02338,annual,2025-04-02,5,active,2025-04-02
S02562,C02338,annual,2026-04-13,7,active,2026-04-13
S02563,C02339,annual,2025-10-04,9,active,2025-10-04
S02564,C02340,annual,2025-11-16,11,active,2025-11-16
S02565,C02341,monthly,2024-11-14,36,active,2024-11-14
S02566,C02342,monthly,2025-01-01,5,active,2025-01-01
S02567,C02343,annual,2026-06-05,39,active,2026-06-05
S02568,C02344,monthly,2026-04-15,4,active,2026-04-15
S02569,C02345,annual,2025-03-29,4,active,2025-03-29
S02570,C02346,monthly,2025-10-02,83,active,2025-10-02
S02571,C02346,annual,2026-04-18,313,active,2026-04-18
S02572,C02347,monthly,2024-09-21,4,active,2024-09-21
S02573,C02348,monthly,2024-09-20,145,active,2024-09-20
S02574,C02349,monthly,2025-11-25,10,active,2025-11-25
S02575,C02349,monthly,2026-06-22,8,active,2026-06-22
S02576,C02350,monthly,2026-02-11,1,active,2026-02-11
S02577,C02351,annual,2026-04-24,22,active,2026-04-24
S02578,C02352,monthly,2026-05-20,147,active,2026-05-20
S02579,C02353,monthly,2025-01-16,19,active,2025-01-16
S02580,C02354,monthly,2025-08-28,0,cancelled,2025-12-16
S02581,C02355,monthly,2025-03-12,0,cancelled,2026-03-13
S02582,C02356,monthly,2024-10-08,5,active,2024-10-08
S02583,C02357,annual,2025-04-04,41,active,2025-04-04
S02584,C02358,monthly,2026-05-16,0,cancelled,2026-06-26
S02585,C02358,annual,2026-06-26,3,active,2026-06-26
S02586,C02359,annual,2025-08-15,11,active,2025-08-15
S02587,C02360,annual,2025-04-26,0,cancelled,2025-04-28
S02588,C02361,monthly,2024-10-21,0,cancelled,2025-09-05
S02589,C02362,annual,2025-10-03,21,active,2025-10-03
S02590,C02363,monthly,2024-08-30,0,cancelled,2025-03-29
S02591,C02364,annual,2026-04-01,4,active,2026-04-01
S02592,C02365,monthly,2025-07-13,0,cancelled,2025-10-06
S02593,C02366,annual,2025-10-23,3,active,2025-10-23
S02594,C02367,annual,2025-09-03,0,cancelled,2026-03-23
S02595,C02368,monthly,2026-05-29,4,active,2026-05-29
S02596,C02369,annual,2025-04-15,34,active,2025-04-15
S02597,C02370,annual,2026-04-09,16,active,2026-04-09
S02598,C02371,annual,2026-03-07,7,active,2026-03-07
S02599,C02372,monthly,2025-01-02,4,active,2025-01-02
S02600,C02372,monthly,2025-10-14,9,active,2025-10-14
S02601,C02373,monthly,2024-12-10,0,cancelled,2025-06-05
S02602,C02374,monthly,2025-06-25,3,active,2025-06-25
S02603,C02375,annual,2026-01-20,27,active,2026-01-20
S02604,C02376,annual,2025-04-11,6,active,2025-04-11
S02605,C02376,annual,2025-09-09,8,active,2025-09-09
S02606,C02377,monthly,2026-01-25,6,active,2026-01-25
S02607,C02378,annual,2025-02-15,0,cancelled,2025-02-23
S02608,C02379,monthly,2025-08-09,17,active,2025-08-09
S02609,C02380,monthly,2024-11-26,8,active,2024-11-26
S02610,C02381,annual,2026-02-10,7,active,2026-02-10
S02611,C02382,annual,2025-01-07,5,active,2025-01-07
S02612,C02383,annual,2025-11-22,23,active,2025-11-22
S02613,C02384,annual,2025-06-19,6,active,2025-06-19
S02614,C02384,monthly,2026-04-07,26,active,2026-04-07
S02615,C02385,annual,2026-06-30,63,active,2026-06-30
S02616,C02386,monthly,2024-11-07,13,active,2024-11-07
S02617,C02387,annual,2024-10-13,0,cancelled,2025-09-11
S02618,C02388,monthly,2026-06-02,8,active,2026-06-02
S02619,C02389,annual,2026-05-02,10,active,2026-05-02
S02620,C02389,monthly,2026-06-27,22,active,2026-06-27
S02621,C02390,monthly,2025-06-19,8,active,2025-06-19
S02622,C02391,monthly,2025-08-01,41,active,2025-08-01
S02623,C02392,annual,2024-11-23,6,active,2024-11-23
S02624,C02393,annual,2024-07-23,4,active,2024-07-23
S02625,C02394,annual,2025-06-03,4,active,2025-06-03
S02626,C02395,annual,2025-04-16,7,active,2025-04-16
S02627,C02396,monthly,2025-12-09,0,cancelled,2026-01-16
S02628,C02397,annual,2025-11-14,1,active,2025-11-14
S02629,C02398,annual,2025-06-05,34,active,2025-06-05
S02630,C02399,monthly,2024-10-05,5,active,2024-10-05
S02631,C02400,monthly,2024-08-28,29,active,2024-08-28
S02632,C02401,annual,2024-11-10,15,active,2024-11-10
S02633,C02402,annual,2025-09-23,27,active,2025-09-23
S02634,C02403,monthly,2024-11-20,2,active,2024-11-20
S02635,C02404,monthly,2025-04-23,0,cancelled,2025-04-29
S02636,C02405,annual,2026-02-21,4,active,2026-02-21
S02637,C02406,annual,2026-05-12,0,cancelled,2026-06-04
S02638,C02407,monthly,2025-03-31,0,cancelled,2026-05-22
S02639,C02408,annual,2024-10-27,9,active,2024-10-27
S02640,C02409,annual,2024-07-26,3,active,2024-07-26
S02641,C02410,monthly,2026-02-12,7,active,2026-02-12
S02642,C02411,annual,2025-11-25,18,active,2025-11-25
S02643,C02412,annual,2026-03-26,70,active,2026-03-26
S02644,C02412,monthly,2026-05-07,1,active,2026-05-07
S02645,C02413,monthly,2024-08-19,3,active,2024-08-19
S02646,C02414,annual,2026-03-25,193,active,2026-03-25
S02647,C02415,annual,2025-03-30,0,cancelled,2026-03-29
S02648,C02416,annual,2024-12-21,0,cancelled,2025-05-20
S02649,C02416,monthly,2025-08-25,6,active,2025-08-25
S02650,C02417,annual,2024-11-26,2,active,2024-11-26
S02651,C02418,monthly,2025-05-27,4,active,2025-05-27
S02652,C02419,annual,2024-10-31,3,active,2024-10-31
S02653,C02420,monthly,2026-05-20,7,active,2026-05-20
S02654,C02421,annual,2026-05-18,1,active,2026-05-18
S02655,C02422,annual,2024-07-30,126,active,2024-07-30
S02656,C02423,monthly,2026-05-25,1,active,2026-05-25
S02657,C02424,annual,2025-08-24,21,active,2025-08-24
S02658,C02425,annual,2025-06-20,21,active,2025-06-20
S02659,C02426,monthly,2026-03-07,2,active,2026-03-07
S02660,C02427,annual,2024-12-31,3,active,2024-12-31
S02661,C02428,annual,2025-12-26,16,active,2025-12-26
S02662,C02429,monthly,2025-04-17,111,active,2025-04-17
S02663,C02430,monthly,2025-06-02,20,active,2025-06-02
S02664,C02431,annual,2024-12-26,4,active,2024-12-26
S02665,C02432,annual,2026-02-23,11,active,2026-02-23
S02666,C02433,monthly,2025-06-02,28,active,2025-06-02
S02667,C02434,monthly,2025-09-20,5,active,2025-09-20
S02668,C02435,monthly,2026-06-06,7,active,2026-06-06
S02669,C02436,annual,2026-01-13,4,active,2026-01-13
S02670,C02437,monthly,2025-06-26,1,active,2025-06-26
S02671,C02438,monthly,2026-06-03,16,active,2026-06-03
S02672,C02439,annual,2025-05-03,0,cancelled,2026-05-26
S02673,C02440,monthly,2024-10-21,19,active,2024-10-21
S02674,C02441,annual,2025-07-10,20,active,2025-07-10
S02675,C02442,annual,2026-03-04,8,active,2026-03-04
S02676,C02443,monthly,2026-01-29,5,active,2026-01-29
S02677,C02444,monthly,2026-03-11,19,active,2026-03-11
S02678,C02445,monthly,2025-01-30,0,cancelled,2025-01-31
S02679,C02446,annual,2026-06-27,2,active,2026-06-27
S02680,C02447,annual,2026-06-27,4,active,2026-06-27
S02681,C02448,annual,2024-07-23,0,cancelled,2025-11-11
S02682,C02449,annual,2025-04-14,5,active,2025-04-14
S02683,C02450,annual,2026-02-27,22,active,2026-02-27
S02684,C02450,annual,2026-06-08,35,active,2026-06-08
S02685,C02451,annual,2024-07-28,4,active,2024-07-28
S02686,C02452,annual,2024-10-15,106,active,2024-10-15
S02687,C02453,monthly,2026-06-30,8,active,2026-06-30
S02688,C02454,annual,2026-04-14,10,active,2026-04-14
S02689,C02455,annual,2025-11-09,2,active,2025-11-09
S02690,C02456,annual,2025-07-08,0,cancelled,2026-03-22
S02691,C02457,annual,2026-02-19,0,cancelled,2026-03-18
S02692,C02458,annual,2025-09-28,11,active,2025-09-28
S02693,C02459,annual,2025-10-26,42,active,2025-10-26
S02694,C02460,annual,2025-01-14,1,active,2025-01-14
S02695,C02460,monthly,2026-02-15,11,active,2026-02-15
S02696,C02461,annual,2026-01-28,2,active,2026-01-28
S02697,C02462,annual,2025-05-10,13,active,2025-05-10
S02698,C02462,monthly,2026-01-24,16,active,2026-01-24
S02699,C02463,monthly,2025-03-10,6,active,2025-03-10
S02700,C02463,monthly,2026-04-16,17,active,2026-04-16
S02701,C02464,annual,2026-05-17,1,active,2026-05-17
S02702,C02465,annual,2024-09-26,76,active,2024-09-26
S02703,C02466,monthly,2026-01-03,3,active,2026-01-03
S02704,C02467,monthly,2025-07-25,6,active,2025-07-25
S02705,C02467,annual,2025-08-24,2,active,2025-08-24
S02706,C02468,annual,2025-02-27,31,active,2025-02-27
S02707,C02469,monthly,2025-08-12,3,active,2025-08-12
S02708,C02470,annual,2026-01-08,6,active,2026-01-08
S02709,C02471,annual,2025-05-01,7,active,2025-05-01
S02710,C02472,monthly,2026-06-02,2,active,2026-06-02
S02711,C02473,monthly,2025-03-26,10,active,2025-03-26
S02712,C02474,monthly,2025-09-20,9,active,2025-09-20
S02713,C02475,annual,2026-04-27,3,active,2026-04-27
S02714,C02475,annual,2026-06-17,9,active,2026-06-17
S02715,C02476,annual,2025-01-17,24,active,2025-01-17
S02716,C02477,annual,2025-10-10,5,active,2025-10-10
S02717,C02478,monthly,2025-08-01,5,active,2025-08-01
S02718,C02479,monthly,2025-10-02,8,active,2025-10-02
S02719,C02480,monthly,2025-08-11,21,active,2025-08-11
S02720,C02481,monthly,2026-01-30,15,active,2026-01-30
S02721,C02482,monthly,2025-07-12,0,cancelled,2025-10-04
S02722,C02482,annual,2025-09-02,17,active,2025-09-02
S02723,C02483,annual,2025-01-29,3,active,2025-01-29
S02724,C02484,annual,2025-11-02,0,cancelled,2026-03-31
S02725,C02485,annual,2025-12-20,2,active,2025-12-20
S02726,C02486,monthly,2025-10-17,3,active,2025-10-17
S02727,C02487,monthly,2026-03-02,5,active,2026-03-02
S02728,C02487,monthly,2026-05-28,6,active,2026-05-28
S02729,C02488,monthly,2026-05-31,6,active,2026-05-31
S02730,C02489,annual,2025-06-08,37,active,2025-06-08
S02731,C02490,annual,2024-10-12,6,active,2024-10-12
S02732,C02491,monthly,2025-03-16,6,active,2025-03-16
S02733,C02492,monthly,2025-07-07,242,active,2025-07-07
S02734,C02493,annual,2025-07-20,2,active,2025-07-20
S02735,C02494,annual,2025-04-02,4,active,2025-04-02
S02736,C02494,monthly,2025-05-22,0,cancelled,2025-07-10
S02737,C02495,monthly,2025-01-02,13,active,2025-01-02
S02738,C02495,annual,2025-12-23,21,active,2025-12-23
S02739,C02496,monthly,2025-12-09,6,active,2025-12-09
S02740,C02497,annual,2025-06-30,3,active,2025-06-30
S02741,C02497,annual,2025-12-18,32,active,2025-12-18
S02742,C02498,annual,2026-04-15,8,active,2026-04-15
S02743,C02499,monthly,2025-10-06,2,active,2025-10-06
S02744,C02500,monthly,2025-09-18,91,active,2025-09-18
S02745,C02501,annual,2024-09-09,0,cancelled,2025-05-08
S02746,C02502,annual,2025-09-29,225,active,2025-09-29
S02747,C02503,annual,2025-01-29,18,active,2025-01-29
S02748,C02504,annual,2024-08-05,0,cancelled,2025-04-04
S02749,C02505,monthly,2024-12-03,19,active,2024-12-03
S02750,C02506,monthly,2024-07-11,254,active,2024-07-11
S02751,C02507,monthly,2025-12-22,13,active,2025-12-22
S02752,C02508,annual,2025-11-09,22,active,2025-11-09
S02753,C02509,annual,2025-06-26,0,cancelled,2026-02-14
S02754,C02510,monthly,2025-12-30,12,active,2025-12-30
S02755,C02511,annual,2026-05-17,19,active,2026-05-17
S02756,C02512,monthly,2024-09-24,11,active,2024-09-24
S02757,C02512,annual,2025-11-30,3,active,2025-11-30
S02758,C02513,annual,2025-07-18,6,active,2025-07-18
S02759,C02514,monthly,2024-08-05,4,active,2024-08-05
S02760,C02515,annual,2025-11-27,8,active,2025-11-27
S02761,C02516,annual,2026-01-10,11,active,2026-01-10
S02762,C02517,monthly,2025-08-24,3,active,2025-08-24
S02763,C02518,monthly,2026-01-21,3,active,2026-01-21
S02764,C02519,annual,2025-01-13,9,active,2025-01-13
S02765,C02520,monthly,2025-02-26,21,active,2025-02-26
S02766,C02521,monthly,2024-07-04,1,active,2024-07-04
S02767,C02522,annual,2025-09-17,7,active,2025-09-17
S02768,C02523,annual,2024-09-24,11,active,2024-09-24
S02769,C02524,monthly,2026-02-01,14,active,2026-02-01
S02770,C02524,annual,2026-05-09,11,active,2026-05-09
S02771,C02525,annual,2024-09-10,1,active,2024-09-10
S02772,C02526,annual,2026-01-25,21,active,2026-01-25
S02773,C02527,monthly,2026-02-01,17,active,2026-02-01
S02774,C02528,monthly,2025-06-12,3,active,2025-06-12
S02775,C02529,monthly,2025-01-25,9,active,2025-01-25
S02776,C02530,annual,2025-07-05,23,active,2025-07-05
S02777,C02531,annual,2025-09-20,4,active,2025-09-20
S02778,C02532,monthly,2026-06-27,9,active,2026-06-27
S02779,C02533,annual,2024-08-04,14,active,2024-08-04
S02780,C02534,monthly,2025-06-28,3,active,2025-06-28
S02781,C02535,annual,2024-08-27,8,active,2024-08-27
S02782,C02536,annual,2025-10-04,12,active,2025-10-04
S02783,C02536,annual,2026-01-06,5,active,2026-01-06
S02784,C02537,monthly,2026-02-26,19,active,2026-02-26
S02785,C02538,annual,2025-08-28,12,active,2025-08-28
S02786,C02539,annual,2026-01-08,11,active,2026-01-08
S02787,C02540,monthly,2025-10-13,0,cancelled,2026-01-19
S02788,C02541,annual,2025-05-27,4,active,2025-05-27
S02789,C02542,monthly,2026-06-02,3,active,2026-06-02
S02790,C02543,annual,2024-11-14,2,active,2024-11-14
S02791,C02544,annual,2025-02-10,5,active,2025-02-10
S02792,C02545,annual,2025-09-17,8,active,2025-09-17
S02793,C02546,annual,2024-10-11,10,active,2024-10-11
S02794,C02547,monthly,2024-11-26,66,active,2024-11-26
S02795,C02547,annual,2026-03-20,298,active,2026-03-20
S02796,C02548,annual,2026-04-02,9,active,2026-04-02
S02797,C02549,annual,2026-01-14,1,active,2026-01-14
S02798,C02550,annual,2025-02-23,11,active,2025-02-23
S02799,C02551,monthly,2026-04-09,7,active,2026-04-09
S02800,C02552,annual,2024-08-27,59,active,2024-08-27
S02801,C02553,annual,2025-07-18,2,active,2025-07-18
S02802,C02554,annual,2024-07-01,13,active,2024-07-01
S02803,C02555,monthly,2025-04-04,53,active,2025-04-04
S02804,C02556,annual,2025-03-06,6,active,2025-03-06
S02805,C02557,monthly,2026-04-19,12,active,2026-04-19
S02806,C02558,annual,2026-01-08,6,active,2026-01-08
S02807,C02559,monthly,2025-08-04,0,cancelled,2026-06-25
S02808,C02560,monthly,2026-06-17,2,active,2026-06-17
S02809,C02561,annual,2025-10-27,20,active,2025-10-27
S02810,C02562,annual,2026-04-08,3,active,2026-04-08
S02811,C02563,monthly,2025-09-21,4,active,2025-09-21
S02812,C02564,annual,2025-11-30,38,active,2025-11-30
S02813,C02565,monthly,2025-11-28,12,active,2025-11-28
S02814,C02566,annual,2025-05-22,9,active,2025-05-22
S02815,C02567,annual,2024-09-26,10,active,2024-09-26
S02816,C02568,annual,2024-10-31,10,active,2024-10-31
S02817,C02568,annual,2025-02-26,7,active,2025-02-26
S02818,C02569,monthly,2024-11-09,5,active,2024-11-09
S02819,C02570,monthly,2025-09-02,22,active,2025-09-02
S02820,C02571,annual,2026-06-12,7,active,2026-06-12
S02821,C02572,annual,2025-05-15,4,active,2025-05-15
S02822,C02573,monthly,2025-06-12,10,active,2025-06-12
S02823,C02574,monthly,2024-11-27,15,active,2024-11-27
S02824,C02575,monthly,2026-03-16,3,active,2026-03-16
S02825,C02576,annual,2024-08-04,12,active,2024-08-04
S02826,C02577,monthly,2025-03-31,8,active,2025-03-31
S02827,C02578,annual,2026-02-08,52,active,2026-02-08
S02828,C02579,annual,2026-06-21,3,active,2026-06-21
S02829,C02580,annual,2025-08-19,126,active,2025-08-19
S02830,C02581,monthly,2025-01-21,45,active,2025-01-21
S02831,C02582,monthly,2024-11-12,5,active,2024-11-12
S02832,C02583,annual,2026-05-27,3,active,2026-05-27
S02833,C02584,monthly,2025-10-03,3,active,2025-10-03
S02834,C02585,monthly,2025-09-20,343,active,2025-09-20
S02835,C02586,annual,2025-05-20,5,active,2025-05-20
S02836,C02586,annual,2025-09-27,36,active,2025-09-27
S02837,C02587,annual,2024-11-03,0,cancelled,2026-01-06
S02838,C02588,monthly,2024-07-17,9,active,2024-07-17
S02839,C02588,monthly,2024-11-11,0,cancelled,2026-02-12
S02840,C02589,monthly,2025-11-24,444,active,2025-11-24
S02841,C02590,monthly,2024-11-21,7,active,2024-11-21
S02842,C02591,monthly,2024-12-09,3,active,2024-12-09
S02843,C02592,annual,2025-09-05,206,active,2025-09-05
S02844,C02593,annual,2024-09-28,0,cancelled,2026-06-16
S02845,C02594,annual,2024-11-07,0,cancelled,2025-02-23
S02846,C02595,annual,2025-02-22,12,active,2025-02-22
S02847,C02596,annual,2026-02-22,4,active,2026-02-22
S02848,C02597,annual,2025-01-24,20,active,2025-01-24
S02849,C02598,annual,2025-03-28,0,cancelled,2025-08-12
S02850,C02599,annual,2024-12-22,15,active,2024-12-22
S02851,C02600,annual,2025-04-15,0,cancelled,2025-09-01
S02852,C02600,monthly,2025-06-23,0,cancelled,2025-11-24
S02853,C02601,monthly,2024-09-26,6,active,2024-09-26
S02854,C02602,annual,2025-12-04,7,active,2025-12-04
S02855,C02603,monthly,2025-11-13,0,cancelled,2026-04-14
S02856,C02604,monthly,2026-06-01,7,active,2026-06-01
S02857,C02605,annual,2025-03-10,20,active,2025-03-10
S02858,C02606,annual,2026-06-30,8,active,2026-06-30
S02859,C02607,annual,2026-03-27,4,active,2026-03-27
S02860,C02608,annual,2025-05-28,4,active,2025-05-28
S02861,C02609,annual,2026-02-09,28,active,2026-02-09
S02862,C02610,annual,2025-04-11,13,active,2025-04-11
S02863,C02611,monthly,2024-08-25,2,active,2024-08-25
S02864,C02612,monthly,2025-08-11,59,active,2025-08-11
S02865,C02613,annual,2026-01-04,4,active,2026-01-04
S02866,C02614,annual,2024-09-10,4,active,2024-09-10
S02867,C02615,annual,2024-10-22,11,active,2024-10-22
S02868,C02615,monthly,2025-03-05,17,active,2025-03-05
S02869,C02616,annual,2025-07-12,4,active,2025-07-12
S02870,C02617,annual,2024-07-03,6,active,2024-07-03
S02871,C02618,annual,2026-02-23,9,active,2026-02-23
S02872,C02619,monthly,2026-04-05,6,active,2026-04-05
S02873,C02620,monthly,2025-07-06,8,active,2025-07-06
S02874,C02621,monthly,2026-02-10,0,cancelled,2026-05-03
S02875,C02622,monthly,2024-09-07,0,cancelled,2025-12-05
S02876,C02623,monthly,2025-08-22,11,active,2025-08-22
S02877,C02624,annual,2025-05-24,53,active,2025-05-24
S02878,C02625,annual,2025-05-02,313,active,2025-05-02
S02879,C02626,annual,2026-03-21,21,active,2026-03-21
S02880,C02627,annual,2024-10-17,33,active,2024-10-17
S02881,C02628,annual,2024-10-21,0,cancelled,2026-03-22
S02882,C02629,annual,2025-05-29,3,active,2025-05-29
S02883,C02630,annual,2024-08-24,2,active,2024-08-24
S02884,C02631,annual,2025-06-13,7,active,2025-06-13
S02885,C02632,annual,2026-01-18,18,active,2026-01-18
S02886,C02633,annual,2026-02-06,7,active,2026-02-06
S02887,C02634,annual,2026-06-30,5,active,2026-06-30
S02888,C02635,monthly,2024-10-03,33,active,2024-10-03
S02889,C02636,annual,2025-12-26,3,active,2025-12-26
S02890,C02637,monthly,2026-01-29,19,active,2026-01-29
S02891,C02638,annual,2025-04-11,13,active,2025-04-11
S02892,C02639,annual,2024-11-06,26,active,2024-11-06
S02893,C02640,monthly,2025-10-16,10,active,2025-10-16
S02894,C02641,monthly,2024-12-25,9,active,2024-12-25
S02895,C02642,monthly,2026-03-20,9,active,2026-03-20
S02896,C02643,annual,2024-07-31,0,cancelled,2025-04-19
S02897,C02643,annual,2025-02-13,10,active,2025-02-13
S02898,C02644,monthly,2025-12-02,12,active,2025-12-02
S02899,C02645,annual,2024-12-23,27,active,2024-12-23
S02900,C02646,annual,2024-10-04,127,active,2024-10-04
S02901,C02647,annual,2024-11-20,131,active,2024-11-20
S02902,C02648,annual,2025-06-28,5,active,2025-06-28
S02903,C02649,monthly,2025-11-12,10,active,2025-11-12
S02904,C02649,annual,2026-03-07,27,active,2026-03-07
S02905,C02650,monthly,2025-06-20,30,active,2025-06-20
S02906,C02651,monthly,2026-01-15,1,active,2026-01-15
S02907,C02651,annual,2026-06-08,26,active,2026-06-08
S02908,C02652,monthly,2025-12-09,10,active,2025-12-09
S02909,C02653,monthly,2025-08-05,9,active,2025-08-05
S02910,C02654,annual,2026-05-01,209,active,2026-05-01
S02911,C02655,annual,2024-10-06,3,active,2024-10-06
S02912,C02656,monthly,2026-04-01,5,active,2026-04-01
S02913,C02657,annual,2026-02-05,18,active,2026-02-05
S02914,C02658,annual,2025-12-13,318,active,2025-12-13
S02915,C02659,monthly,2025-05-25,2,active,2025-05-25
S02916,C02660,annual,2024-12-28,5,active,2024-12-28
S02917,C02661,monthly,2025-01-17,11,active,2025-01-17
S02918,C02662,monthly,2025-10-22,6,active,2025-10-22
S02919,C02663,annual,2025-09-26,11,active,2025-09-26
S02920,C02664,annual,2025-12-14,37,active,2025-12-14
S02921,C02665,monthly,2025-02-02,18,active,2025-02-02
S02922,C02666,annual,2026-04-04,7,active,2026-04-04
S02923,C02667,annual,2025-03-11,11,active,2025-03-11
S02924,C02667,annual,2026-01-05,4,active,2026-01-05
S02925,C02668,monthly,2026-02-15,4,active,2026-02-15
S02926,C02669,annual,2024-12-13,0,cancelled,2026-01-30
S02927,C02670,annual,2026-03-02,140,active,2026-03-02
S02928,C02671,monthly,2025-09-20,143,active,2025-09-20
S02929,C02672,monthly,2024-10-16,5,active,2024-10-16
S02930,C02673,monthly,2024-11-28,0,cancelled,2025-05-04
S02931,C02674,annual,2025-09-07,6,active,2025-09-07
S02932,C02675,monthly,2025-05-21,2,active,2025-05-21
S02933,C02676,annual,2026-03-07,7,active,2026-03-07
S02934,C02677,annual,2026-06-30,19,active,2026-06-30
S02935,C02678,monthly,2024-12-25,6,active,2024-12-25
S02936,C02679,monthly,2026-06-18,16,active,2026-06-18
S02937,C02680,annual,2024-08-27,3,active,2024-08-27
S02938,C02681,monthly,2026-02-28,13,active,2026-02-28
S02939,C02682,annual,2025-07-11,5,active,2025-07-11
S02940,C02683,annual,2024-09-27,6,active,2024-09-27
S02941,C02684,monthly,2024-12-19,0,cancelled,2025-07-13
S02942,C02685,annual,2026-04-15,4,active,2026-04-15
S02943,C02686,annual,2024-08-20,4,active,2024-08-20
S02944,C02687,annual,2026-06-12,20,active,2026-06-12
S02945,C02688,annual,2025-12-15,6,active,2025-12-15
S02946,C02689,monthly,2025-02-11,9,active,2025-02-11
S02947,C02690,annual,2024-12-02,8,active,2024-12-02
S02948,C02691,annual,2025-09-25,27,active,2025-09-25
S02949,C02692,annual,2024-11-10,2,active,2024-11-10
S02950,C02693,annual,2025-12-25,4,active,2025-12-25
S02951,C02694,annual,2025-11-13,0,cancelled,2025-12-15
S02952,C02694,annual,2026-06-25,13,active,2026-06-25
S02953,C02695,monthly,2024-10-11,0,cancelled,2025-11-09
S02954,C02696,annual,2026-04-09,16,active,2026-04-09
S02955,C02697,annual,2024-10-19,5,active,2024-10-19
S02956,C02698,monthly,2025-01-17,7,active,2025-01-17
S02957,C02698,monthly,2026-01-06,14,active,2026-01-06
S02958,C02699,monthly,2025-03-25,8,active,2025-03-25
S02959,C02700,monthly,2026-02-15,2,active,2026-02-15
S02960,C02701,monthly,2026-04-27,343,active,2026-04-27
S02961,C02701,annual,2026-06-07,372,active,2026-06-07
S02962,C02702,annual,2025-06-26,72,active,2025-06-26
S02963,C02703,monthly,2026-02-04,5,active,2026-02-04
S02964,C02704,annual,2026-01-17,44,active,2026-01-17
S02965,C02705,annual,2025-05-17,7,active,2025-05-17
S02966,C02706,monthly,2025-03-14,16,active,2025-03-14
S02967,C02707,monthly,2024-12-21,7,active,2024-12-21
S02968,C02708,monthly,2024-10-09,36,active,2024-10-09
S02969,C02709,annual,2026-06-18,9,active,2026-06-18
S02970,C02710,monthly,2026-02-01,1,active,2026-02-01
S02971,C02711,monthly,2024-07-06,0,cancelled,2024-07-25
S02972,C02712,annual,2026-04-28,12,active,2026-04-28
S02973,C02713,annual,2025-08-09,10,active,2025-08-09
S02974,C02714,monthly,2024-09-01,5,active,2024-09-01
S02975,C02715,monthly,2025-09-07,29,active,2025-09-07
S02976,C02716,monthly,2024-07-19,53,active,2024-07-19
S02977,C02717,annual,2026-04-06,22,active,2026-04-06
S02978,C02718,monthly,2025-07-29,8,active,2025-07-29
S02979,C02719,monthly,2024-11-30,0,cancelled,2025-12-11
S02980,C02720,annual,2026-05-04,47,active,2026-05-04
S02981,C02721,monthly,2025-07-12,20,active,2025-07-12
S02982,C02722,annual,2025-07-22,2,active,2025-07-22
S02983,C02723,monthly,2026-02-25,18,active,2026-02-25
S02984,C02723,annual,2026-04-29,27,active,2026-04-29
S02985,C02724,annual,2026-03-19,7,active,2026-03-19
S02986,C02725,annual,2024-10-29,0,cancelled,2025-12-15
S02987,C02726,annual,2025-03-15,0,cancelled,2025-05-14
S02988,C02727,annual,2026-06-12,15,active,2026-06-12
S02989,C02728,annual,2025-03-21,0,cancelled,2025-11-22
S02990,C02729,monthly,2025-04-15,1,active,2025-04-15
S02991,C02729,annual,2025-07-04,10,active,2025-07-04
S02992,C02730,annual,2026-03-26,12,active,2026-03-26
S02993,C02731,monthly,2024-08-30,0,cancelled,2025-11-30
S02994,C02732,monthly,2024-08-14,0,cancelled,2025-08-10
S02995,C02733,annual,2025-11-28,10,active,2025-11-28
S02996,C02734,annual,2026-01-27,8,active,2026-01-27
S02997,C02735,annual,2025-05-24,7,active,2025-05-24
S02998,C02736,monthly,2025-10-13,2,active,2025-10-13
S02999,C02737,annual,2026-02-08,16,active,2026-02-08
S03000,C02738,annual,2024-09-11,8,active,2024-09-11
S03001,C02739,annual,2026-03-09,5,active,2026-03-09
S03002,C02740,monthly,2024-08-25,13,active,2024-08-25
S03003,C02741,annual,2024-11-21,0,cancelled,2026-05-02
S03004,C02742,monthly,2026-01-12,7,active,2026-01-12
S03005,C02743,annual,2025-12-20,2,active,2025-12-20
S03006,C02744,monthly,2024-08-01,25,active,2024-08-01
S03007,C02745,annual,2025-07-02,6,active,2025-07-02
S03008,C02746,annual,2024-11-02,76,active,2024-11-02
S03009,C02747,annual,2026-01-16,4,active,2026-01-16
S03010,C02748,monthly,2025-03-18,3,active,2025-03-18
S03011,C02749,monthly,2025-09-14,2,active,2025-09-14
S03012,C02750,annual,2025-10-09,6,active,2025-10-09
S03013,C02750,monthly,2026-06-10,13,active,2026-06-10
S03014,C02751,monthly,2026-01-19,129,active,2026-01-19
S03015,C02752,annual,2025-05-06,6,active,2025-05-06
S03016,C02753,annual,2025-02-25,29,active,2025-02-25
S03017,C02754,monthly,2025-01-29,14,active,2025-01-29
S03018,C02755,monthly,2024-07-18,7,active,2024-07-18
S03019,C02756,annual,2026-03-22,2,active,2026-03-22
S03020,C02757,annual,2025-03-01,7,active,2025-03-01
S03021,C02758,annual,2024-09-26,42,active,2024-09-26
S03022,C02759,monthly,2025-11-20,3,active,2025-11-20
S03023,C02760,annual,2026-06-25,3,active,2026-06-25
S03024,C02761,annual,2025-05-10,0,cancelled,2026-04-02
S03025,C02761,annual,2025-09-06,2,active,2025-09-06
S03026,C02762,monthly,2025-06-07,5,active,2025-06-07
S03027,C02763,annual,2025-11-16,12,active,2025-11-16
S03028,C02764,annual,2024-12-10,4,active,2024-12-10
S03029,C02765,monthly,2025-05-03,8,active,2025-05-03
S03030,C02766,annual,2025-04-01,8,active,2025-04-01
S03031,C02767,annual,2024-08-06,0,cancelled,2026-06-26
S03032,C02768,annual,2026-06-05,3,active,2026-06-05
S03033,C02769,annual,2024-11-11,0,cancelled,2024-11-14
S03034,C02770,monthly,2026-01-24,9,active,2026-01-24
S03035,C02771,annual,2025-07-01,13,active,2025-07-01
S03036,C02772,annual,2024-09-05,13,active,2024-09-05
S03037,C02773,monthly,2025-03-15,0,cancelled,2026-03-04
S03038,C02774,annual,2024-08-17,10,active,2024-08-17
S03039,C02775,annual,2024-09-24,4,active,2024-09-24
S03040,C02776,annual,2025-02-19,1,active,2025-02-19
S03041,C02777,monthly,2025-03-22,5,active,2025-03-22
S03042,C02778,monthly,2025-07-25,18,active,2025-07-25
S03043,C02779,annual,2026-04-15,11,active,2026-04-15
S03044,C02779,annual,2026-05-21,15,active,2026-05-21
S03045,C02780,monthly,2024-10-31,2,active,2024-10-31
S03046,C02781,monthly,2025-06-21,6,active,2025-06-21
S03047,C02782,annual,2026-03-28,3,active,2026-03-28
S03048,C02783,annual,2024-08-21,89,active,2024-08-21
S03049,C02783,annual,2024-12-30,299,active,2024-12-30
S03050,C02784,annual,2026-06-30,3,active,2026-06-30
S03051,C02785,annual,2024-10-18,3,active,2024-10-18
S03052,C02786,annual,2024-07-28,0,cancelled,2025-03-15
S03053,C02786,annual,2026-05-08,244,active,2026-05-08
S03054,C02787,monthly,2025-06-27,4,active,2025-06-27
S03055,C02788,monthly,2026-02-24,3,active,2026-02-24
S03056,C02789,monthly,2025-01-21,2,active,2025-01-21
S03057,C02789,annual,2025-04-16,15,active,2025-04-16
S03058,C02790,annual,2025-12-27,12,active,2025-12-27
S03059,C02791,annual,2024-09-16,2,active,2024-09-16
S03060,C02792,monthly,2026-05-03,4,active,2026-05-03
S03061,C02793,monthly,2025-06-02,8,active,2025-06-02
S03062,C02794,annual,2024-10-12,30,active,2024-10-12
S03063,C02795,annual,2024-09-15,4,active,2024-09-15
S03064,C02796,annual,2025-03-06,0,cancelled,2025-09-23
S03065,C02796,monthly,2025-12-04,4,active,2025-12-04
S03066,C02797,annual,2025-08-23,15,active,2025-08-23
S03067,C02798,annual,2025-11-04,119,active,2025-11-04
S03068,C02799,annual,2026-01-03,9,active,2026-01-03
S03069,C02800,monthly,2025-04-19,6,active,2025-04-19
S03070,C02801,annual,2025-06-06,19,active,2025-06-06
S03071,C02802,annual,2025-06-07,0,cancelled,2025-06-14
S03072,C02803,annual,2024-09-15,0,cancelled,2025-10-08
S03073,C02804,annual,2025-11-10,189,active,2025-11-10
S03074,C02805,monthly,2026-06-04,16,active,2026-06-04
S03075,C02806,annual,2024-09-02,3,active,2024-09-02
S03076,C02807,monthly,2025-04-16,17,active,2025-04-16
S03077,C02808,annual,2025-08-15,6,active,2025-08-15
S03078,C02809,annual,2026-05-02,27,active,2026-05-02
S03079,C02810,monthly,2024-11-11,14,active,2024-11-11
S03080,C02811,monthly,2025-06-06,6,active,2025-06-06
S03081,C02812,annual,2025-11-24,80,active,2025-11-24
S03082,C02812,annual,2026-02-02,9,active,2026-02-02
S03083,C02813,monthly,2024-08-26,11,active,2024-08-26
S03084,C02814,annual,2026-06-24,67,active,2026-06-24
S03085,C02815,monthly,2024-09-07,4,active,2024-09-07
S03086,C02816,monthly,2026-02-16,7,active,2026-02-16
S03087,C02817,annual,2024-07-17,4,active,2024-07-17
S03088,C02817,monthly,2025-03-02,2,active,2025-03-02
S03089,C02818,annual,2026-01-01,5,active,2026-01-01
S03090,C02819,annual,2025-01-29,3,active,2025-01-29
S03091,C02820,annual,2025-10-12,8,active,2025-10-12
S03092,C02821,annual,2025-08-29,11,active,2025-08-29
S03093,C02822,annual,2024-09-28,0,cancelled,2025-11-16
S03094,C02823,monthly,2025-02-10,4,active,2025-02-10
S03095,C02824,annual,2026-01-09,7,active,2026-01-09
S03096,C02824,monthly,2026-03-03,10,active,2026-03-03
S03097,C02825,monthly,2025-01-27,13,active,2025-01-27
S03098,C02826,monthly,2025-12-07,0,cancelled,2026-03-17
S03099,C02827,monthly,2025-01-22,8,active,2025-01-22
S03100,C02828,monthly,2024-09-04,1,active,2024-09-04
S03101,C02828,monthly,2026-01-03,4,active,2026-01-03
S03102,C02829,annual,2025-09-12,11,active,2025-09-12
S03103,C02830,annual,2024-08-10,0,cancelled,2026-01-17
S03104,C02830,monthly,2026-03-13,2,active,2026-03-13
S03105,C02831,annual,2025-03-31,16,active,2025-03-31
S03106,C02831,monthly,2026-05-25,2,active,2026-05-25
S03107,C02832,monthly,2024-12-23,6,active,2024-12-23
S03108,C02833,annual,2025-03-17,11,active,2025-03-17
S03109,C02834,annual,2025-09-23,5,active,2025-09-23
S03110,C02835,annual,2026-03-02,6,active,2026-03-02
S03111,C02836,annual,2024-08-06,5,active,2024-08-06
S03112,C02837,monthly,2025-06-21,276,active,2025-06-21
S03113,C02837,monthly,2025-07-27,145,active,2025-07-27
S03114,C02838,annual,2026-02-13,2,active,2026-02-13
S03115,C02839,annual,2026-05-26,73,active,2026-05-26
S03116,C02840,annual,2025-05-19,3,active,2025-05-19
S03117,C02841,monthly,2024-11-26,0,cancelled,2026-02-07
S03118,C02841,annual,2025-04-21,0,cancelled,2025-06-24
S03119,C02842,annual,2025-06-06,17,active,2025-06-06
S03120,C02842,annual,2025-11-14,16,active,2025-11-14
S03121,C02843,annual,2024-12-21,0,cancelled,2026-05-31
S03122,C02844,annual,2025-04-24,12,active,2025-04-24
S03123,C02845,monthly,2026-02-26,9,active,2026-02-26
S03124,C02846,annual,2025-07-06,2,active,2025-07-06
S03125,C02847,annual,2026-06-25,9,active,2026-06-25
S03126,C02848,monthly,2025-08-05,11,active,2025-08-05
S03127,C02849,annual,2026-03-08,15,active,2026-03-08
S03128,C02850,annual,2025-01-02,0,cancelled,2025-12-20
S03129,C02851,annual,2025-05-24,5,active,2025-05-24
S03130,C02852,monthly,2025-10-07,263,active,2025-10-07
S03131,C02853,monthly,2026-05-07,16,active,2026-05-07
S03132,C02854,annual,2024-07-03,4,active,2024-07-03
S03133,C02855,annual,2024-09-03,5,active,2024-09-03
S03134,C02856,monthly,2024-10-24,5,active,2024-10-24
S03135,C02857,monthly,2025-08-22,1,active,2025-08-22
S03136,C02858,annual,2024-07-21,33,active,2024-07-21
S03137,C02859,annual,2025-09-28,25,active,2025-09-28
S03138,C02860,annual,2024-10-04,7,active,2024-10-04
S03139,C02861,annual,2024-12-19,542,active,2024-12-19
S03140,C02862,annual,2024-07-15,31,active,2024-07-15
S03141,C02863,annual,2025-07-10,10,active,2025-07-10
S03142,C02864,annual,2026-04-25,5,active,2026-04-25
S03143,C02865,annual,2025-12-25,23,active,2025-12-25
S03144,C02866,monthly,2026-01-10,5,active,2026-01-10
S03145,C02867,annual,2025-04-03,5,active,2025-04-03
S03146,C02868,monthly,2024-08-30,1,active,2024-08-30
S03147,C02869,annual,2025-05-15,4,active,2025-05-15
S03148,C02870,monthly,2025-03-11,9,active,2025-03-11
S03149,C02871,annual,2024-10-20,0,cancelled,2025-01-14
S03150,C02872,monthly,2024-07-16,23,active,2024-07-16
S03151,C02873,annual,2025-07-17,4,active,2025-07-17
S03152,C02874,annual,2026-01-04,9,active,2026-01-04
S03153,C02875,monthly,2024-09-06,7,active,2024-09-06
S03154,C02875,annual,2025-01-05,0,cancelled,2025-06-06
S03155,C02876,annual,2026-03-09,0,cancelled,2026-03-20
S03156,C02877,annual,2026-02-04,32,active,2026-02-04
S03157,C02878,monthly,2024-12-16,8,active,2024-12-16
S03158,C02878,monthly,2025-02-08,16,active,2025-02-08
S03159,C02879,annual,2026-04-11,6,active,2026-04-11
S03160,C02880,monthly,2024-12-18,14,active,2024-12-18
S03161,C02881,annual,2025-04-18,7,active,2025-04-18
S03162,C02882,annual,2025-04-02,24,active,2025-04-02
S03163,C02883,annual,2024-11-24,41,active,2024-11-24
S03164,C02884,annual,2024-12-17,3,active,2024-12-17
S03165,C02885,annual,2025-06-21,4,active,2025-06-21
S03166,C02885,annual,2026-05-27,17,active,2026-05-27
S03167,C02886,annual,2025-11-27,6,active,2025-11-27
S03168,C02887,annual,2025-05-27,9,active,2025-05-27
S03169,C02888,monthly,2025-08-30,0,cancelled,2025-08-31
S03170,C02888,annual,2026-05-19,8,active,2026-05-19
S03171,C02889,annual,2025-05-29,3,active,2025-05-29
S03172,C02890,monthly,2025-09-02,14,active,2025-09-02
S03173,C02891,monthly,2024-10-09,6,active,2024-10-09
S03174,C02892,annual,2024-08-21,7,active,2024-08-21
S03175,C02893,monthly,2024-11-18,9,active,2024-11-18
S03176,C02894,annual,2025-04-08,26,active,2025-04-08
S03177,C02895,monthly,2026-05-11,17,active,2026-05-11
S03178,C02896,annual,2026-03-25,4,active,2026-03-25
S03179,C02896,annual,2026-06-20,34,active,2026-06-20
S03180,C02897,annual,2024-10-08,9,active,2024-10-08
S03181,C02898,annual,2026-04-03,40,active,2026-04-03
S03182,C02899,monthly,2026-04-09,27,active,2026-04-09
S03183,C02900,annual,2025-10-31,29,active,2025-10-31
S03184,C02901,monthly,2024-07-02,7,active,2024-07-02
S03185,C02901,annual,2025-12-20,4,active,2025-12-20
S03186,C02902,monthly,2024-08-18,5,active,2024-08-18
S03187,C02903,monthly,2025-09-18,8,active,2025-09-18
S03188,C02904,monthly,2026-05-04,5,active,2026-05-04
S03189,C02905,monthly,2026-06-01,14,active,2026-06-01
S03190,C02906,annual,2024-07-02,0,cancelled,2026-04-05
S03191,C02907,monthly,2025-11-29,3,active,2025-11-29
S03192,C02908,annual,2025-10-09,7,active,2025-10-09
S03193,C02909,monthly,2026-06-16,10,active,2026-06-16
S03194,C02910,monthly,2025-11-20,2,active,2025-11-20
S03195,C02911,monthly,2024-10-26,28,active,2024-10-26
S03196,C02912,annual,2026-01-01,2,active,2026-01-01
S03197,C02913,annual,2025-02-15,14,active,2025-02-15
S03198,C02914,monthly,2026-03-06,14,active,2026-03-06
S03199,C02915,annual,2025-04-27,10,active,2025-04-27
S03200,C02916,monthly,2025-07-21,1,active,2025-07-21
S03201,C02917,annual,2025-02-15,0,cancelled,2025-08-04
S03202,C02918,monthly,2024-08-13,3,active,2024-08-13
S03203,C02919,annual,2025-10-28,5,active,2025-10-28
S03204,C02920,monthly,2025-05-11,134,active,2025-05-11
S03205,C02921,monthly,2025-08-07,3,active,2025-08-07
S03206,C02921,annual,2025-12-01,12,active,2025-12-01
S03207,C02922,annual,2026-05-18,1,active,2026-05-18
S03208,C02923,monthly,2026-05-19,10,active,2026-05-19
S03209,C02924,annual,2024-09-28,4,active,2024-09-28
S03210,C02925,monthly,2024-11-17,41,active,2024-11-17
S03211,C02926,annual,2025-09-10,6,active,2025-09-10
S03212,C02927,monthly,2026-01-11,5,active,2026-01-11
S03213,C02928,monthly,2025-10-29,3,active,2025-10-29
S03214,C02929,annual,2025-04-06,2,active,2025-04-06
S03215,C02930,monthly,2025-12-01,8,active,2025-12-01
S03216,C02931,monthly,2025-12-01,4,active,2025-12-01
S03217,C02932,annual,2025-05-24,5,active,2025-05-24
S03218,C02933,annual,2026-06-12,30,active,2026-06-12
S03219,C02934,annual,2024-07-17,14,active,2024-07-17
S03220,C02935,monthly,2024-10-27,10,active,2024-10-27
S03221,C02936,monthly,2026-01-14,19,active,2026-01-14
S03222,C02937,annual,2025-06-01,288,active,2025-06-01
S03223,C02938,monthly,2026-05-25,11,active,2026-05-25
S03224,C02939,annual,2024-12-19,28,active,2024-12-19
S03225,C02940,monthly,2025-02-25,15,active,2025-02-25
S03226,C02941,monthly,2025-11-25,109,active,2025-11-25
S03227,C02942,monthly,2024-09-21,10,active,2024-09-21
S03228,C02943,annual,2024-11-25,0,cancelled,2024-11-30
S03229,C02943,annual,2025-04-30,4,active,2025-04-30
S03230,C02944,annual,2025-03-08,0,cancelled,2026-01-08
S03231,C02945,annual,2024-07-25,0,cancelled,2025-06-26
S03232,C02946,annual,2025-08-11,5,active,2025-08-11
S03233,C02947,monthly,2024-07-09,17,active,2024-07-09
S03234,C02948,annual,2025-11-07,6,active,2025-11-07
S03235,C02949,annual,2024-07-02,17,active,2024-07-02
S03236,C02949,annual,2026-01-01,15,active,2026-01-01
S03237,C02950,monthly,2024-10-19,8,active,2024-10-19
S03238,C02950,annual,2025-01-10,59,active,2025-01-10
S03239,C02951,annual,2026-02-22,4,active,2026-02-22
S03240,C02951,monthly,2026-05-25,23,active,2026-05-25
S03241,C02952,annual,2025-09-20,1,active,2025-09-20
S03242,C02953,annual,2025-06-17,6,active,2025-06-17
S03243,C02954,annual,2025-03-14,11,active,2025-03-14
S03244,C02955,monthly,2024-07-25,9,active,2024-07-25
S03245,C02956,monthly,2025-06-27,6,active,2025-06-27
S03246,C02956,annual,2026-01-02,12,active,2026-01-02
S03247,C02957,annual,2025-09-27,396,active,2025-09-27
S03248,C02958,monthly,2026-02-24,3,active,2026-02-24
S03249,C02959,annual,2025-07-15,0,cancelled,2026-05-28
S03250,C02960,monthly,2024-12-31,0,cancelled,2026-01-16
S03251,C02961,monthly,2025-02-21,24,active,2025-02-21
S03252,C02962,annual,2024-07-05,0,cancelled,2025-02-17
S03253,C02963,monthly,2026-04-30,207,active,2026-04-30
S03254,C02964,annual,2026-03-26,11,active,2026-03-26
S03255,C02965,annual,2026-03-18,25,active,2026-03-18
S03256,C02966,monthly,2026-01-05,17,active,2026-01-05
S03257,C02967,monthly,2025-06-10,7,active,2025-06-10
S03258,C02968,annual,2025-07-28,8,active,2025-07-28
S03259,C02969,monthly,2025-04-19,10,active,2025-04-19
S03260,C02970,annual,2026-02-24,11,active,2026-02-24
S03261,C02971,annual,2026-06-10,7,active,2026-06-10
S03262,C02972,annual,2025-04-21,0,cancelled,2025-08-02
S03263,C02973,annual,2024-11-24,17,active,2024-11-24
S03264,C02974,annual,2025-02-02,7,active,2025-02-02
S03265,C02975,annual,2026-06-27,5,active,2026-06-27
S03266,C02976,monthly,2025-02-11,5,active,2025-02-11
S03267,C02977,annual,2024-07-25,0,cancelled,2025-03-24
S03268,C02978,annual,2024-09-06,2,active,2024-09-06
S03269,C02979,monthly,2025-07-16,2,active,2025-07-16
S03270,C02980,annual,2026-05-06,4,active,2026-05-06
S03271,C02981,monthly,2026-06-20,14,active,2026-06-20
S03272,C02982,annual,2026-06-13,4,active,2026-06-13
S03273,C02983,annual,2024-10-21,4,active,2024-10-21
S03274,C02984,annual,2024-09-10,3,active,2024-09-10
S03275,C02985,annual,2026-05-06,26,active,2026-05-06
S03276,C02986,monthly,2024-12-11,8,active,2024-12-11
S03277,C02987,annual,2026-03-31,14,active,2026-03-31
S03278,C02988,monthly,2025-11-05,9,active,2025-11-05
S03279,C02989,monthly,2025-06-21,60,active,2025-06-21
S03280,C02990,monthly,2024-12-15,6,active,2024-12-15
S03281,C02991,annual,2026-02-22,32,active,2026-02-22
S03282,C02992,annual,2026-05-12,3,active,2026-05-12
S03283,C02993,annual,2026-05-07,13,active,2026-05-07
S03284,C02994,annual,2025-08-05,23,active,2025-08-05
S03285,C02995,monthly,2025-09-08,4,active,2025-09-08
S03286,C02996,monthly,2026-04-29,10,active,2026-04-29
S03287,C02996,monthly,2026-06-05,11,active,2026-06-05
S03288,C02997,monthly,2024-11-20,0,cancelled,2025-06-05
S03289,C02998,annual,2026-03-17,11,active,2026-03-17
S03290,C02999,annual,2025-01-26,21,active,2025-01-26
S03291,C03000,monthly,2025-06-15,2,active,2025-06-15
S03292,C03001,monthly,2025-08-05,3,active,2025-08-05
S03293,C03002,monthly,2026-06-24,2,active,2026-06-24
S03294,C03003,annual,2024-08-20,10,active,2024-08-20
S03295,C03004,annual,2026-01-24,3,active,2026-01-24
S03296,C03005,annual,2024-12-13,0,cancelled,2025-06-22
S03297,C03006,annual,2025-03-05,3,active,2025-03-05
S03298,C03007,annual,2025-08-18,115,active,2025-08-18
S03299,C03008,annual,2025-06-17,34,active,2025-06-17
S03300,C03008,annual,2025-12-16,80,active,2025-12-16
S03301,C03009,monthly,2026-03-28,19,active,2026-03-28
S03302,C03009,annual,2026-05-17,4,active,2026-05-17
S03303,C03010,monthly,2026-02-25,8,active,2026-02-25
S03304,C03010,monthly,2026-04-04,33,active,2026-04-04
S03305,C03011,monthly,2025-03-05,29,active,2025-03-05
S03306,C03012,annual,2025-12-09,8,active,2025-12-09
S03307,C03013,monthly,2024-09-28,2,active,2024-09-28
S03308,C03014,annual,2025-02-20,8,active,2025-02-20
S03309,C03015,monthly,2025-09-17,0,cancelled,2025-09-22
S03310,C03016,annual,2025-10-21,2,active,2025-10-21
S03311,C03017,annual,2025-06-03,8,active,2025-06-03
S03312,C03018,annual,2025-02-12,7,active,2025-02-12
S03313,C03018,annual,2026-05-15,14,active,2026-05-15
S03314,C03019,monthly,2024-07-02,42,active,2024-07-02
S03315,C03020,annual,2025-12-26,3,active,2025-12-26
S03316,C03021,monthly,2025-11-05,358,active,2025-11-05
S03317,C03022,annual,2026-02-26,9,active,2026-02-26
S03318,C03023,monthly,2026-06-17,8,active,2026-06-17
S03319,C03024,monthly,2024-09-25,620,active,2024-09-25
S03320,C03025,annual,2026-01-31,6,active,2026-01-31
S03321,C03026,annual,2026-03-03,34,active,2026-03-03
S03322,C03027,annual,2026-01-10,5,active,2026-01-10
S03323,C03028,annual,2025-01-23,11,active,2025-01-23
S03324,C03029,monthly,2026-06-20,80,active,2026-06-20
S03325,C03030,monthly,2024-12-07,10,active,2024-12-07
S03326,C03031,monthly,2024-08-21,0,cancelled,2025-08-14
S03327,C03032,annual,2026-06-19,13,active,2026-06-19
S03328,C03033,annual,2024-08-22,4,active,2024-08-22
S03329,C03034,annual,2024-12-17,8,active,2024-12-17
S03330,C03035,monthly,2024-10-06,7,active,2024-10-06
S03331,C03036,monthly,2026-06-14,11,active,2026-06-14
S03332,C03037,monthly,2026-02-27,716,active,2026-02-27
S03333,C03037,annual,2026-06-06,188,active,2026-06-06
S03334,C03038,annual,2024-09-30,16,active,2024-09-30
S03335,C03039,annual,2025-04-13,4,active,2025-04-13
S03336,C03040,monthly,2024-08-27,7,active,2024-08-27
S03337,C03041,annual,2026-05-10,7,active,2026-05-10
S03338,C03042,annual,2025-06-15,4,active,2025-06-15
S03339,C03043,monthly,2026-02-09,4,active,2026-02-09
S03340,C03044,annual,2025-08-11,14,active,2025-08-11
S03341,C03045,annual,2025-11-15,5,active,2025-11-15
S03342,C03046,annual,2024-10-31,12,active,2024-10-31
S03343,C03047,annual,2025-12-25,0,cancelled,2025-12-28
S03344,C03048,monthly,2025-09-26,0,cancelled,2026-03-24
S03345,C03049,monthly,2025-03-27,8,active,2025-03-27
S03346,C03050,monthly,2024-09-24,6,active,2024-09-24
S03347,C03051,annual,2025-02-07,7,active,2025-02-07
S03348,C03052,monthly,2026-05-10,0,cancelled,2026-06-10
S03349,C03052,annual,2026-06-23,8,active,2026-06-23
S03350,C03053,annual,2025-07-27,2,active,2025-07-27
S03351,C03054,annual,2025-01-22,30,active,2025-01-22
S03352,C03055,annual,2025-08-22,5,active,2025-08-22
S03353,C03056,monthly,2025-11-16,29,active,2025-11-16
S03354,C03057,monthly,2024-08-05,17,active,2024-08-05
S03355,C03058,monthly,2026-03-06,16,active,2026-03-06
S03356,C03059,monthly,2026-05-21,7,active,2026-05-21
S03357,C03060,annual,2025-12-04,18,active,2025-12-04
S03358,C03061,annual,2026-05-25,58,active,2026-05-25
S03359,C03062,annual,2025-04-25,0,cancelled,2025-10-02
S03360,C03062,monthly,2026-03-30,34,active,2026-03-30
S03361,C03063,monthly,2025-02-24,12,active,2025-02-24
S03362,C03064,annual,2025-10-25,5,active,2025-10-25
S03363,C03065,annual,2024-08-27,387,active,2024-08-27
S03364,C03066,annual,2024-08-10,6,active,2024-08-10
S03365,C03067,monthly,2026-03-16,10,active,2026-03-16
S03366,C03068,annual,2025-09-14,14,active,2025-09-14
S03367,C03069,annual,2025-09-07,36,active,2025-09-07
S03368,C03070,annual,2025-08-10,4,active,2025-08-10
S03369,C03071,monthly,2024-09-13,11,active,2024-09-13
S03370,C03072,annual,2025-12-20,22,active,2025-12-20
S03371,C03073,annual,2024-12-13,8,active,2024-12-13
S03372,C03074,monthly,2026-04-09,0,cancelled,2026-06-25
S03373,C03075,annual,2025-04-07,15,active,2025-04-07
S03374,C03076,annual,2025-03-11,7,active,2025-03-11
S03375,C03077,annual,2025-11-10,6,active,2025-11-10
S03376,C03078,annual,2026-05-09,8,active,2026-05-09
S03377,C03079,annual,2025-07-24,5,active,2025-07-24
S03378,C03080,annual,2025-08-23,15,active,2025-08-23
S03379,C03081,annual,2024-09-17,0,cancelled,2026-01-23
S03380,C03082,annual,2026-01-25,11,active,2026-01-25
S03381,C03083,annual,2026-05-04,12,active,2026-05-04
S03382,C03084,monthly,2025-03-27,5,active,2025-03-27
S03383,C03085,annual,2024-08-02,11,active,2024-08-02
S03384,C03086,monthly,2026-05-05,16,active,2026-05-05
S03385,C03087,monthly,2025-12-25,15,active,2025-12-25
S03386,C03088,annual,2025-05-16,23,active,2025-05-16
S03387,C03089,annual,2024-10-14,0,cancelled,2025-12-03
S03388,C03090,annual,2024-09-16,0,cancelled,2024-11-14
S03389,C03091,monthly,2025-01-31,1,active,2025-01-31
S03390,C03092,annual,2025-11-09,13,active,2025-11-09
S03391,C03092,annual,2026-06-21,3,active,2026-06-21
S03392,C03093,annual,2026-02-08,8,active,2026-02-08
S03393,C03094,monthly,2025-12-02,30,active,2025-12-02
S03394,C03095,monthly,2026-02-23,8,active,2026-02-23
S03395,C03096,annual,2024-09-22,15,active,2024-09-22
S03396,C03097,monthly,2024-11-26,15,active,2024-11-26
S03397,C03098,annual,2024-11-24,14,active,2024-11-24
S03398,C03099,monthly,2026-05-17,16,active,2026-05-17
S03399,C03100,monthly,2024-09-05,0,cancelled,2026-05-28
S03400,C03101,monthly,2024-12-18,0,cancelled,2025-02-14
S03401,C03102,annual,2026-05-29,219,active,2026-05-29
S03402,C03103,monthly,2025-06-24,2,active,2025-06-24
S03403,C03104,annual,2024-12-04,9,active,2024-12-04
S03404,C03105,monthly,2024-11-08,0,cancelled,2025-04-16
S03405,C03106,monthly,2025-03-13,5,active,2025-03-13
S03406,C03107,monthly,2025-10-31,16,active,2025-10-31
S03407,C03107,monthly,2026-03-13,8,active,2026-03-13
S03408,C03108,monthly,2024-09-18,5,active,2024-09-18
S03409,C03109,annual,2024-12-26,3,active,2024-12-26
S03410,C03110,annual,2025-06-05,37,active,2025-06-05
S03411,C03111,annual,2026-02-21,11,active,2026-02-21
S03412,C03112,annual,2024-11-09,2,active,2024-11-09
S03413,C03113,monthly,2025-09-25,14,active,2025-09-25
S03414,C03114,monthly,2025-01-28,0,cancelled,2025-03-13
S03415,C03114,monthly,2025-07-07,8,active,2025-07-07
S03416,C03115,annual,2026-05-03,12,active,2026-05-03
S03417,C03116,monthly,2026-04-22,19,active,2026-04-22
S03418,C03117,annual,2026-05-03,6,active,2026-05-03
S03419,C03117,annual,2026-06-24,12,active,2026-06-24
S03420,C03118,monthly,2025-10-08,10,active,2025-10-08
S03421,C03119,annual,2024-07-08,21,active,2024-07-08
S03422,C03120,annual,2024-09-16,0,cancelled,2025-02-12
S03423,C03121,annual,2025-03-03,1,active,2025-03-03
S03424,C03121,monthly,2025-12-17,3,active,2025-12-17
S03425,C03122,annual,2024-11-28,5,active,2024-11-28
S03426,C03123,annual,2025-12-09,7,active,2025-12-09
S03427,C03124,annual,2024-07-26,1,active,2024-07-26
S03428,C03125,annual,2025-10-02,8,active,2025-10-02
S03429,C03126,annual,2025-02-24,3,active,2025-02-24
S03430,C03127,annual,2025-04-15,1,active,2025-04-15
S03431,C03128,monthly,2026-05-18,15,active,2026-05-18
S03432,C03129,annual,2025-08-13,4,active,2025-08-13
S03433,C03130,monthly,2026-04-23,3,active,2026-04-23
S03434,C03131,annual,2025-03-14,19,active,2025-03-14
S03435,C03132,annual,2024-09-18,21,active,2024-09-18
S03436,C03132,annual,2025-07-20,7,active,2025-07-20
S03437,C03133,annual,2024-10-21,24,active,2024-10-21
S03438,C03134,monthly,2024-09-02,17,active,2024-09-02
S03439,C03135,annual,2025-10-19,8,active,2025-10-19
S03440,C03136,monthly,2026-05-12,337,active,2026-05-12
S03441,C03137,monthly,2025-04-29,3,active,2025-04-29
S03442,C03138,annual,2025-12-07,0,cancelled,2026-01-14
S03443,C03139,monthly,2025-01-01,3,active,2025-01-01
S03444,C03140,annual,2024-09-01,9,active,2024-09-01
S03445,C03141,annual,2024-11-13,41,active,2024-11-13
S03446,C03142,annual,2025-09-24,13,active,2025-09-24
S03447,C03143,monthly,2026-01-10,3,active,2026-01-10
S03448,C03144,monthly,2025-08-16,4,active,2025-08-16
S03449,C03145,monthly,2026-02-21,10,active,2026-02-21
S03450,C03146,annual,2026-05-09,329,active,2026-05-09
S03451,C03147,annual,2026-04-21,16,active,2026-04-21
S03452,C03148,annual,2025-10-28,14,active,2025-10-28
S03453,C03149,monthly,2024-09-03,11,active,2024-09-03
S03454,C03150,annual,2025-03-03,4,active,2025-03-03
S03455,C03151,annual,2024-12-17,10,active,2024-12-17
S03456,C03152,annual,2025-09-11,7,active,2025-09-11
S03457,C03153,monthly,2026-06-29,10,active,2026-06-29
S03458,C03154,annual,2025-10-01,8,active,2025-10-01
S03459,C03155,monthly,2024-10-31,148,active,2024-10-31
S03460,C03156,monthly,2025-11-18,2,active,2025-11-18
S03461,C03157,annual,2026-04-07,15,active,2026-04-07
S03462,C03158,annual,2026-04-23,6,active,2026-04-23
S03463,C03159,monthly,2025-08-06,9,active,2025-08-06
S03464,C03159,monthly,2026-03-21,34,active,2026-03-21
S03465,C03160,annual,2026-03-09,5,active,2026-03-09
S03466,C03161,annual,2024-10-28,4,active,2024-10-28
S03467,C03162,annual,2025-12-27,14,active,2025-12-27
S03468,C03163,annual,2024-11-15,2,active,2024-11-15
S03469,C03164,annual,2024-08-21,0,cancelled,2024-09-20
S03470,C03165,annual,2025-07-29,9,active,2025-07-29
S03471,C03166,monthly,2026-02-02,8,active,2026-02-02
S03472,C03167,monthly,2025-09-26,19,active,2025-09-26
S03473,C03168,monthly,2025-01-05,0,cancelled,2025-06-01
S03474,C03169,annual,2026-02-13,11,active,2026-02-13
S03475,C03170,annual,2024-12-05,16,active,2024-12-05
S03476,C03170,annual,2025-02-11,12,active,2025-02-11
S03477,C03171,annual,2025-02-05,6,active,2025-02-05
S03478,C03172,annual,2025-12-13,11,active,2025-12-13
S03479,C03173,annual,2024-08-06,0,cancelled,2024-10-09
S03480,C03174,annual,2025-09-09,15,active,2025-09-09
S03481,C03175,annual,2026-01-02,22,active,2026-01-02
S03482,C03175,annual,2026-02-26,9,active,2026-02-26
S03483,C03176,annual,2025-04-17,0,cancelled,2026-05-08
S03484,C03177,monthly,2024-07-13,3,active,2024-07-13
S03485,C03178,monthly,2026-01-20,3,active,2026-01-20
S03486,C03179,annual,2025-01-30,0,cancelled,2026-05-11
S03487,C03180,monthly,2025-05-15,11,active,2025-05-15
S03488,C03180,annual,2025-09-19,22,active,2025-09-19
S03489,C03181,annual,2024-07-21,33,active,2024-07-21
S03490,C03182,monthly,2025-05-01,13,active,2025-05-01
S03491,C03183,annual,2024-10-22,32,active,2024-10-22
S03492,C03184,monthly,2026-04-23,245,active,2026-04-23
S03493,C03184,annual,2026-06-10,553,active,2026-06-10
S03494,C03185,annual,2026-03-23,4,active,2026-03-23
S03495,C03186,monthly,2026-02-08,5,active,2026-02-08
S03496,C03187,annual,2024-12-14,0,cancelled,2025-11-14
S03497,C03187,annual,2026-02-24,8,active,2026-02-24
S03498,C03188,annual,2025-12-13,0,cancelled,2025-12-15
S03499,C03189,annual,2026-03-05,735,active,2026-03-05
S03500,C03190,annual,2025-06-16,3,active,2025-06-16
S03501,C03190,monthly,2025-10-14,2,active,2025-10-14
S03502,C03191,annual,2025-12-25,1,active,2025-12-25
S03503,C03191,annual,2026-03-29,18,active,2026-03-29
S03504,C03192,annual,2025-02-20,6,active,2025-02-20
S03505,C03193,annual,2026-02-06,4,active,2026-02-06
S03506,C03194,monthly,2026-01-12,7,active,2026-01-12
S03507,C03195,monthly,2025-08-23,1,active,2025-08-23
S03508,C03196,annual,2025-12-14,4,active,2025-12-14
S03509,C03197,monthly,2025-09-21,0,cancelled,2026-03-27
S03510,C03198,monthly,2025-04-24,98,active,2025-04-24
S03511,C03199,annual,2025-09-08,11,active,2025-09-08
S03512,C03200,monthly,2024-10-29,9,active,2024-10-29
S03513,C03201,annual,2025-02-13,0,cancelled,2025-09-06
S03514,C03202,monthly,2026-05-25,9,active,2026-05-25
S03515,C03203,annual,2026-02-23,6,active,2026-02-23
S03516,C03204,annual,2026-01-23,24,active,2026-01-23
S03517,C03205,annual,2026-01-28,19,active,2026-01-28
S03518,C03206,monthly,2025-09-27,16,active,2025-09-27
S03519,C03207,annual,2025-12-20,2,active,2025-12-20
S03520,C03208,monthly,2024-11-24,4,active,2024-11-24
S03521,C03209,annual,2025-07-01,185,active,2025-07-01
S03522,C03210,annual,2025-07-01,19,active,2025-07-01
S03523,C03211,annual,2026-05-29,4,active,2026-05-29
S03524,C03212,annual,2025-02-05,14,active,2025-02-05
S03525,C03213,monthly,2025-10-15,8,active,2025-10-15
S03526,C03214,annual,2025-06-09,5,active,2025-06-09
S03527,C03215,annual,2024-12-25,5,active,2024-12-25
S03528,C03215,annual,2026-05-13,12,active,2026-05-13
S03529,C03216,annual,2026-03-29,32,active,2026-03-29
S03530,C03217,monthly,2024-09-29,4,active,2024-09-29
S03531,C03218,monthly,2026-05-05,5,active,2026-05-05
S03532,C03218,annual,2026-06-30,7,active,2026-06-30
S03533,C03219,annual,2025-10-16,0,cancelled,2025-11-23
S03534,C03220,annual,2025-11-02,8,active,2025-11-02
S03535,C03221,monthly,2025-10-22,4,active,2025-10-22
S03536,C03222,annual,2025-01-11,0,cancelled,2025-12-10
S03537,C03223,annual,2026-05-07,371,active,2026-05-07
S03538,C03224,annual,2025-11-15,11,active,2025-11-15
S03539,C03225,monthly,2026-03-28,16,active,2026-03-28
S03540,C03226,monthly,2025-03-30,4,active,2025-03-30
S03541,C03227,monthly,2025-06-03,96,active,2025-06-03
S03542,C03228,annual,2024-07-05,244,active,2024-07-05
S03543,C03229,annual,2026-06-27,18,active,2026-06-27
S03544,C03230,monthly,2024-08-16,0,cancelled,2024-10-20
S03545,C03231,monthly,2025-03-31,1,active,2025-03-31
S03546,C03232,monthly,2025-09-21,3,active,2025-09-21
S03547,C03233,monthly,2025-09-22,201,active,2025-09-22
S03548,C03234,annual,2025-04-25,13,active,2025-04-25
S03549,C03235,monthly,2024-10-23,15,active,2024-10-23
S03550,C03236,monthly,2025-06-09,3,active,2025-06-09
S03551,C03236,annual,2026-05-24,80,active,2026-05-24
S03552,C03237,monthly,2025-03-21,2,active,2025-03-21
S03553,C03238,annual,2025-02-05,20,active,2025-02-05
S03554,C03239,annual,2025-12-20,18,active,2025-12-20
S03555,C03240,annual,2025-04-16,6,active,2025-04-16
S03556,C03241,monthly,2024-11-22,27,active,2024-11-22
S03557,C03242,annual,2025-11-14,112,active,2025-11-14
S03558,C03243,annual,2025-09-16,0,cancelled,2026-03-30
S03559,C03244,annual,2026-06-09,6,active,2026-06-09
S03560,C03245,monthly,2025-07-15,8,active,2025-07-15
S03561,C03246,monthly,2026-06-06,3,active,2026-06-06
S03562,C03247,monthly,2024-07-29,5,active,2024-07-29
S03563,C03248,monthly,2025-12-10,2,active,2025-12-10
S03564,C03249,monthly,2025-07-27,13,active,2025-07-27
S03565,C03250,annual,2025-02-16,24,active,2025-02-16
S03566,C03251,annual,2024-11-20,3,active,2024-11-20
S03567,C03252,monthly,2026-04-04,14,active,2026-04-04
S03568,C03253,annual,2025-07-02,4,active,2025-07-02
S03569,C03253,annual,2025-10-15,44,active,2025-10-15
S03570,C03254,annual,2026-02-19,3,active,2026-02-19
S03571,C03254,annual,2026-04-14,3,active,2026-04-14
S03572,C03255,annual,2025-03-22,0,cancelled,2026-05-21
S03573,C03256,monthly,2025-05-30,198,active,2025-05-30
S03574,C03257,annual,2025-08-31,18,active,2025-08-31
S03575,C03258,monthly,2024-10-17,4,active,2024-10-17
S03576,C03259,monthly,2025-04-01,7,active,2025-04-01
S03577,C03260,annual,2024-10-17,107,active,2024-10-17
S03578,C03261,annual,2025-10-28,12,active,2025-10-28
S03579,C03261,annual,2025-12-22,67,active,2025-12-22
S03580,C03262,monthly,2026-01-10,4,active,2026-01-10
S03581,C03262,monthly,2026-02-09,5,active,2026-02-09
S03582,C03263,annual,2025-12-25,28,active,2025-12-25
S03583,C03264,monthly,2024-08-22,0,cancelled,2026-05-27
S03584,C03265,monthly,2026-01-30,26,active,2026-01-30
S03585,C03265,monthly,2026-04-18,4,active,2026-04-18
S03586,C03266,annual,2025-05-19,10,active,2025-05-19
S03587,C03267,annual,2024-11-30,3,active,2024-11-30
S03588,C03268,monthly,2024-11-04,0,cancelled,2025-04-10
S03589,C03269,annual,2025-12-11,8,active,2025-12-11
S03590,C03270,monthly,2024-11-22,6,active,2024-11-22
S03591,C03271,monthly,2026-04-10,4,active,2026-04-10
S03592,C03272,monthly,2025-07-11,1,active,2025-07-11
S03593,C03273,annual,2025-03-28,18,active,2025-03-28
S03594,C03274,annual,2024-07-25,5,active,2024-07-25
S03595,C03275,annual,2026-06-23,19,active,2026-06-23
S03596,C03276,annual,2025-01-31,5,active,2025-01-31
S03597,C03277,annual,2025-10-24,558,active,2025-10-24
S03598,C03278,monthly,2026-06-25,4,active,2026-06-25
S03599,C03279,monthly,2024-11-23,1,active,2024-11-23
S03600,C03280,monthly,2025-09-30,4,active,2025-09-30
S03601,C03280,annual,2026-05-20,3,active,2026-05-20
S03602,C03281,annual,2025-10-14,34,active,2025-10-14
S03603,C03282,annual,2025-01-22,3,active,2025-01-22
S03604,C03283,annual,2024-07-14,5,active,2024-07-14
S03605,C03284,monthly,2026-02-17,5,active,2026-02-17
S03606,C03285,monthly,2024-09-23,27,active,2024-09-23
S03607,C03286,monthly,2024-11-23,20,active,2024-11-23
S03608,C03287,annual,2025-06-06,0,cancelled,2025-11-03
S03609,C03288,annual,2025-08-03,37,active,2025-08-03
S03610,C03289,annual,2026-03-28,13,active,2026-03-28
S03611,C03290,annual,2025-04-14,6,active,2025-04-14
S03612,C03291,annual,2025-03-28,5,active,2025-03-28
S03613,C03292,monthly,2025-09-18,16,active,2025-09-18
S03614,C03293,monthly,2024-07-16,0,cancelled,2025-05-27
S03615,C03294,annual,2025-10-04,178,active,2025-10-04
S03616,C03295,monthly,2025-04-19,41,active,2025-04-19
S03617,C03296,annual,2025-08-02,14,active,2025-08-02
S03618,C03297,annual,2025-10-13,2,active,2025-10-13
S03619,C03298,annual,2025-07-13,0,cancelled,2026-01-26
S03620,C03298,monthly,2026-02-18,6,active,2026-02-18
S03621,C03299,monthly,2026-06-03,2,active,2026-06-03
S03622,C03300,annual,2025-08-16,0,cancelled,2026-06-22
S03623,C03301,annual,2025-10-29,4,active,2025-10-29
S03624,C03302,monthly,2024-11-22,9,active,2024-11-22
S03625,C03303,annual,2025-08-08,12,active,2025-08-08
S03626,C03304,annual,2025-07-17,2,active,2025-07-17
S03627,C03305,annual,2024-12-23,9,active,2024-12-23
S03628,C03306,annual,2026-03-31,5,active,2026-03-31
S03629,C03307,monthly,2025-03-23,24,active,2025-03-23
S03630,C03308,monthly,2025-11-08,4,active,2025-11-08
S03631,C03309,annual,2026-04-09,42,active,2026-04-09
S03632,C03310,annual,2024-11-21,6,active,2024-11-21
S03633,C03311,annual,2025-03-09,2,active,2025-03-09
S03634,C03312,annual,2025-08-17,7,active,2025-08-17
S03635,C03313,annual,2024-11-25,2,active,2024-11-25
S03636,C03314,annual,2025-10-01,12,active,2025-10-01
S03637,C03315,annual,2025-10-02,16,active,2025-10-02
S03638,C03316,annual,2024-12-21,0,cancelled,2024-12-31
S03639,C03317,monthly,2026-04-16,7,active,2026-04-16
S03640,C03317,annual,2026-05-22,25,active,2026-05-22
S03641,C03318,monthly,2025-10-25,0,cancelled,2026-03-10
S03642,C03319,annual,2026-02-24,27,active,2026-02-24
S03643,C03319,annual,2026-06-13,60,active,2026-06-13
S03644,C03320,annual,2025-11-19,5,active,2025-11-19
S03645,C03321,annual,2026-06-25,4,active,2026-06-25
S03646,C03322,monthly,2024-07-16,20,active,2024-07-16
S03647,C03323,annual,2024-09-12,2,active,2024-09-12
S03648,C03324,annual,2025-11-05,11,active,2025-11-05
S03649,C03325,monthly,2025-05-10,0,cancelled,2026-01-16
S03650,C03326,annual,2026-03-07,33,active,2026-03-07
S03651,C03327,monthly,2024-10-27,0,cancelled,2025-03-17
S03652,C03328,monthly,2025-06-22,4,active,2025-06-22
S03653,C03329,monthly,2025-09-17,2,active,2025-09-17
S03654,C03330,annual,2025-05-07,7,active,2025-05-07
S03655,C03330,annual,2026-04-25,4,active,2026-04-25
S03656,C03331,annual,2024-09-29,0,cancelled,2026-01-19
S03657,C03332,annual,2024-09-30,3,active,2024-09-30
S03658,C03333,annual,2024-11-10,6,active,2024-11-10
S03659,C03334,monthly,2025-10-13,19,active,2025-10-13
S03660,C03335,monthly,2025-08-05,34,active,2025-08-05
S03661,C03336,monthly,2024-08-09,0,cancelled,2026-06-10
S03662,C03337,monthly,2024-11-28,2,active,2024-11-28
S03663,C03338,annual,2024-11-05,3,active,2024-11-05
S03664,C03339,monthly,2026-05-12,16,active,2026-05-12
S03665,C03340,monthly,2024-09-22,0,cancelled,2024-11-22
S03666,C03341,annual,2026-01-19,10,active,2026-01-19
S03667,C03342,annual,2025-04-28,231,active,2025-04-28
S03668,C03343,monthly,2026-02-17,10,active,2026-02-17
S03669,C03344,annual,2025-12-04,2,active,2025-12-04
S03670,C03345,monthly,2025-07-29,1,active,2025-07-29
S03671,C03346,annual,2025-08-07,18,active,2025-08-07
S03672,C03347,monthly,2025-08-28,30,active,2025-08-28
S03673,C03348,annual,2025-12-01,0,cancelled,2026-05-30
S03674,C03349,monthly,2025-09-25,0,cancelled,2026-06-11
S03675,C03350,annual,2026-01-29,16,active,2026-01-29
S03676,C03351,monthly,2026-04-13,7,active,2026-04-13
S03677,C03352,monthly,2024-11-21,45,active,2024-11-21
S03678,C03353,annual,2024-11-17,660,active,2024-11-17
S03679,C03354,monthly,2026-03-23,10,active,2026-03-23
S03680,C03355,monthly,2025-11-05,16,active,2025-11-05
S03681,C03356,annual,2025-10-02,11,active,2025-10-02
S03682,C03357,annual,2026-01-16,19,active,2026-01-16
S03683,C03358,annual,2026-04-27,211,active,2026-04-27
S03684,C03359,annual,2025-09-18,6,active,2025-09-18
S03685,C03360,monthly,2026-04-06,5,active,2026-04-06
S03686,C03361,annual,2025-01-26,15,active,2025-01-26
S03687,C03361,monthly,2025-02-28,0,cancelled,2025-04-05
S03688,C03362,annual,2025-02-18,8,active,2025-02-18
S03689,C03363,monthly,2025-11-23,10,active,2025-11-23
S03690,C03364,monthly,2025-09-29,10,active,2025-09-29
S03691,C03365,annual,2025-02-06,0,cancelled,2025-04-10
S03692,C03366,monthly,2025-12-05,13,active,2025-12-05
S03693,C03367,monthly,2025-10-11,17,active,2025-10-11
S03694,C03368,annual,2025-10-31,2,active,2025-10-31
S03695,C03369,monthly,2025-09-22,3,active,2025-09-22
S03696,C03370,monthly,2024-10-06,22,active,2024-10-06
S03697,C03371,annual,2024-11-01,1,active,2024-11-01
S03698,C03372,monthly,2025-03-22,8,active,2025-03-22
S03699,C03373,monthly,2026-06-16,16,active,2026-06-16
S03700,C03374,monthly,2026-04-03,4,active,2026-04-03
S03701,C03375,annual,2026-02-04,16,active,2026-02-04
S03702,C03375,annual,2026-04-29,16,active,2026-04-29
S03703,C03376,annual,2026-03-26,178,active,2026-03-26
S03704,C03377,annual,2025-11-05,2,active,2025-11-05
S03705,C03378,annual,2025-05-02,15,active,2025-05-02
S03706,C03379,monthly,2026-06-14,21,active,2026-06-14
S03707,C03380,annual,2025-08-08,12,active,2025-08-08
S03708,C03381,annual,2026-04-12,18,active,2026-04-12
S03709,C03382,annual,2025-10-21,3,active,2025-10-21
S03710,C03382,annual,2026-04-13,5,active,2026-04-13
S03711,C03383,annual,2024-10-30,6,active,2024-10-30
S03712,C03384,annual,2026-01-08,11,active,2026-01-08
S03713,C03385,annual,2025-04-23,5,active,2025-04-23
S03714,C03386,monthly,2025-07-19,11,active,2025-07-19
S03715,C03387,annual,2026-05-21,5,active,2026-05-21
S03716,C03388,annual,2024-08-08,10,active,2024-08-08
S03717,C03389,annual,2026-06-28,7,active,2026-06-28
S03718,C03390,annual,2025-11-19,5,active,2025-11-19
S03719,C03391,monthly,2025-09-20,69,active,2025-09-20
S03720,C03392,monthly,2026-02-22,8,active,2026-02-22
S03721,C03392,annual,2026-04-29,8,active,2026-04-29
S03722,C03393,annual,2024-10-04,0,cancelled,2025-08-25
S03723,C03394,monthly,2026-03-06,10,active,2026-03-06
S03724,C03395,monthly,2026-04-25,18,active,2026-04-25
S03725,C03396,monthly,2025-04-03,3,active,2025-04-03
S03726,C03397,annual,2026-01-25,12,active,2026-01-25
S03727,C03398,annual,2024-08-01,0,cancelled,2025-04-18
S03728,C03399,monthly,2024-09-18,6,active,2024-09-18
S03729,C03400,monthly,2024-10-31,21,active,2024-10-31
S03730,C03401,monthly,2025-05-23,100,active,2025-05-23
S03731,C03402,annual,2025-08-03,5,active,2025-08-03
S03732,C03403,annual,2026-04-07,15,active,2026-04-07
S03733,C03404,annual,2026-01-01,5,active,2026-01-01
S03734,C03405,monthly,2024-09-30,9,active,2024-09-30
S03735,C03406,annual,2024-12-01,6,active,2024-12-01
S03736,C03407,annual,2024-09-13,0,cancelled,2025-05-12
S03737,C03408,annual,2025-06-03,2,active,2025-06-03
S03738,C03409,monthly,2025-08-01,22,active,2025-08-01
S03739,C03409,monthly,2026-06-14,11,active,2026-06-14
S03740,C03410,monthly,2025-07-13,6,active,2025-07-13
S03741,C03411,annual,2025-02-16,10,active,2025-02-16
S03742,C03412,annual,2026-05-29,3,active,2026-05-29
S03743,C03413,annual,2025-06-30,3,active,2025-06-30
S03744,C03414,annual,2026-06-18,25,active,2026-06-18
S03745,C03415,monthly,2025-06-24,20,active,2025-06-24
S03746,C03416,monthly,2026-02-19,4,active,2026-02-19
S03747,C03417,monthly,2025-05-02,11,active,2025-05-02
S03748,C03418,annual,2025-03-14,202,active,2025-03-14
S03749,C03419,monthly,2025-09-18,11,active,2025-09-18
S03750,C03420,monthly,2026-06-17,3,active,2026-06-17
S03751,C03421,annual,2025-04-21,0,cancelled,2025-10-06
S03752,C03421,annual,2026-03-27,11,active,2026-03-27
S03753,C03422,monthly,2025-09-01,3,active,2025-09-01
S03754,C03422,annual,2026-06-18,10,active,2026-06-18
S03755,C03423,annual,2025-01-06,229,active,2025-01-06
S03756,C03423,annual,2025-11-02,79,active,2025-11-02
S03757,C03424,annual,2024-10-28,2,active,2024-10-28
S03758,C03425,annual,2026-02-18,4,active,2026-02-18
S03759,C03426,monthly,2026-01-08,5,active,2026-01-08
S03760,C03427,annual,2025-10-01,23,active,2025-10-01
S03761,C03428,annual,2025-08-28,8,active,2025-08-28
S03762,C03429,annual,2026-06-21,2,active,2026-06-21
S03763,C03430,annual,2025-02-13,6,active,2025-02-13
S03764,C03431,annual,2025-07-31,33,active,2025-07-31
S03765,C03432,monthly,2026-05-25,7,active,2026-05-25
S03766,C03433,annual,2026-04-21,30,active,2026-04-21
S03767,C03433,monthly,2026-06-05,6,active,2026-06-05
S03768,C03434,annual,2024-09-30,7,active,2024-09-30
S03769,C03435,monthly,2026-05-07,9,active,2026-05-07
S03770,C03436,annual,2025-06-08,2,active,2025-06-08
S03771,C03437,annual,2025-08-07,7,active,2025-08-07
S03772,C03438,monthly,2025-08-25,28,active,2025-08-25
S03773,C03439,monthly,2024-10-28,13,active,2024-10-28
S03774,C03439,annual,2026-03-24,20,active,2026-03-24
S03775,C03440,monthly,2025-09-27,10,active,2025-09-27
S03776,C03441,annual,2024-12-11,0,cancelled,2025-12-08
S03777,C03442,monthly,2024-11-20,15,active,2024-11-20
S03778,C03443,annual,2024-11-11,38,active,2024-11-11
S03779,C03444,annual,2025-02-25,85,active,2025-02-25
S03780,C03445,annual,2025-03-16,15,active,2025-03-16
S03781,C03446,annual,2025-03-31,0,cancelled,2025-09-11
S03782,C03447,monthly,2026-01-23,0,cancelled,2026-01-31
S03783,C03448,annual,2025-09-14,0,cancelled,2026-02-04
S03784,C03449,monthly,2024-12-19,95,active,2024-12-19
S03785,C03450,annual,2025-03-04,4,active,2025-03-04
S03786,C03450,annual,2026-05-21,9,active,2026-05-21
S03787,C03451,monthly,2025-06-24,5,active,2025-06-24
S03788,C03451,annual,2026-05-26,11,active,2026-05-26
S03789,C03452,monthly,2025-12-28,16,active,2025-12-28
S03790,C03453,annual,2024-07-10,35,active,2024-07-10
S03791,C03454,annual,2025-08-05,3,active,2025-08-05
S03792,C03455,annual,2025-09-22,7,active,2025-09-22
S03793,C03456,annual,2024-08-15,16,active,2024-08-15
S03794,C03457,monthly,2024-08-15,3,active,2024-08-15
S03795,C03458,annual,2026-04-16,2,active,2026-04-16
S03796,C03459,annual,2024-08-24,0,cancelled,2025-08-28
S03797,C03459,annual,2025-11-02,5,active,2025-11-02
S03798,C03460,monthly,2025-01-18,5,active,2025-01-18
S03799,C03461,monthly,2026-01-25,6,active,2026-01-25
S03800,C03462,monthly,2026-01-29,3,active,2026-01-29
S03801,C03463,monthly,2026-02-23,26,active,2026-02-23
S03802,C03464,monthly,2025-05-28,0,cancelled,2026-05-23
S03803,C03465,annual,2026-02-02,3,active,2026-02-02
S03804,C03465,annual,2026-04-13,7,active,2026-04-13
S03805,C03466,annual,2026-05-28,6,active,2026-05-28
S03806,C03467,monthly,2024-10-13,2,active,2024-10-13
S03807,C03468,annual,2024-12-01,18,active,2024-12-01
S03808,C03469,monthly,2025-01-14,5,active,2025-01-14
S03809,C03470,annual,2025-08-02,25,active,2025-08-02
S03810,C03471,annual,2025-08-17,212,active,2025-08-17
S03811,C03472,annual,2026-01-08,10,active,2026-01-08
S03812,C03473,annual,2025-04-12,5,active,2025-04-12
S03813,C03473,annual,2025-05-12,4,active,2025-05-12
S03814,C03474,annual,2026-05-17,4,active,2026-05-17
S03815,C03475,annual,2025-07-01,6,active,2025-07-01
S03816,C03476,annual,2024-09-02,4,active,2024-09-02
S03817,C03477,monthly,2025-02-18,28,active,2025-02-18
S03818,C03478,annual,2026-05-24,8,active,2026-05-24
S03819,C03479,monthly,2025-05-18,21,active,2025-05-18
S03820,C03480,monthly,2025-10-01,9,active,2025-10-01
S03821,C03481,annual,2025-04-29,14,active,2025-04-29
S03822,C03482,annual,2024-11-18,3,active,2024-11-18
S03823,C03483,annual,2026-06-04,4,active,2026-06-04
S03824,C03484,annual,2026-03-03,8,active,2026-03-03
S03825,C03485,annual,2025-03-01,15,active,2025-03-01
S03826,C03485,monthly,2025-04-08,12,active,2025-04-08
S03827,C03486,annual,2025-12-14,5,active,2025-12-14
S03828,C03486,monthly,2026-01-26,8,active,2026-01-26
S03829,C03487,annual,2025-06-30,15,active,2025-06-30
S03830,C03488,annual,2026-03-27,3,active,2026-03-27
S03831,C03489,annual,2025-01-14,15,active,2025-01-14
S03832,C03490,monthly,2025-09-09,16,active,2025-09-09
S03833,C03491,annual,2026-04-19,9,active,2026-04-19
S03834,C03492,annual,2025-04-05,0,cancelled,2026-05-04
S03835,C03493,annual,2025-07-28,34,active,2025-07-28
S03836,C03493,annual,2025-12-30,4,active,2025-12-30
S03837,C03494,annual,2025-01-12,14,active,2025-01-12
S03838,C03495,annual,2026-01-07,4,active,2026-01-07
S03839,C03496,monthly,2025-05-26,8,active,2025-05-26
S03840,C03497,annual,2025-09-12,4,active,2025-09-12
S03841,C03498,annual,2025-12-17,54,active,2025-12-17
S03842,C03499,monthly,2024-10-27,4,active,2024-10-27
S03843,C03500,annual,2025-07-07,8,active,2025-07-07
S03844,C03501,annual,2025-03-01,98,active,2025-03-01
S03845,C03502,monthly,2024-11-07,16,active,2024-11-07
S03846,C03503,annual,2026-02-05,107,active,2026-02-05
S03847,C03504,monthly,2025-03-07,7,active,2025-03-07
S03848,C03504,annual,2026-06-20,55,active,2026-06-20
S03849,C03505,monthly,2025-09-25,10,active,2025-09-25
S03850,C03506,monthly,2025-06-10,5,active,2025-06-10
S03851,C03507,annual,2024-10-03,16,active,2024-10-03
S03852,C03508,monthly,2026-02-28,4,active,2026-02-28
S03853,C03509,annual,2024-11-08,11,active,2024-11-08
S03854,C03510,annual,2025-01-07,3,active,2025-01-07
S03855,C03511,annual,2026-04-25,29,active,2026-04-25
S03856,C03512,monthly,2025-05-09,6,active,2025-05-09
S03857,C03513,annual,2024-09-20,7,active,2024-09-20
S03858,C03514,annual,2026-05-06,31,active,2026-05-06
S03859,C03515,annual,2024-11-08,7,active,2024-11-08
S03860,C03516,annual,2024-08-24,0,cancelled,2026-02-11
S03861,C03516,annual,2026-02-26,7,active,2026-02-26
S03862,C03517,annual,2025-04-16,10,active,2025-04-16
S03863,C03518,annual,2024-09-19,6,active,2024-09-19
S03864,C03518,annual,2025-03-10,12,active,2025-03-10
S03865,C03519,monthly,2025-08-29,0,cancelled,2025-11-02
S03866,C03520,monthly,2024-09-08,8,active,2024-09-08
S03867,C03521,annual,2025-05-25,12,active,2025-05-25
S03868,C03522,annual,2026-03-13,8,active,2026-03-13
S03869,C03523,monthly,2024-09-14,16,active,2024-09-14
S03870,C03524,annual,2026-04-20,16,active,2026-04-20
S03871,C03525,monthly,2025-05-29,10,active,2025-05-29
S03872,C03526,annual,2025-08-14,11,active,2025-08-14
S03873,C03527,annual,2026-02-28,14,active,2026-02-28
S03874,C03528,annual,2025-02-15,0,cancelled,2025-10-17
S03875,C03529,annual,2024-12-11,3,active,2024-12-11
S03876,C03530,annual,2024-12-14,4,active,2024-12-14
S03877,C03530,annual,2026-01-14,5,active,2026-01-14
S03878,C03531,monthly,2024-11-19,5,active,2024-11-19
S03879,C03532,monthly,2025-04-12,12,active,2025-04-12
S03880,C03533,annual,2025-08-25,4,active,2025-08-25
S03881,C03534,annual,2024-10-30,7,active,2024-10-30
S03882,C03535,annual,2025-01-05,6,active,2025-01-05
S03883,C03536,monthly,2024-07-24,8,active,2024-07-24
S03884,C03537,monthly,2024-09-06,8,active,2024-09-06
S03885,C03538,monthly,2024-07-04,0,cancelled,2024-11-18
S03886,C03539,annual,2025-01-05,3,active,2025-01-05
S03887,C03540,monthly,2025-06-27,19,active,2025-06-27
S03888,C03541,annual,2025-07-15,3,active,2025-07-15
S03889,C03541,annual,2025-12-10,6,active,2025-12-10
S03890,C03542,monthly,2025-06-09,0,cancelled,2026-06-09
S03891,C03543,annual,2026-05-30,33,active,2026-05-30
S03892,C03544,annual,2025-05-28,1,active,2025-05-28
S03893,C03545,annual,2025-07-11,9,active,2025-07-11
S03894,C03545,monthly,2025-12-18,2,active,2025-12-18
S03895,C03546,annual,2024-08-17,3,active,2024-08-17
S03896,C03547,monthly,2025-03-26,1,active,2025-03-26
S03897,C03548,monthly,2025-03-12,27,active,2025-03-12
S03898,C03549,annual,2025-01-29,0,cancelled,2025-07-31
S03899,C03550,monthly,2025-04-07,5,active,2025-04-07
S03900,C03551,annual,2025-07-21,3,active,2025-07-21
S03901,C03552,annual,2025-11-08,3,active,2025-11-08
S03902,C03553,annual,2026-02-17,23,active,2026-02-17
S03903,C03554,annual,2025-09-07,9,active,2025-09-07
S03904,C03555,monthly,2024-09-14,4,active,2024-09-14
S03905,C03555,annual,2025-12-02,4,active,2025-12-02
S03906,C03556,annual,2024-12-19,4,active,2024-12-19
S03907,C03557,monthly,2024-10-12,6,active,2024-10-12
S03908,C03558,monthly,2024-08-18,10,active,2024-08-18
S03909,C03559,annual,2025-10-30,3,active,2025-10-30
S03910,C03560,annual,2026-06-06,55,active,2026-06-06
S03911,C03561,monthly,2025-01-06,22,active,2025-01-06
S03912,C03561,annual,2025-07-20,16,active,2025-07-20
S03913,C03562,monthly,2026-05-22,164,active,2026-05-22
S03914,C03562,monthly,2026-06-23,461,active,2026-06-23
S03915,C03563,monthly,2025-06-10,0,cancelled,2025-09-04
S03916,C03564,annual,2025-10-19,37,active,2025-10-19
S03917,C03565,monthly,2026-06-13,23,active,2026-06-13
S03918,C03566,annual,2025-02-08,6,active,2025-02-08
S03919,C03567,annual,2026-04-08,8,active,2026-04-08
S03920,C03568,annual,2025-04-02,4,active,2025-04-02
S03921,C03568,annual,2026-02-04,10,active,2026-02-04
S03922,C03569,annual,2025-05-06,25,active,2025-05-06
S03923,C03570,annual,2026-03-31,12,active,2026-03-31
S03924,C03571,monthly,2025-07-11,22,active,2025-07-11
S03925,C03572,annual,2024-07-06,4,active,2024-07-06
S03926,C03573,monthly,2025-05-21,2,active,2025-05-21
S03927,C03574,annual,2025-03-29,2,active,2025-03-29
S03928,C03575,annual,2024-09-29,913,active,2024-09-29
S03929,C03576,monthly,2026-02-18,80,active,2026-02-18
S03930,C03577,annual,2026-03-22,9,active,2026-03-22
S03931,C03578,annual,2026-01-21,10,active,2026-01-21
S03932,C03579,monthly,2025-04-06,11,active,2025-04-06
S03933,C03580,annual,2025-02-01,5,active,2025-02-01
S03934,C03581,annual,2024-11-25,3,active,2024-11-25
S03935,C03582,monthly,2026-02-15,36,active,2026-02-15
S03936,C03583,monthly,2025-08-28,18,active,2025-08-28
S03937,C03583,monthly,2026-04-19,40,active,2026-04-19
S03938,C03584,annual,2025-10-01,11,active,2025-10-01
S03939,C03585,monthly,2025-06-01,25,active,2025-06-01
S03940,C03586,annual,2024-11-04,2,active,2024-11-04
S03941,C03587,annual,2024-10-19,3,active,2024-10-19
S03942,C03588,annual,2025-06-07,60,active,2025-06-07
S03943,C03589,annual,2026-01-30,6,active,2026-01-30
S03944,C03590,monthly,2025-08-14,0,cancelled,2026-03-25
S03945,C03590,annual,2026-01-20,10,active,2026-01-20
S03946,C03591,annual,2024-08-09,13,active,2024-08-09
S03947,C03592,monthly,2026-01-13,10,active,2026-01-13
S03948,C03593,annual,2025-07-08,10,active,2025-07-08
S03949,C03594,annual,2026-01-11,13,active,2026-01-11
S03950,C03595,annual,2024-10-15,3,active,2024-10-15
S03951,C03596,annual,2025-11-23,5,active,2025-11-23
S03952,C03597,annual,2024-10-09,7,active,2024-10-09
S03953,C03598,monthly,2025-10-15,3,active,2025-10-15
S03954,C03599,annual,2024-11-08,0,cancelled,2026-02-13
S03955,C03600,monthly,2024-11-08,40,active,2024-11-08
S03956,C03601,annual,2025-07-18,3,active,2025-07-18
S03957,C03601,annual,2025-08-19,0,cancelled,2026-03-31
S03958,C03602,monthly,2024-12-06,19,active,2024-12-06
S03959,C03603,monthly,2024-08-01,31,active,2024-08-01
S03960,C03604,annual,2026-03-03,1,active,2026-03-03
S03961,C03605,monthly,2024-10-08,0,cancelled,2026-04-22
S03962,C03606,annual,2024-07-17,0,cancelled,2025-12-13
S03963,C03607,annual,2025-07-24,5,active,2025-07-24
S03964,C03608,monthly,2025-03-05,1,active,2025-03-05
S03965,C03609,annual,2024-08-24,40,active,2024-08-24
S03966,C03610,monthly,2025-03-06,2,active,2025-03-06
S03967,C03611,annual,2025-11-16,18,active,2025-11-16
S03968,C03612,monthly,2025-06-25,3,active,2025-06-25
S03969,C03613,monthly,2026-02-26,4,active,2026-02-26
S03970,C03614,annual,2025-03-06,0,cancelled,2026-06-09
S03971,C03615,annual,2025-06-13,9,active,2025-06-13
S03972,C03616,monthly,2025-12-14,19,active,2025-12-14
S03973,C03617,annual,2025-12-29,9,active,2025-12-29
S03974,C03618,monthly,2024-12-05,25,active,2024-12-05
S03975,C03619,annual,2025-07-17,3,active,2025-07-17
S03976,C03620,annual,2025-10-24,3,active,2025-10-24
S03977,C03621,monthly,2025-02-05,0,cancelled,2025-07-30
S03978,C03621,monthly,2026-06-07,5,active,2026-06-07
S03979,C03622,annual,2026-01-28,392,active,2026-01-28
S03980,C03623,monthly,2024-12-14,12,active,2024-12-14
S03981,C03624,annual,2024-08-03,10,active,2024-08-03
S03982,C03625,annual,2025-06-18,122,active,2025-06-18
S03983,C03626,annual,2024-10-04,17,active,2024-10-04
S03984,C03627,annual,2025-12-04,7,active,2025-12-04
S03985,C03628,annual,2025-06-18,7,active,2025-06-18
S03986,C03629,monthly,2026-01-09,18,active,2026-01-09
S03987,C03630,annual,2024-12-06,7,active,2024-12-06
S03988,C03631,monthly,2025-02-05,24,active,2025-02-05
S03989,C03631,monthly,2025-03-28,0,cancelled,2026-01-20
S03990,C03632,monthly,2026-02-05,8,active,2026-02-05
S03991,C03633,annual,2025-06-28,32,active,2025-06-28
S03992,C03634,annual,2026-02-16,6,active,2026-02-16
S03993,C03635,monthly,2024-10-20,18,active,2024-10-20
S03994,C03636,monthly,2025-10-24,4,active,2025-10-24
S03995,C03637,monthly,2026-02-16,8,active,2026-02-16
S03996,C03638,monthly,2024-08-10,9,active,2024-08-10
S03997,C03639,monthly,2024-12-22,2,active,2024-12-22
S03998,C03640,monthly,2024-11-30,4,active,2024-11-30
S03999,C03641,annual,2024-09-24,7,active,2024-09-24
S04000,C03642,annual,2024-12-13,7,active,2024-12-13
S04001,C03643,monthly,2025-06-01,4,active,2025-06-01
S04002,C03644,monthly,2024-11-13,0,cancelled,2026-06-19
S04003,C03645,annual,2026-04-27,5,active,2026-04-27
S04004,C03646,monthly,2026-03-13,2,active,2026-03-13
S04005,C03647,annual,2025-08-21,3,active,2025-08-21
S04006,C03648,annual,2026-05-22,15,active,2026-05-22
S04007,C03649,annual,2026-04-08,6,active,2026-04-08
S04008,C03650,monthly,2024-09-12,8,active,2024-09-12
S04009,C03651,annual,2025-08-09,15,active,2025-08-09
S04010,C03652,annual,2024-07-01,1,active,2024-07-01
S04011,C03653,monthly,2025-09-10,10,active,2025-09-10
S04012,C03654,monthly,2025-12-17,25,active,2025-12-17
S04013,C03655,annual,2024-11-13,1,active,2024-11-13
S04014,C03656,monthly,2025-03-25,7,active,2025-03-25
S04015,C03657,annual,2025-11-04,9,active,2025-11-04
S04016,C03658,annual,2025-03-21,7,active,2025-03-21
S04017,C03659,annual,2025-05-06,25,active,2025-05-06
S04018,C03660,monthly,2024-08-05,6,active,2024-08-05
S04019,C03661,monthly,2024-10-31,2,active,2024-10-31
S04020,C03662,annual,2025-07-28,6,active,2025-07-28
S04021,C03663,annual,2024-09-13,11,active,2024-09-13
S04022,C03664,monthly,2025-06-01,1,active,2025-06-01
S04023,C03665,annual,2026-03-27,16,active,2026-03-27
S04024,C03666,monthly,2024-08-13,16,active,2024-08-13
S04025,C03667,annual,2024-09-11,0,cancelled,2026-04-27
S04026,C03668,monthly,2025-07-03,11,active,2025-07-03
S04027,C03668,annual,2026-05-07,9,active,2026-05-07
S04028,C03669,annual,2024-08-12,3,active,2024-08-12
S04029,C03670,annual,2024-07-18,0,cancelled,2025-03-24
S04030,C03671,monthly,2026-04-24,51,active,2026-04-24
S04031,C03672,annual,2026-03-21,28,active,2026-03-21
S04032,C03673,monthly,2024-12-07,1,active,2024-12-07
S04033,C03674,monthly,2025-07-03,0,cancelled,2026-03-02
S04034,C03675,annual,2025-03-19,16,active,2025-03-19
S04035,C03676,monthly,2026-06-10,13,active,2026-06-10
S04036,C03677,monthly,2026-05-25,33,active,2026-05-25
S04037,C03678,annual,2025-03-15,6,active,2025-03-15
S04038,C03679,annual,2024-09-11,0,cancelled,2024-10-27
S04039,C03680,annual,2025-07-24,4,active,2025-07-24
S04040,C03681,annual,2025-08-27,5,active,2025-08-27
S04041,C03682,monthly,2026-06-20,19,active,2026-06-20
S04042,C03683,monthly,2026-02-10,11,active,2026-02-10
S04043,C03684,annual,2026-02-26,335,active,2026-02-26
S04044,C03685,annual,2024-11-22,56,active,2024-11-22
S04045,C03686,monthly,2026-04-05,211,active,2026-04-05
S04046,C03687,monthly,2026-01-14,22,active,2026-01-14
S04047,C03688,monthly,2025-10-03,7,active,2025-10-03
S04048,C03689,monthly,2025-01-12,5,active,2025-01-12
S04049,C03690,monthly,2025-07-30,4,active,2025-07-30
S04050,C03691,annual,2026-05-19,6,active,2026-05-19
S04051,C03692,monthly,2024-08-07,14,active,2024-08-07
S04052,C03693,annual,2026-03-17,341,active,2026-03-17
S04053,C03694,annual,2026-03-03,6,active,2026-03-03
S04054,C03695,monthly,2025-08-06,169,active,2025-08-06
S04055,C03695,annual,2026-03-10,169,active,2026-03-10
S04056,C03696,monthly,2025-03-10,307,active,2025-03-10
S04057,C03697,annual,2024-12-21,22,active,2024-12-21
S04058,C03698,annual,2025-09-11,5,active,2025-09-11
S04059,C03699,annual,2025-07-01,12,active,2025-07-01
S04060,C03700,annual,2025-02-27,5,active,2025-02-27
S04061,C03701,monthly,2025-03-28,5,active,2025-03-28
S04062,C03702,annual,2026-01-17,8,active,2026-01-17
S04063,C03702,annual,2026-05-27,4,active,2026-05-27
S04064,C03703,annual,2026-02-03,3,active,2026-02-03
S04065,C03704,annual,2026-05-03,11,active,2026-05-03
S04066,C03705,monthly,2025-08-27,4,active,2025-08-27
S04067,C03706,annual,2025-05-09,21,active,2025-05-09
S04068,C03707,annual,2025-06-29,0,cancelled,2025-10-11
S04069,C03708,monthly,2024-12-18,2,active,2024-12-18
S04070,C03709,annual,2026-04-14,9,active,2026-04-14
S04071,C03710,monthly,2024-10-26,12,active,2024-10-26
S04072,C03711,monthly,2025-07-21,13,active,2025-07-21
S04073,C03712,annual,2026-04-21,7,active,2026-04-21
S04074,C03712,monthly,2026-06-16,5,active,2026-06-16
S04075,C03713,annual,2025-11-29,65,active,2025-11-29
S04076,C03713,annual,2026-04-19,13,active,2026-04-19
S04077,C03714,monthly,2025-07-04,7,active,2025-07-04
S04078,C03715,annual,2026-05-15,8,active,2026-05-15
S04079,C03716,annual,2025-03-24,5,active,2025-03-24
S04080,C03717,annual,2026-02-11,3,active,2026-02-11
S04081,C03718,annual,2024-10-20,0,cancelled,2025-08-25
S04082,C03719,monthly,2024-10-18,0,cancelled,2025-05-04
S04083,C03719,annual,2026-05-25,9,active,2026-05-25
S04084,C03720,annual,2026-04-18,10,active,2026-04-18
S04085,C03721,annual,2025-12-28,3,active,2025-12-28
S04086,C03722,annual,2025-11-23,5,active,2025-11-23
S04087,C03723,annual,2025-08-27,35,active,2025-08-27
S04088,C03724,annual,2025-06-15,10,active,2025-06-15
S04089,C03725,annual,2026-05-15,10,active,2026-05-15
S04090,C03726,annual,2025-06-24,2,active,2025-06-24
S04091,C03727,monthly,2025-04-03,0,cancelled,2025-07-23
S04092,C03728,monthly,2025-07-13,3,active,2025-07-13
S04093,C03729,annual,2026-02-16,8,active,2026-02-16
S04094,C03730,annual,2024-12-08,12,active,2024-12-08
S04095,C03731,monthly,2025-09-07,3,active,2025-09-07
S04096,C03732,annual,2025-04-20,5,active,2025-04-20
S04097,C03733,monthly,2024-09-19,20,active,2024-09-19
S04098,C03734,monthly,2026-04-03,13,active,2026-04-03
S04099,C03735,monthly,2024-09-04,7,active,2024-09-04
S04100,C03736,monthly,2024-08-07,2,active,2024-08-07
S04101,C03737,monthly,2025-07-06,27,active,2025-07-06
S04102,C03738,annual,2025-05-10,3,active,2025-05-10
S04103,C03739,monthly,2026-01-20,4,active,2026-01-20
S04104,C03740,annual,2024-07-06,34,active,2024-07-06
S04105,C03741,monthly,2024-10-14,2,active,2024-10-14
S04106,C03742,annual,2026-01-14,4,active,2026-01-14
S04107,C03743,annual,2025-03-21,0,cancelled,2025-03-28
S04108,C03744,annual,2024-07-26,11,active,2024-07-26
S04109,C03745,annual,2025-03-25,14,active,2025-03-25
S04110,C03746,annual,2024-12-28,55,active,2024-12-28
S04111,C03746,monthly,2025-02-20,0,cancelled,2026-02-16
S04112,C03747,monthly,2026-01-07,5,active,2026-01-07
S04113,C03748,annual,2025-08-15,13,active,2025-08-15
S04114,C03749,annual,2026-04-15,7,active,2026-04-15
S04115,C03750,annual,2025-07-11,14,active,2025-07-11
S04116,C03751,annual,2026-06-29,11,active,2026-06-29
S04117,C03752,annual,2026-01-24,54,active,2026-01-24
S04118,C03753,monthly,2026-03-27,6,active,2026-03-27
S04119,C03753,monthly,2026-05-08,10,active,2026-05-08
S04120,C03754,monthly,2026-02-07,10,active,2026-02-07
S04121,C03755,monthly,2024-12-31,0,cancelled,2026-05-13
S04122,C03756,annual,2025-07-27,7,active,2025-07-27
S04123,C03757,annual,2025-11-21,31,active,2025-11-21
S04124,C03758,annual,2024-12-05,9,active,2024-12-05
S04125,C03759,monthly,2026-06-21,1,active,2026-06-21
S04126,C03760,monthly,2024-12-01,11,active,2024-12-01
S04127,C03761,monthly,2024-12-06,29,active,2024-12-06
S04128,C03762,annual,2025-11-24,2,active,2025-11-24
S04129,C03763,annual,2026-02-12,2,active,2026-02-12
S04130,C03764,monthly,2026-03-16,3,active,2026-03-16
S04131,C03764,annual,2026-06-30,1,active,2026-06-30
S04132,C03765,monthly,2026-05-19,12,active,2026-05-19
S04133,C03766,annual,2024-09-23,2,active,2024-09-23
S04134,C03767,monthly,2025-02-25,0,cancelled,2026-05-28
S04135,C03768,annual,2025-05-28,1323,active,2025-05-28
S04136,C03769,monthly,2025-03-04,0,cancelled,2026-02-27
S04137,C03770,monthly,2026-04-10,7,active,2026-04-10
S04138,C03771,annual,2026-03-28,2,active,2026-03-28
S04139,C03772,monthly,2024-12-09,10,active,2024-12-09
S04140,C03773,monthly,2025-02-06,3,active,2025-02-06
S04141,C03774,monthly,2025-11-09,0,cancelled,2025-11-17
S04142,C03775,monthly,2026-02-14,6,active,2026-02-14
S04143,C03776,monthly,2025-02-08,5,active,2025-02-08
S04144,C03777,annual,2024-08-19,0,cancelled,2026-04-26
S04145,C03778,annual,2026-06-18,13,active,2026-06-18
S04146,C03779,monthly,2025-02-27,27,active,2025-02-27
S04147,C03780,annual,2026-06-08,6,active,2026-06-08
S04148,C03781,annual,2025-08-23,13,active,2025-08-23
S04149,C03782,monthly,2026-02-01,12,active,2026-02-01
S04150,C03782,monthly,2026-04-08,33,active,2026-04-08
S04151,C03783,annual,2025-09-24,3,active,2025-09-24
S04152,C03784,annual,2026-02-23,6,active,2026-02-23
S04153,C03785,monthly,2024-08-22,11,active,2024-08-22
S04154,C03786,monthly,2025-01-28,25,active,2025-01-28
S04155,C03787,annual,2025-05-31,3,active,2025-05-31
S04156,C03788,annual,2024-07-02,5,active,2024-07-02
S04157,C03789,monthly,2025-07-28,33,active,2025-07-28
S04158,C03790,annual,2025-01-02,1,active,2025-01-02
S04159,C03791,annual,2024-10-06,0,cancelled,2025-02-08
S04160,C03792,monthly,2026-04-18,16,active,2026-04-18
S04161,C03793,annual,2026-03-06,6,active,2026-03-06
S04162,C03794,annual,2025-04-05,9,active,2025-04-05
S04163,C03794,monthly,2026-03-26,5,active,2026-03-26
S04164,C03795,annual,2025-10-21,10,active,2025-10-21
S04165,C03796,annual,2025-07-26,2,active,2025-07-26
S04166,C03796,monthly,2025-11-24,20,active,2025-11-24
S04167,C03797,annual,2024-07-28,0,cancelled,2025-12-17
S04168,C03798,annual,2025-01-02,0,cancelled,2026-06-04
S04169,C03799,annual,2025-08-13,0,cancelled,2026-06-04
S04170,C03800,monthly,2025-04-22,5,active,2025-04-22
S04171,C03800,annual,2025-07-05,2,active,2025-07-05
S04172,C03801,annual,2024-09-02,22,active,2024-09-02
S04173,C03802,annual,2024-09-04,16,active,2024-09-04
S04174,C03803,annual,2025-08-09,442,active,2025-08-09
S04175,C03804,annual,2024-07-25,14,active,2024-07-25
S04176,C03805,monthly,2025-11-14,6,active,2025-11-14
S04177,C03806,annual,2024-10-16,14,active,2024-10-16
S04178,C03806,annual,2025-09-29,13,active,2025-09-29
S04179,C03807,annual,2026-05-26,15,active,2026-05-26
S04180,C03808,monthly,2025-02-02,4,active,2025-02-02
S04181,C03809,annual,2024-12-12,10,active,2024-12-12
S04182,C03810,monthly,2025-01-16,5,active,2025-01-16
S04183,C03811,monthly,2026-01-25,8,active,2026-01-25
S04184,C03812,monthly,2024-10-10,3,active,2024-10-10
S04185,C03812,annual,2025-04-14,1,active,2025-04-14
S04186,C03813,annual,2025-05-31,0,cancelled,2025-06-22
S04187,C03813,monthly,2025-11-01,19,active,2025-11-01
S04188,C03814,annual,2025-06-30,9,active,2025-06-30
S04189,C03815,annual,2024-11-02,4,active,2024-11-02
S04190,C03816,annual,2024-12-01,0,cancelled,2026-02-02
S04191,C03816,annual,2025-02-04,8,active,2025-02-04
S04192,C03817,annual,2026-06-30,11,active,2026-06-30
S04193,C03818,monthly,2024-11-25,3,active,2024-11-25
S04194,C03819,annual,2024-11-24,6,active,2024-11-24
S04195,C03820,annual,2026-03-28,17,active,2026-03-28
S04196,C03820,monthly,2026-05-14,3,active,2026-05-14
S04197,C03821,monthly,2025-04-21,22,active,2025-04-21
S04198,C03822,annual,2024-07-31,4,active,2024-07-31
S04199,C03823,monthly,2025-12-26,13,active,2025-12-26
S04200,C03823,annual,2026-05-15,26,active,2026-05-15
S04201,C03824,annual,2025-09-15,3,active,2025-09-15
S04202,C03825,monthly,2025-11-03,4,active,2025-11-03
S04203,C03826,annual,2025-10-31,20,active,2025-10-31
S04204,C03826,annual,2026-06-30,19,active,2026-06-30
S04205,C03827,monthly,2024-12-16,10,active,2024-12-16
S04206,C03828,monthly,2025-01-23,47,active,2025-01-23
S04207,C03829,annual,2024-07-15,39,active,2024-07-15
S04208,C03830,annual,2025-12-12,0,cancelled,2026-01-22
S04209,C03831,monthly,2025-02-19,21,active,2025-02-19
S04210,C03832,annual,2026-01-05,16,active,2026-01-05
S04211,C03833,annual,2026-03-01,2,active,2026-03-01
S04212,C03834,annual,2026-06-29,7,active,2026-06-29
S04213,C03835,annual,2026-01-31,4,active,2026-01-31
S04214,C03835,annual,2026-06-02,5,active,2026-06-02
S04215,C03836,monthly,2025-03-12,16,active,2025-03-12
S04216,C03836,monthly,2026-04-18,33,active,2026-04-18
S04217,C03837,monthly,2025-02-27,6,active,2025-02-27
S04218,C03838,monthly,2026-05-25,16,active,2026-05-25
S04219,C03839,monthly,2024-09-03,53,active,2024-09-03
S04220,C03840,annual,2025-04-11,0,cancelled,2026-02-21
S04221,C03841,annual,2025-10-07,13,active,2025-10-07
S04222,C03842,annual,2025-02-08,3,active,2025-02-08
S04223,C03843,annual,2025-03-26,22,active,2025-03-26
S04224,C03844,monthly,2024-07-17,6,active,2024-07-17
S04225,C03845,monthly,2025-05-06,3,active,2025-05-06
S04226,C03846,annual,2025-08-08,3,active,2025-08-08
S04227,C03847,monthly,2025-06-11,147,active,2025-06-11
S04228,C03848,monthly,2025-11-07,2,active,2025-11-07
S04229,C03848,annual,2026-05-23,43,active,2026-05-23
S04230,C03849,annual,2025-06-25,45,active,2025-06-25
S04231,C03850,annual,2025-03-07,21,active,2025-03-07
S04232,C03851,monthly,2024-09-24,0,cancelled,2024-12-28
S04233,C03852,annual,2025-05-24,11,active,2025-05-24
S04234,C03853,annual,2025-04-02,3,active,2025-04-02
S04235,C03854,annual,2025-06-26,16,active,2025-06-26
S04236,C03855,monthly,2026-05-20,3,active,2026-05-20
S04237,C03856,annual,2026-05-07,9,active,2026-05-07
S04238,C03857,monthly,2025-02-10,2,active,2025-02-10
S04239,C03858,monthly,2025-01-01,4,active,2025-01-01
S04240,C03859,annual,2024-09-11,164,active,2024-09-11
S04241,C03860,monthly,2024-07-02,10,active,2024-07-02
S04242,C03861,monthly,2024-12-20,3,active,2024-12-20
S04243,C03862,annual,2025-01-28,11,active,2025-01-28
S04244,C03863,annual,2025-05-05,129,active,2025-05-05
S04245,C03864,monthly,2025-05-27,24,active,2025-05-27
S04246,C03865,monthly,2024-09-24,3,active,2024-09-24
S04247,C03866,monthly,2026-04-20,3,active,2026-04-20
S04248,C03867,monthly,2025-01-14,11,active,2025-01-14
S04249,C03868,annual,2026-05-19,28,active,2026-05-19
S04250,C03868,annual,2026-06-27,24,active,2026-06-27
S04251,C03869,annual,2025-10-25,0,cancelled,2026-03-15
S04252,C03870,annual,2024-12-04,9,active,2024-12-04
S04253,C03871,annual,2025-02-05,4,active,2025-02-05
S04254,C03872,monthly,2025-07-04,0,cancelled,2025-07-26
S04255,C03873,monthly,2025-04-26,27,active,2025-04-26
S04256,C03874,annual,2025-08-27,7,active,2025-08-27
S04257,C03875,monthly,2025-05-31,9,active,2025-05-31
S04258,C03875,annual,2025-12-12,0,cancelled,2026-04-08
S04259,C03876,monthly,2025-09-14,2,active,2025-09-14
S04260,C03877,monthly,2026-03-25,1,active,2026-03-25
S04261,C03878,annual,2025-03-05,10,active,2025-03-05
S04262,C03879,annual,2024-07-24,0,cancelled,2025-10-19
S04263,C03880,monthly,2025-12-14,9,active,2025-12-14
S04264,C03881,monthly,2026-01-29,8,active,2026-01-29
S04265,C03882,monthly,2025-04-22,0,cancelled,2025-05-24
S04266,C03883,monthly,2026-04-19,3,active,2026-04-19
S04267,C03884,monthly,2025-04-06,2,active,2025-04-06
S04268,C03884,monthly,2025-10-01,10,active,2025-10-01
S04269,C03885,monthly,2025-09-24,0,cancelled,2026-01-04
S04270,C03886,monthly,2026-04-06,43,active,2026-04-06
S04271,C03887,annual,2025-11-03,10,active,2025-11-03
S04272,C03888,annual,2024-10-25,5,active,2024-10-25
S04273,C03888,annual,2026-05-12,33,active,2026-05-12
S04274,C03889,monthly,2025-09-08,4,active,2025-09-08
S04275,C03889,monthly,2026-05-10,1,active,2026-05-10
S04276,C03890,annual,2024-12-12,5,active,2024-12-12
S04277,C03891,annual,2024-09-07,3,active,2024-09-07
S04278,C03892,monthly,2024-08-29,20,active,2024-08-29
S04279,C03893,annual,2026-05-04,26,active,2026-05-04
S04280,C03893,annual,2026-06-11,7,active,2026-06-11
S04281,C03894,monthly,2025-08-08,0,cancelled,2026-06-20
S04282,C03895,monthly,2025-12-13,1,active,2025-12-13
S04283,C03896,monthly,2024-09-10,24,active,2024-09-10
S04284,C03897,monthly,2024-11-07,51,active,2024-11-07
S04285,C03898,annual,2025-07-03,8,active,2025-07-03
S04286,C03899,monthly,2026-05-17,10,active,2026-05-17
S04287,C03900,monthly,2026-01-02,7,active,2026-01-02
S04288,C03901,annual,2026-02-08,11,active,2026-02-08
S04289,C03902,annual,2025-07-27,3,active,2025-07-27
S04290,C03903,monthly,2025-02-24,10,active,2025-02-24
S04291,C03904,annual,2025-06-22,13,active,2025-06-22
S04292,C03905,monthly,2025-11-17,23,active,2025-11-17
S04293,C03906,annual,2024-12-29,12,active,2024-12-29
S04294,C03906,annual,2025-07-23,6,active,2025-07-23
S04295,C03907,annual,2026-03-21,3,active,2026-03-21
S04296,C03907,annual,2026-04-23,9,active,2026-04-23
S04297,C03908,monthly,2025-12-17,8,active,2025-12-17
S04298,C03909,monthly,2025-04-22,9,active,2025-04-22
S04299,C03910,monthly,2025-04-03,3,active,2025-04-03
S04300,C03911,annual,2026-05-18,4,active,2026-05-18
S04301,C03912,annual,2025-10-31,9,active,2025-10-31
S04302,C03913,monthly,2026-03-13,15,active,2026-03-13
S04303,C03914,annual,2026-01-29,12,active,2026-01-29
S04304,C03915,annual,2026-02-24,26,active,2026-02-24
S04305,C03916,annual,2024-10-24,1,active,2024-10-24
S04306,C03916,annual,2025-01-13,6,active,2025-01-13
S04307,C03917,monthly,2026-03-10,8,active,2026-03-10
S04308,C03918,annual,2026-03-17,3,active,2026-03-17
S04309,C03919,monthly,2026-04-19,1,active,2026-04-19
S04310,C03920,monthly,2024-11-30,5,active,2024-11-30
S04311,C03921,annual,2026-05-18,6,active,2026-05-18
S04312,C03922,annual,2025-01-01,13,active,2025-01-01
S04313,C03923,annual,2026-03-19,37,active,2026-03-19
S04314,C03924,monthly,2026-06-17,2,active,2026-06-17
S04315,C03925,annual,2024-11-22,2,active,2024-11-22
S04316,C03926,annual,2025-04-18,2,active,2025-04-18
S04317,C03927,monthly,2025-07-28,0,cancelled,2025-08-25
S04318,C03928,annual,2025-08-11,5,active,2025-08-11
S04319,C03929,monthly,2025-07-08,0,cancelled,2026-06-24
S04320,C03930,monthly,2026-05-22,11,active,2026-05-22
S04321,C03931,monthly,2025-02-08,13,active,2025-02-08
S04322,C03932,annual,2026-05-12,5,active,2026-05-12
S04323,C03932,annual,2026-06-20,0,cancelled,2026-06-22
S04324,C03933,annual,2024-09-14,44,active,2024-09-14
S04325,C03934,annual,2025-05-25,30,active,2025-05-25
S04326,C03935,annual,2026-03-31,5,active,2026-03-31
S04327,C03936,monthly,2024-08-30,14,active,2024-08-30
S04328,C03937,annual,2025-05-10,0,cancelled,2026-02-08
S04329,C03938,monthly,2025-10-26,38,active,2025-10-26
S04330,C03939,annual,2025-10-10,7,active,2025-10-10
S04331,C03940,monthly,2026-01-02,1,active,2026-01-02
S04332,C03941,annual,2024-08-28,1,active,2024-08-28
S04333,C03942,monthly,2024-12-08,2,active,2024-12-08
S04334,C03943,annual,2026-03-10,2,active,2026-03-10
S04335,C03943,annual,2026-06-05,2,active,2026-06-05
S04336,C03944,annual,2025-01-02,14,active,2025-01-02
S04337,C03945,annual,2024-10-15,1,active,2024-10-15
S04338,C03946,annual,2024-11-23,11,active,2024-11-23
S04339,C03947,monthly,2025-04-12,4,active,2025-04-12
S04340,C03948,monthly,2025-09-25,9,active,2025-09-25
S04341,C03949,annual,2024-12-14,112,active,2024-12-14
S04342,C03950,annual,2024-11-04,5,active,2024-11-04
S04343,C03951,monthly,2025-07-06,4,active,2025-07-06
S04344,C03952,monthly,2026-05-16,50,active,2026-05-16
S04345,C03953,annual,2025-03-20,4,active,2025-03-20
S04346,C03954,annual,2024-12-03,10,active,2024-12-03
S04347,C03954,annual,2026-02-04,8,active,2026-02-04
S04348,C03955,monthly,2025-06-24,0,cancelled,2026-05-24
S04349,C03956,annual,2025-07-11,0,cancelled,2026-03-11
S04350,C03957,annual,2025-01-14,4,active,2025-01-14
S04351,C03958,annual,2024-07-07,0,cancelled,2025-08-14
S04352,C03959,annual,2025-05-23,6,active,2025-05-23
S04353,C03960,monthly,2024-08-27,5,active,2024-08-27
S04354,C03961,annual,2026-04-09,5,active,2026-04-09
S04355,C03962,annual,2024-09-13,0,cancelled,2025-07-25
S04356,C03963,annual,2024-10-09,0,cancelled,2025-03-07
S04357,C03964,monthly,2025-10-17,17,active,2025-10-17
S04358,C03965,monthly,2025-07-03,0,cancelled,2025-11-03
S04359,C03966,monthly,2026-04-23,25,active,2026-04-23
S04360,C03967,monthly,2025-01-13,4,active,2025-01-13
S04361,C03968,annual,2024-07-17,1,active,2024-07-17
S04362,C03969,annual,2024-12-14,0,cancelled,2025-03-23
S04363,C03970,annual,2025-01-28,125,active,2025-01-28
S04364,C03971,annual,2024-12-09,0,cancelled,2025-05-28
S04365,C03971,annual,2026-01-31,9,active,2026-01-31
S04366,C03972,annual,2024-08-31,10,active,2024-08-31
S04367,C03973,annual,2026-04-03,4,active,2026-04-03
S04368,C03974,annual,2025-08-06,15,active,2025-08-06
S04369,C03975,annual,2026-04-28,3,active,2026-04-28
S04370,C03975,monthly,2026-06-26,5,active,2026-06-26
S04371,C03976,annual,2024-12-31,12,active,2024-12-31
S04372,C03977,annual,2025-12-16,7,active,2025-12-16
S04373,C03978,annual,2024-12-26,15,active,2024-12-26
S04374,C03979,annual,2025-11-27,1,active,2025-11-27
S04375,C03980,annual,2025-03-09,59,active,2025-03-09
S04376,C03981,annual,2025-11-22,10,active,2025-11-22
S04377,C03982,annual,2026-03-07,3,active,2026-03-07
S04378,C03983,annual,2025-06-25,14,active,2025-06-25
S04379,C03984,monthly,2025-11-15,3,active,2025-11-15
S04380,C03985,annual,2024-11-27,112,active,2024-11-27
S04381,C03985,annual,2026-03-14,31,active,2026-03-14
S04382,C03986,annual,2025-06-10,28,active,2025-06-10
S04383,C03987,annual,2025-12-04,6,active,2025-12-04
S04384,C03988,annual,2026-05-30,3,active,2026-05-30
S04385,C03989,monthly,2024-07-26,14,active,2024-07-26
S04386,C03990,annual,2024-07-09,27,active,2024-07-09
S04387,C03991,monthly,2024-11-01,18,active,2024-11-01
S04388,C03992,monthly,2026-05-25,1,active,2026-05-25
S04389,C03993,monthly,2025-01-19,21,active,2025-01-19
S04390,C03994,monthly,2024-09-04,19,active,2024-09-04
S04391,C03995,monthly,2024-10-09,15,active,2024-10-09
S04392,C03996,monthly,2025-07-17,0,cancelled,2026-03-02
S04393,C03996,annual,2025-11-26,43,active,2025-11-26
S04394,C03997,monthly,2026-04-25,22,active,2026-04-25
S04395,C03998,annual,2024-11-19,0,cancelled,2025-09-27
S04396,C03999,annual,2025-11-18,11,active,2025-11-18
S04397,C04000,monthly,2025-07-28,34,active,2025-07-28
